<annotation>
    <folder></folder>
    <filename>frame_000081</filename>
    <path></path>
    <source>
        <database>Unknown</database>
    </source>
    <size>
        <width>1280</width>
        <height>720</height>
        <depth>3</depth>
    </size>
    <segmented>0</segmented>
    <object>
        <name>player</name>
        <pose>Unspecified</pose>
        <truncated>0</truncated>
        <difficult>0</difficult>
        <bndbox>
            <xmin>79.02580915178571</xmin>
            <ymin>452.1923828125</ymin>
            <xmax>153.9011997767861</xmax>
            <ymax>550.7347656250004</ymax>
        </bndbox>
    </object>    <object>
        <name>player</name>
        <pose>Unspecified</pose>
        <truncated>0</truncated>
        <difficult>0</difficult>
        <bndbox>
            <xmin>1027.2162024456522</xmin>
            <ymin>620.3721552309783</ymin>
            <xmax>1110.7568274456537</xmax>
            <ymax>720.0</ymax>
        </bndbox>
    </object>    <object>
        <name>player</name>
        <pose>Unspecified</pose>
        <truncated>0</truncated>
        <difficult>0</difficult>
        <bndbox>
            <xmin>952.364676339286</xmin>
            <ymin>398.07212611607144</ymin>
            <xmax>1048.872732581855</xmax>
            <ymax>525.6837174883547</ymax>
        </bndbox>
    </object>    <object>
        <name>keeper</name>
        <pose>Unspecified</pose>
        <truncated>0</truncated>
        <difficult>0</difficult>
        <bndbox>
            <xmin>461.3777598505435</xmin>
            <ymin>271.6590098505435</ymin>
            <xmax>537.7217391304355</xmax>
            <ymax>355.1304347826097</ymax>
        </bndbox>
    </object>    <object>
        <name>player</name>
        <pose>Unspecified</pose>
        <truncated>0</truncated>
        <difficult>0</difficult>
        <bndbox>
            <xmin>499.62234933035717</xmin>
            <ymin>273.8950892857143</ymin>
            <xmax>546.0857142857146</xmax>
            <ymax>377.4571428571435</ymax>
        </bndbox>
    </object>    <object>
        <name>player</name>
        <pose>Unspecified</pose>
        <truncated>0</truncated>
        <difficult>0</difficult>
        <bndbox>
            <xmin>591.3699218750002</xmin>
            <ymin>331.54017857142856</ymin>
            <xmax>664.4759107317246</xmax>
            <ymax>439.228571428572</ymax>
        </bndbox>
    </object>    <object>
        <name>player</name>
        <pose>Unspecified</pose>
        <truncated>0</truncated>
        <difficult>0</difficult>
        <bndbox>
            <xmin>223.81668526785714</xmin>
            <ymin>460.16768973214283</ymin>
            <xmax>317.7681919642863</xmax>
            <ymax>593.0893973214289</ymax>
        </bndbox>
    </object>    <object>
        <name>player</name>
        <pose>Unspecified</pose>
        <truncated>0</truncated>
        <difficult>0</difficult>
        <bndbox>
            <xmin>336.7066127232143</xmin>
            <ymin>265.4253627232143</ymin>
            <xmax>411.8285714285721</xmax>
            <ymax>374.485714285715</ymax>
        </bndbox>
    </object>    <object>
        <name>player</name>
        <pose>Unspecified</pose>
        <truncated>0</truncated>
        <difficult>0</difficult>
        <bndbox>
            <xmin>312.7138671875</xmin>
            <ymin>365.3480747767857</ymin>
            <xmax>389.2574776785711</xmax>
            <ymax>486.961665126256</ymax>
        </bndbox>
    </object>    <object>
        <name>player</name>
        <pose>Unspecified</pose>
        <truncated>0</truncated>
        <difficult>0</difficult>
        <bndbox>
            <xmin>244.08347486413044</xmin>
            <ymin>270.86689028532606</ymin>
            <xmax>311.61834584111847</xmax>
            <ymax>386.63899456521744</ymax>
        </bndbox>
    </object>
</annotation>
