<annotation>
    <folder></folder>
    <filename>frame_000217</filename>
    <path></path>
    <source>
        <database>Unknown</database>
    </source>
    <size>
        <width>1280</width>
        <height>720</height>
        <depth>3</depth>
    </size>
    <segmented>0</segmented>
    <object>
        <name>player</name>
        <pose>Unspecified</pose>
        <truncated>0</truncated>
        <difficult>0</difficult>
        <bndbox>
            <xmin>60.87967722039474</xmin>
            <ymin>300.4085629111842</ymin>
            <xmax>127.34276315789583</xmax>
            <ymax>426.7720394736853</ymax>
        </bndbox>
    </object>    <object>
        <name>keeper</name>
        <pose>Unspecified</pose>
        <truncated>0</truncated>
        <difficult>0</difficult>
        <bndbox>
            <xmin>495.6747018914474</xmin>
            <ymin>276.5029296875</ymin>
            <xmax>591.1713815789489</xmax>
            <ymax>371.8000000000011</ymax>
        </bndbox>
    </object>    <object>
        <name>player</name>
        <pose>Unspecified</pose>
        <truncated>0</truncated>
        <difficult>0</difficult>
        <bndbox>
            <xmin>1023.0070929276316</xmin>
            <ymin>255.81506990131578</ymin>
            <xmax>1100.3368421052633</xmax>
            <ymax>361.0315789473694</ymax>
        </bndbox>
    </object>    <object>
        <name>player</name>
        <pose>Unspecified</pose>
        <truncated>0</truncated>
        <difficult>0</difficult>
        <bndbox>
            <xmin>1074.8332134046052</xmin>
            <ymin>555.6285978618421</ymin>
            <xmax>1207.3368421052628</xmax>
            <ymax>713.0618523848685</ymax>
        </bndbox>
    </object>    <object>
        <name>player</name>
        <pose>Unspecified</pose>
        <truncated>0</truncated>
        <difficult>0</difficult>
        <bndbox>
            <xmin>336.21229440789506</xmin>
            <ymin>438.6537314967105</ymin>
            <xmax>427.01532400030834</xmax>
            <ymax>578.3315789473689</ymax>
        </bndbox>
    </object>    <object>
        <name>player</name>
        <pose>Unspecified</pose>
        <truncated>0</truncated>
        <difficult>0</difficult>
        <bndbox>
            <xmin>135.87694284539535</xmin>
            <ymin>301.9205900493421</ymin>
            <xmax>232.9701009649979</xmax>
            <ymax>414.96589226973714</ymax>
        </bndbox>
    </object>    <object>
        <name>player</name>
        <pose>Unspecified</pose>
        <truncated>0</truncated>
        <difficult>0</difficult>
        <bndbox>
            <xmin>569.9434107730264</xmin>
            <ymin>342.51932565789474</ymin>
            <xmax>661.02105263158</xmax>
            <ymax>487.5789473684217</ymax>
        </bndbox>
    </object>    <object>
        <name>player</name>
        <pose>Unspecified</pose>
        <truncated>0</truncated>
        <difficult>0</difficult>
        <bndbox>
            <xmin>354.71664268092104</xmin>
            <ymin>265.89566200657896</ymin>
            <xmax>426.25674406352806</xmax>
            <ymax>375.67894736842123</ymax>
        </bndbox>
    </object>
</annotation>
