<annotation>
    <folder></folder>
    <filename>frame_000263</filename>
    <path></path>
    <source>
        <database>Unknown</database>
    </source>
    <size>
        <width>1280</width>
        <height>720</height>
        <depth>3</depth>
    </size>
    <segmented>0</segmented>
    <object>
        <name>player</name>
        <pose>Unspecified</pose>
        <truncated>0</truncated>
        <difficult>0</difficult>
        <bndbox>
            <xmin>57.30000000000057</xmin>
            <ymin>315.31236049107144</ymin>
            <xmax>118.24023491995675</xmax>
            <ymax>415.91428571428617</ymax>
        </bndbox>
    </object>    <object>
        <name>keeper</name>
        <pose>Unspecified</pose>
        <truncated>0</truncated>
        <difficult>0</difficult>
        <bndbox>
            <xmin>372.81459263392856</xmin>
            <ymin>278.4917689732143</ymin>
            <xmax>433.41428571428617</xmax>
            <ymax>396.01428571428653</ymax>
        </bndbox>
    </object>    <object>
        <name>player</name>
        <pose>Unspecified</pose>
        <truncated>0</truncated>
        <difficult>0</difficult>
        <bndbox>
            <xmin>728.1533203125</xmin>
            <ymin>240.0888671875</ymin>
            <xmax>786.9777343750011</xmax>
            <ymax>323.60000000000036</ymax>
        </bndbox>
    </object>    <object>
        <name>player</name>
        <pose>Unspecified</pose>
        <truncated>0</truncated>
        <difficult>0</difficult>
        <bndbox>
            <xmin>1243.30859375</xmin>
            <ymin>656.6943359375</ymin>
            <xmax>1280.0</xmax>
            <ymax>720.0</ymax>
        </bndbox>
    </object>    <object>
        <name>player</name>
        <pose>Unspecified</pose>
        <truncated>0</truncated>
        <difficult>0</difficult>
        <bndbox>
            <xmin>469.64000000000124</xmin>
            <ymin>425.5044921875</ymin>
            <xmax>559.6936569213867</xmax>
            <ymax>559.8600000000006</ymax>
        </bndbox>
    </object>    <object>
        <name>player</name>
        <pose>Unspecified</pose>
        <truncated>0</truncated>
        <difficult>0</difficult>
        <bndbox>
            <xmin>150.4142857142867</xmin>
            <ymin>272.67368861607144</ymin>
            <xmax>220.76365225655692</xmax>
            <ymax>380.3142857142869</ymax>
        </bndbox>
    </object>    <object>
        <name>player</name>
        <pose>Unspecified</pose>
        <truncated>0</truncated>
        <difficult>0</difficult>
        <bndbox>
            <xmin>470.7294921875</xmin>
            <ymin>317.919921875</ymin>
            <xmax>534.7007812500007</xmax>
            <ymax>447.295033482144</ymax>
        </bndbox>
    </object>    <object>
        <name>player</name>
        <pose>Unspecified</pose>
        <truncated>0</truncated>
        <difficult>0</difficult>
        <bndbox>
            <xmin>288.09972098214297</xmin>
            <ymin>240.38588169642858</ymin>
            <xmax>359.0430799211775</xmax>
            <ymax>335.6857142857147</ymax>
        </bndbox>
    </object>
</annotation>
