<annotation>
    <folder></folder>
    <filename>frame_000376</filename>
    <path></path>
    <source>
        <database>Unknown</database>
    </source>
    <size>
        <width>1280</width>
        <height>720</height>
        <depth>3</depth>
    </size>
    <segmented>0</segmented>
    <object>
        <name>player</name>
        <pose>Unspecified</pose>
        <truncated>0</truncated>
        <difficult>0</difficult>
        <bndbox>
            <xmin>791.7920000000005</xmin>
            <ymin>390.87515625</ymin>
            <xmax>869.0111297607422</xmax>
            <ymax>525.0080000000007</ymax>
        </bndbox>
    </object>    <object>
        <name>player</name>
        <pose>Unspecified</pose>
        <truncated>0</truncated>
        <difficult>0</difficult>
        <bndbox>
            <xmin>615.3500000000004</xmin>
            <ymin>225.31171875000018</ymin>
            <xmax>690.0519561767578</xmax>
            <ymax>319.00166168212945</ymax>
        </bndbox>
    </object>    <object>
        <name>player</name>
        <pose>Unspecified</pose>
        <truncated>0</truncated>
        <difficult>0</difficult>
        <bndbox>
            <xmin>1167.025659179688</xmin>
            <ymin>476.9491780598958</ymin>
            <xmax>1264.3216072718303</xmax>
            <ymax>633.0000000000013</ymax>
        </bndbox>
    </object>    <object>
        <name>player</name>
        <pose>Unspecified</pose>
        <truncated>0</truncated>
        <difficult>0</difficult>
        <bndbox>
            <xmin>1170.1090494791667</xmin>
            <ymin>274.6212456597222</ymin>
            <xmax>1223.5644444444447</xmax>
            <ymax>383.5533333333347</ymax>
        </bndbox>
    </object>    <object>
        <name>player</name>
        <pose>Unspecified</pose>
        <truncated>0</truncated>
        <difficult>0</difficult>
        <bndbox>
            <xmin>0.14270833333333333</xmin>
            <ymin>313.5922526041667</ymin>
            <xmax>38.82348892211934</xmax>
            <ymax>399.80486765543634</ymax>
        </bndbox>
    </object>    <object>
        <name>player</name>
        <pose>Unspecified</pose>
        <truncated>0</truncated>
        <difficult>0</difficult>
        <bndbox>
            <xmin>426.3212421875006</xmin>
            <ymin>300.9920703125</ymin>
            <xmax>499.01053125000067</xmax>
            <ymax>414.8920000000005</ymax>
        </bndbox>
    </object>    <object>
        <name>player</name>
        <pose>Unspecified</pose>
        <truncated>0</truncated>
        <difficult>0</difficult>
        <bndbox>
            <xmin>119.68974609375073</xmin>
            <ymin>350.8505859375</ymin>
            <xmax>222.38817977905273</xmax>
            <ymax>458.4500000000007</ymax>
        </bndbox>
    </object>
</annotation>
