<annotation>
    <folder></folder>
    <filename>frame_000112</filename>
    <path></path>
    <source>
        <database>Unknown</database>
    </source>
    <size>
        <width>1280</width>
        <height>720</height>
        <depth>3</depth>
    </size>
    <segmented>0</segmented>
    <object>
        <name>ref</name>
        <pose>Unspecified</pose>
        <truncated>0</truncated>
        <difficult>0</difficult>
        <bndbox>
            <xmin>11.6466064453125</xmin>
            <ymin>399.5546875</ymin>
            <xmax>60.475000000000136</xmax>
            <ymax>505.80000000000064</ymax>
        </bndbox>
    </object>    <object>
        <name>player</name>
        <pose>Unspecified</pose>
        <truncated>0</truncated>
        <difficult>0</difficult>
        <bndbox>
            <xmin>98.1083984375</xmin>
            <ymin>427.373046875</ymin>
            <xmax>168.21267089843764</xmax>
            <ymax>537.0183837890638</ymax>
        </bndbox>
    </object>    <object>
        <name>player</name>
        <pose>Unspecified</pose>
        <truncated>0</truncated>
        <difficult>0</difficult>
        <bndbox>
            <xmin>1209.265625</xmin>
            <ymin>458.7158203125</ymin>
            <xmax>1280.0</xmax>
            <ymax>603.2000000000007</ymax>
        </bndbox>
    </object>    <object>
        <name>keeper</name>
        <pose>Unspecified</pose>
        <truncated>0</truncated>
        <difficult>0</difficult>
        <bndbox>
            <xmin>512.119873046875</xmin>
            <ymin>276.5029296875</ymin>
            <xmax>604.332763671875</xmax>
            <ymax>363.2000000000007</ymax>
        </bndbox>
    </object>    <object>
        <name>player</name>
        <pose>Unspecified</pose>
        <truncated>0</truncated>
        <difficult>0</difficult>
        <bndbox>
            <xmin>661.488525390625</xmin>
            <ymin>272.48583984375</ymin>
            <xmax>725.7705566406257</xmax>
            <ymax>373.2096679687511</ymax>
        </bndbox>
    </object>    <object>
        <name>player</name>
        <pose>Unspecified</pose>
        <truncated>0</truncated>
        <difficult>0</difficult>
        <bndbox>
            <xmin>759.8125000000002</xmin>
            <ymin>356.0198974609375</ymin>
            <xmax>860.884108543396</xmax>
            <ymax>471.5125000000012</ymax>
        </bndbox>
    </object>    <object>
        <name>player</name>
        <pose>Unspecified</pose>
        <truncated>0</truncated>
        <difficult>0</difficult>
        <bndbox>
            <xmin>139.251220703125</xmin>
            <ymin>468.0560302734375</ymin>
            <xmax>212.074462890625</xmax>
            <ymax>562.1823974609379</ymax>
        </bndbox>
    </object>    <object>
        <name>player</name>
        <pose>Unspecified</pose>
        <truncated>0</truncated>
        <difficult>0</difficult>
        <bndbox>
            <xmin>432.7818603515625</xmin>
            <ymin>297.2503662109375</ymin>
            <xmax>510.8913574218752</xmax>
            <ymax>404.76728515625086</ymax>
        </bndbox>
    </object>    <object>
        <name>player</name>
        <pose>Unspecified</pose>
        <truncated>0</truncated>
        <difficult>0</difficult>
        <bndbox>
            <xmin>443.0765380859375</xmin>
            <ymin>382.7503662109375</ymin>
            <xmax>517.0875000000012</xmax>
            <ymax>505.3375000000008</ymax>
        </bndbox>
    </object>    <object>
        <name>player</name>
        <pose>Unspecified</pose>
        <truncated>0</truncated>
        <difficult>0</difficult>
        <bndbox>
            <xmin>329.58249511718805</xmin>
            <ymin>290.4237060546875</ymin>
            <xmax>400.773413658143</xmax>
            <ymax>407.1392822265625</ymax>
        </bndbox>
    </object>
</annotation>
