<annotation>
    <folder></folder>
    <filename>frame_000143</filename>
    <path></path>
    <source>
        <database>Unknown</database>
    </source>
    <size>
        <width>1280</width>
        <height>720</height>
        <depth>3</depth>
    </size>
    <segmented>0</segmented>
    <object>
        <name>ref</name>
        <pose>Unspecified</pose>
        <truncated>0</truncated>
        <difficult>0</difficult>
        <bndbox>
            <xmin>42.639973958333336</xmin>
            <ymin>399.5546875</ymin>
            <xmax>96.18235677083369</xmax>
            <ymax>507.8000000000011</ymax>
        </bndbox>
    </object>    <object>
        <name>player</name>
        <pose>Unspecified</pose>
        <truncated>0</truncated>
        <difficult>0</difficult>
        <bndbox>
            <xmin>105.6481657608709</xmin>
            <ymin>398.45337975543475</ymin>
            <xmax>178.52174191682238</xmax>
            <ymax>530.300359443995</ymax>
        </bndbox>
    </object>    <object>
        <name>keeper</name>
        <pose>Unspecified</pose>
        <truncated>0</truncated>
        <difficult>0</difficult>
        <bndbox>
            <xmin>569.9225622106482</xmin>
            <ymin>278.049877025463</ymin>
            <xmax>665.2012442129629</xmax>
            <ymax>365.5799189814822</ymax>
        </bndbox>
    </object>    <object>
        <name>player</name>
        <pose>Unspecified</pose>
        <truncated>0</truncated>
        <difficult>0</difficult>
        <bndbox>
            <xmin>865.7144097222222</xmin>
            <ymin>291.0192057291667</ymin>
            <xmax>925.7140190972236</xmax>
            <ymax>401.3656901041674</ymax>
        </bndbox>
    </object>    <object>
        <name>player</name>
        <pose>Unspecified</pose>
        <truncated>0</truncated>
        <difficult>0</difficult>
        <bndbox>
            <xmin>991.654296875</xmin>
            <ymin>387.64344618055554</ymin>
            <xmax>1068.800000000001</xmax>
            <ymax>525.1555555555561</ymax>
        </bndbox>
    </object>    <object>
        <name>player</name>
        <pose>Unspecified</pose>
        <truncated>0</truncated>
        <difficult>0</difficult>
        <bndbox>
            <xmin>134.40811820652175</xmin>
            <ymin>454.8263417119565</ymin>
            <xmax>220.93610733695752</xmax>
            <ymax>549.9625849184783</ymax>
        </bndbox>
    </object>    <object>
        <name>player</name>
        <pose>Unspecified</pose>
        <truncated>0</truncated>
        <difficult>0</difficult>
        <bndbox>
            <xmin>423.7224392361111</xmin>
            <ymin>339.0910373263889</ymin>
            <xmax>520.4666666666667</xmax>
            <ymax>451.6777777777786</ymax>
        </bndbox>
    </object>    <object>
        <name>player</name>
        <pose>Unspecified</pose>
        <truncated>0</truncated>
        <difficult>0</difficult>
        <bndbox>
            <xmin>584.9486762152778</xmin>
            <ymin>392.9543185763889</ymin>
            <xmax>650.1888888888898</xmax>
            <ymax>532.1555555555569</ymax>
        </bndbox>
    </object>    <object>
        <name>player</name>
        <pose>Unspecified</pose>
        <truncated>0</truncated>
        <difficult>0</difficult>
        <bndbox>
            <xmin>449.6751302083333</xmin>
            <ymin>293.03446180555574</ymin>
            <xmax>521.3555989583341</xmax>
            <ymax>412.977039930555</ymax>
        </bndbox>
    </object>
</annotation>
