<annotation>
    <folder></folder>
    <filename>frame_000483</filename>
    <path></path>
    <source>
        <database>Unknown</database>
    </source>
    <size>
        <width>1280</width>
        <height>720</height>
        <depth>3</depth>
    </size>
    <segmented>0</segmented>
    <object>
        <name>player</name>
        <pose>Unspecified</pose>
        <truncated>0</truncated>
        <difficult>0</difficult>
        <bndbox>
            <xmin>682.91171875</xmin>
            <ymin>249.0793359375</ymin>
            <xmax>743.3440000000014</xmax>
            <ymax>342.2880000000004</ymax>
        </bndbox>
    </object>    <object>
        <name>player</name>
        <pose>Unspecified</pose>
        <truncated>0</truncated>
        <difficult>0</difficult>
        <bndbox>
            <xmin>171.38775781250035</xmin>
            <ymin>223.5103515625</ymin>
            <xmax>231.1496734008789</xmax>
            <ymax>308.17109375000143</ymax>
        </bndbox>
    </object>    <object>
        <name>player</name>
        <pose>Unspecified</pose>
        <truncated>0</truncated>
        <difficult>0</difficult>
        <bndbox>
            <xmin>1083.5439453125</xmin>
            <ymin>379.7837109375</ymin>
            <xmax>1144.488000000001</xmax>
            <ymax>505.4840000000007</ymax>
        </bndbox>
    </object>    <object>
        <name>player</name>
        <pose>Unspecified</pose>
        <truncated>0</truncated>
        <difficult>0</difficult>
        <bndbox>
            <xmin>942.809375</xmin>
            <ymin>257.13890625</ymin>
            <xmax>992.7440000000004</xmax>
            <ymax>341.4720000000014</ymax>
        </bndbox>
    </object>    <object>
        <name>player</name>
        <pose>Unspecified</pose>
        <truncated>0</truncated>
        <difficult>0</difficult>
        <bndbox>
            <xmin>230.42850781250104</xmin>
            <ymin>259.729375</ymin>
            <xmax>267.0961257324219</xmax>
            <ymax>381.5720000000004</ymax>
        </bndbox>
    </object>    <object>
        <name>player</name>
        <pose>Unspecified</pose>
        <truncated>0</truncated>
        <difficult>0</difficult>
        <bndbox>
            <xmin>236.59411764705916</xmin>
            <ymin>528.1552734375</ymin>
            <xmax>349.2723806044635</xmax>
            <ymax>684.5411764705887</ymax>
        </bndbox>
    </object>    <object>
        <name>ref</name>
        <pose>Unspecified</pose>
        <truncated>0</truncated>
        <difficult>0</difficult>
        <bndbox>
            <xmin>1056.12546875</xmin>
            <ymin>190.2635546875</ymin>
            <xmax>1113.5880000000013</xmax>
            <ymax>283.4</ymax>
        </bndbox>
    </object>    <object>
        <name>player</name>
        <pose>Unspecified</pose>
        <truncated>0</truncated>
        <difficult>0</difficult>
        <bndbox>
            <xmin>512.1720000000007</xmin>
            <ymin>218.5287109375</ymin>
            <xmax>553.2844256591796</xmax>
            <ymax>322.40000000000146</ymax>
        </bndbox>
    </object>    <object>
        <name>player</name>
        <pose>Unspecified</pose>
        <truncated>0</truncated>
        <difficult>0</difficult>
        <bndbox>
            <xmin>359.8120000000007</xmin>
            <ymin>377.5184765625</ymin>
            <xmax>428.2278939819336</xmax>
            <ymax>499.8720000000004</ymax>
        </bndbox>
    </object>
</annotation>
