<annotation>
    <folder></folder>
    <filename>frame_000165</filename>
    <path></path>
    <source>
        <database>Unknown</database>
    </source>
    <size>
        <width>1280</width>
        <height>720</height>
        <depth>3</depth>
    </size>
    <segmented>0</segmented>
    <object>
        <name>ref</name>
        <pose>Unspecified</pose>
        <truncated>0</truncated>
        <difficult>0</difficult>
        <bndbox>
            <xmin>49.96495225694444</xmin>
            <ymin>400.0074869791667</ymin>
            <xmax>103.5073350694448</xmax>
            <ymax>508.2527994791678</ymax>
        </bndbox>
    </object>    <object>
        <name>player</name>
        <pose>Unspecified</pose>
        <truncated>0</truncated>
        <difficult>0</difficult>
        <bndbox>
            <xmin>114.3017578125</xmin>
            <ymin>358.6787109375</ymin>
            <xmax>198.07777777777787</xmax>
            <ymax>486.26666666666705</ymax>
        </bndbox>
    </object>    <object>
        <name>keeper</name>
        <pose>Unspecified</pose>
        <truncated>0</truncated>
        <difficult>0</difficult>
        <bndbox>
            <xmin>589.46923828125</xmin>
            <ymin>273.726806640625</ymin>
            <xmax>693.0577765213816</xmax>
            <ymax>363.92029965049414</ymax>
        </bndbox>
    </object>    <object>
        <name>player</name>
        <pose>Unspecified</pose>
        <truncated>0</truncated>
        <difficult>0</difficult>
        <bndbox>
            <xmin>1002.0833333333334</xmin>
            <ymin>292.5657552083333</ymin>
            <xmax>1076.4511718750011</xmax>
            <ymax>410.8610677083343</ymax>
        </bndbox>
    </object>    <object>
        <name>player</name>
        <pose>Unspecified</pose>
        <truncated>0</truncated>
        <difficult>0</difficult>
        <bndbox>
            <xmin>1108.1516927083333</xmin>
            <ymin>429.29210069444446</ymin>
            <xmax>1189.944444444446</xmax>
            <ymax>581.6111111111121</ymax>
        </bndbox>
    </object>    <object>
        <name>player</name>
        <pose>Unspecified</pose>
        <truncated>0</truncated>
        <difficult>0</difficult>
        <bndbox>
            <xmin>198.07773437500055</xmin>
            <ymin>438.9870117187502</ymin>
            <xmax>283.5393577575687</xmax>
            <ymax>560.9524471282962</ymax>
        </bndbox>
    </object>    <object>
        <name>player</name>
        <pose>Unspecified</pose>
        <truncated>0</truncated>
        <difficult>0</difficult>
        <bndbox>
            <xmin>339.7142361111112</xmin>
            <ymin>348.3722873263889</ymin>
            <xmax>407.39830763075184</xmax>
            <ymax>466.01111111111175</ymax>
        </bndbox>
    </object>    <object>
        <name>player</name>
        <pose>Unspecified</pose>
        <truncated>0</truncated>
        <difficult>0</difficult>
        <bndbox>
            <xmin>661.2243923611111</xmin>
            <ymin>390.09917534722223</ymin>
            <xmax>757.0666666666681</xmax>
            <ymax>529.7000000000012</ymax>
        </bndbox>
    </object>    <object>
        <name>player</name>
        <pose>Unspecified</pose>
        <truncated>0</truncated>
        <difficult>0</difficult>
        <bndbox>
            <xmin>501.4381510416667</xmin>
            <ymin>296.2470703125</ymin>
            <xmax>592.5111111111122</xmax>
            <ymax>408.3444444444455</ymax>
        </bndbox>
    </object>
</annotation>
