<annotation>
    <folder></folder>
    <filename>frame_000071</filename>
    <path></path>
    <source>
        <database>Unknown</database>
    </source>
    <size>
        <width>1280</width>
        <height>720</height>
        <depth>3</depth>
    </size>
    <segmented>0</segmented>
    <object>
        <name>player</name>
        <pose>Unspecified</pose>
        <truncated>0</truncated>
        <difficult>0</difficult>
        <bndbox>
            <xmin>81.1875</xmin>
            <ymin>457.6806640625</ymin>
            <xmax>156.06289062500036</xmax>
            <ymax>556.2230468750004</ymax>
        </bndbox>
    </object>    <object>
        <name>player</name>
        <pose>Unspecified</pose>
        <truncated>0</truncated>
        <difficult>0</difficult>
        <bndbox>
            <xmin>974.1336616847826</xmin>
            <ymin>615.2502972146739</ymin>
            <xmax>1057.674286684784</xmax>
            <ymax>720.0</ymax>
        </bndbox>
    </object>    <object>
        <name>player</name>
        <pose>Unspecified</pose>
        <truncated>0</truncated>
        <difficult>0</difficult>
        <bndbox>
            <xmin>913.0263671875</xmin>
            <ymin>380.7109375</ymin>
            <xmax>1004.4046693221371</xmax>
            <ymax>500.8930112092403</ymax>
        </bndbox>
    </object>    <object>
        <name>keeper</name>
        <pose>Unspecified</pose>
        <truncated>0</truncated>
        <difficult>0</difficult>
        <bndbox>
            <xmin>471.6214758831522</xmin>
            <ymin>270.2621008831522</ymin>
            <xmax>554.0260869565225</xmax>
            <ymax>350.9565217391313</ymax>
        </bndbox>
    </object>    <object>
        <name>player</name>
        <pose>Unspecified</pose>
        <truncated>0</truncated>
        <difficult>0</difficult>
        <bndbox>
            <xmin>463.7685546875</xmin>
            <ymin>278.0859375</ymin>
            <xmax>511.3000000000011</xmax>
            <ymax>378.10000000000036</ymax>
        </bndbox>
    </object>    <object>
        <name>player</name>
        <pose>Unspecified</pose>
        <truncated>0</truncated>
        <difficult>0</difficult>
        <bndbox>
            <xmin>565.2000000000007</xmin>
            <ymin>324.5556640625</ymin>
            <xmax>641.6656875610352</xmax>
            <ymax>425.8000000000011</ymax>
        </bndbox>
    </object>    <object>
        <name>player</name>
        <pose>Unspecified</pose>
        <truncated>0</truncated>
        <difficult>0</difficult>
        <bndbox>
            <xmin>277.2646484375</xmin>
            <ymin>450.8212890625</ymin>
            <xmax>391.9386718750011</xmax>
            <ymax>586.8128906250004</ymax>
        </bndbox>
    </object>    <object>
        <name>player</name>
        <pose>Unspecified</pose>
        <truncated>0</truncated>
        <difficult>0</difficult>
        <bndbox>
            <xmin>313.724609375</xmin>
            <ymin>261.8330078125</ymin>
            <xmax>397.40000000000146</xmax>
            <ymax>367.7000000000007</ymax>
        </bndbox>
    </object>    <object>
        <name>player</name>
        <pose>Unspecified</pose>
        <truncated>0</truncated>
        <difficult>0</difficult>
        <bndbox>
            <xmin>291.361328125</xmin>
            <ymin>354.638671875</ymin>
            <xmax>371.7000000000007</xmax>
            <ymax>472.40000000000146</ymax>
        </bndbox>
    </object>    <object>
        <name>player</name>
        <pose>Unspecified</pose>
        <truncated>0</truncated>
        <difficult>0</difficult>
        <bndbox>
            <xmin>238.49626358695653</xmin>
            <ymin>264.8139011548913</ymin>
            <xmax>300.91421044391103</xmax>
            <ymax>378.2364809782611</ymax>
        </bndbox>
    </object>
</annotation>
