<annotation>
    <folder></folder>
    <filename>frame_000140</filename>
    <path></path>
    <source>
        <database>Unknown</database>
    </source>
    <size>
        <width>1280</width>
        <height>720</height>
        <depth>3</depth>
    </size>
    <segmented>0</segmented>
    <object>
        <name>ref</name>
        <pose>Unspecified</pose>
        <truncated>0</truncated>
        <difficult>0</difficult>
        <bndbox>
            <xmin>41.806966145833336</xmin>
            <ymin>399.5546875</ymin>
            <xmax>95.34934895833369</xmax>
            <ymax>507.8000000000011</ymax>
        </bndbox>
    </object>    <object>
        <name>player</name>
        <pose>Unspecified</pose>
        <truncated>0</truncated>
        <difficult>0</difficult>
        <bndbox>
            <xmin>106.77041440217505</xmin>
            <ymin>401.53286345108694</ymin>
            <xmax>178.10435021441924</xmax>
            <ymax>530.300308094853</ymax>
        </bndbox>
    </object>    <object>
        <name>keeper</name>
        <pose>Unspecified</pose>
        <truncated>0</truncated>
        <difficult>0</difficult>
        <bndbox>
            <xmin>567.0666594328703</xmin>
            <ymin>278.7638527199074</ymin>
            <xmax>661.0314308449074</xmax>
            <ymax>365.9369068287044</ymax>
        </bndbox>
    </object>    <object>
        <name>player</name>
        <pose>Unspecified</pose>
        <truncated>0</truncated>
        <difficult>0</difficult>
        <bndbox>
            <xmin>847.1512586805555</xmin>
            <ymin>290.3053385416667</ymin>
            <xmax>907.150868055557</xmax>
            <ymax>400.6518229166674</ymax>
        </bndbox>
    </object>    <object>
        <name>player</name>
        <pose>Unspecified</pose>
        <truncated>0</truncated>
        <difficult>0</difficult>
        <bndbox>
            <xmin>972.376953125</xmin>
            <ymin>384.0734592013889</ymin>
            <xmax>1046.300000000001</xmax>
            <ymax>519.0888888888892</ymax>
        </bndbox>
    </object>    <object>
        <name>player</name>
        <pose>Unspecified</pose>
        <truncated>0</truncated>
        <difficult>0</difficult>
        <bndbox>
            <xmin>133.57010020380434</xmin>
            <ymin>455.6644870923913</ymin>
            <xmax>218.14026834239215</xmax>
            <ymax>550.6564622961957</ymax>
        </bndbox>
    </object>    <object>
        <name>player</name>
        <pose>Unspecified</pose>
        <truncated>0</truncated>
        <difficult>0</difficult>
        <bndbox>
            <xmin>431.21918402777777</xmin>
            <ymin>336.59233940972223</ymin>
            <xmax>528.6666666666669</xmax>
            <ymax>447.7444444444449</ymax>
        </bndbox>
    </object>    <object>
        <name>player</name>
        <pose>Unspecified</pose>
        <truncated>0</truncated>
        <difficult>0</difficult>
        <bndbox>
            <xmin>572.4542100694445</xmin>
            <ymin>392.59722222222223</ymin>
            <xmax>635.9222222222234</xmax>
            <ymax>531.7888888888901</ymax>
        </bndbox>
    </object>    <object>
        <name>player</name>
        <pose>Unspecified</pose>
        <truncated>0</truncated>
        <difficult>0</difficult>
        <bndbox>
            <xmin>438.2513020833333</xmin>
            <ymin>293.7482638888893</ymin>
            <xmax>509.93177083333404</xmax>
            <ymax>413.6908420138886</ymax>
        </bndbox>
    </object>
</annotation>
