<annotation>
    <folder></folder>
    <filename>frame_000221</filename>
    <path></path>
    <source>
        <database>Unknown</database>
    </source>
    <size>
        <width>1280</width>
        <height>720</height>
        <depth>3</depth>
    </size>
    <segmented>0</segmented>
    <object>
        <name>player</name>
        <pose>Unspecified</pose>
        <truncated>0</truncated>
        <difficult>0</difficult>
        <bndbox>
            <xmin>54.432861328125</xmin>
            <ymin>297.80511474609375</ymin>
            <xmax>120.89594726562609</xmax>
            <ymax>424.16859130859484</ymax>
        </bndbox>
    </object>    <object>
        <name>keeper</name>
        <pose>Unspecified</pose>
        <truncated>0</truncated>
        <difficult>0</difficult>
        <bndbox>
            <xmin>479.72515869140625</xmin>
            <ymin>276.43597412109375</ymin>
            <xmax>575.4874024391188</xmax>
            <ymax>372.8062500000011</ymax>
        </bndbox>
    </object>    <object>
        <name>player</name>
        <pose>Unspecified</pose>
        <truncated>0</truncated>
        <difficult>0</difficult>
        <bndbox>
            <xmin>1007.5415649414062</xmin>
            <ymin>252.538818359375</ymin>
            <xmax>1083.44375</xmax>
            <ymax>355.66250000000105</ymax>
        </bndbox>
    </object>    <object>
        <name>player</name>
        <pose>Unspecified</pose>
        <truncated>0</truncated>
        <difficult>0</difficult>
        <bndbox>
            <xmin>1068.2736206054688</xmin>
            <ymin>567.335205078125</ymin>
            <xmax>1201.0507812499995</xmax>
            <ymax>720.0</ymax>
        </bndbox>
    </object>    <object>
        <name>player</name>
        <pose>Unspecified</pose>
        <truncated>0</truncated>
        <difficult>0</difficult>
        <bndbox>
            <xmin>340.53750000000036</xmin>
            <ymin>437.19879150390625</ymin>
            <xmax>433.3107132911682</xmax>
            <ymax>574.1687500000004</ymax>
        </bndbox>
    </object>    <object>
        <name>player</name>
        <pose>Unspecified</pose>
        <truncated>0</truncated>
        <difficult>0</difficult>
        <bndbox>
            <xmin>122.46250000000077</xmin>
            <ymin>298.855712890625</ymin>
            <xmax>222.46490955352783</xmax>
            <ymax>411.59375000000034</ymax>
        </bndbox>
    </object>    <object>
        <name>player</name>
        <pose>Unspecified</pose>
        <truncated>0</truncated>
        <difficult>0</difficult>
        <bndbox>
            <xmin>552.4487915039062</xmin>
            <ymin>339.10906982421875</ymin>
            <xmax>642.1187500000011</xmax>
            <ymax>483.1937500000007</ymax>
        </bndbox>
    </object>    <object>
        <name>player</name>
        <pose>Unspecified</pose>
        <truncated>0</truncated>
        <difficult>0</difficult>
        <bndbox>
            <xmin>337.35625000000005</xmin>
            <ymin>263.90869140625</ymin>
            <xmax>410.69257855415344</xmax>
            <ymax>374.125</ymax>
        </bndbox>
    </object>
</annotation>
