<annotation>
    <folder></folder>
    <filename>frame_000013</filename>
    <path></path>
    <source>
        <database>Unknown</database>
    </source>
    <size>
        <width>1280</width>
        <height>720</height>
        <depth>3</depth>
    </size>
    <segmented>0</segmented>
    <object>
        <name>player</name>
        <pose>Unspecified</pose>
        <truncated>0</truncated>
        <difficult>0</difficult>
        <bndbox>
            <xmin>153.4163059543919</xmin>
            <ymin>473.6727459881757</ymin>
            <xmax>238.98894900760186</xmax>
            <ymax>588.3108906513938</ymax>
        </bndbox>
    </object>    <object>
        <name>player</name>
        <pose>Unspecified</pose>
        <truncated>0</truncated>
        <difficult>0</difficult>
        <bndbox>
            <xmin>783.7080078125</xmin>
            <ymin>616.958984375</ymin>
            <xmax>902.5845031738281</xmax>
            <ymax>720.0</ymax>
        </bndbox>
    </object>    <object>
        <name>player</name>
        <pose>Unspecified</pose>
        <truncated>0</truncated>
        <difficult>0</difficult>
        <bndbox>
            <xmin>941.9575781250003</xmin>
            <ymin>302.90087890625</ymin>
            <xmax>1016.8544403076172</xmax>
            <ymax>410.63268814086916</ymax>
        </bndbox>
    </object>    <object>
        <name>keeper</name>
        <pose>Unspecified</pose>
        <truncated>0</truncated>
        <difficult>0</difficult>
        <bndbox>
            <xmin>538.88671875</xmin>
            <ymin>273.663671875</ymin>
            <xmax>648.1245803833008</xmax>
            <ymax>370.05001678466795</ymax>
        </bndbox>
    </object>    <object>
        <name>player</name>
        <pose>Unspecified</pose>
        <truncated>0</truncated>
        <difficult>0</difficult>
        <bndbox>
            <xmin>391.9544726562507</xmin>
            <ymin>329.889794921875</ymin>
            <xmax>479.50185813903806</xmax>
            <ymax>457.8338339233401</ymax>
        </bndbox>
    </object>    <object>
        <name>ref</name>
        <pose>Unspecified</pose>
        <truncated>0</truncated>
        <difficult>0</difficult>
        <bndbox>
            <xmin>20.86328125</xmin>
            <ymin>436.2890625</ymin>
            <xmax>71.1983757019043</xmax>
            <ymax>535.8882904052734</ymax>
        </bndbox>
    </object>    <object>
        <name>player</name>
        <pose>Unspecified</pose>
        <truncated>0</truncated>
        <difficult>0</difficult>
        <bndbox>
            <xmin>443.76170898437596</xmin>
            <ymin>313.8248046875</ymin>
            <xmax>517.5739974975586</xmax>
            <ymax>438.1710700225837</ymax>
        </bndbox>
    </object>    <object>
        <name>player</name>
        <pose>Unspecified</pose>
        <truncated>0</truncated>
        <difficult>0</difficult>
        <bndbox>
            <xmin>264.64286132812595</xmin>
            <ymin>372.1826953125007</ymin>
            <xmax>372.08371505737307</xmax>
            <ymax>494.44799118041993</ymax>
        </bndbox>
    </object>    <object>
        <name>player</name>
        <pose>Unspecified</pose>
        <truncated>0</truncated>
        <difficult>0</difficult>
        <bndbox>
            <xmin>265.31005859375</xmin>
            <ymin>264.185009765625</ymin>
            <xmax>346.6842444610603</xmax>
            <ymax>374.0548484039314</ymax>
        </bndbox>
    </object>    <object>
        <name>player</name>
        <pose>Unspecified</pose>
        <truncated>0</truncated>
        <difficult>0</difficult>
        <bndbox>
            <xmin>231.06183593750046</xmin>
            <ymin>325.978955078125</ymin>
            <xmax>312.5844228363038</xmax>
            <ymax>457.52548828125146</ymax>
        </bndbox>
    </object>    <object>
        <name>player</name>
        <pose>Unspecified</pose>
        <truncated>0</truncated>
        <difficult>0</difficult>
        <bndbox>
            <xmin>211.02220703125096</xmin>
            <ymin>280.356884765625</ymin>
            <xmax>273.1273162841797</xmax>
            <ymax>389.0873635101323</ymax>
        </bndbox>
    </object>
</annotation>
