<annotation>
    <folder></folder>
    <filename>frame_000196</filename>
    <path></path>
    <source>
        <database>Unknown</database>
    </source>
    <size>
        <width>1280</width>
        <height>720</height>
        <depth>3</depth>
    </size>
    <segmented>0</segmented>
    <object>
        <name>ref</name>
        <pose>Unspecified</pose>
        <truncated>0</truncated>
        <difficult>0</difficult>
        <bndbox>
            <xmin>23.976806640625</xmin>
            <ymin>411.662353515625</ymin>
            <xmax>77.51918945312536</xmax>
            <ymax>519.9076660156261</ymax>
        </bndbox>
    </object>    <object>
        <name>player</name>
        <pose>Unspecified</pose>
        <truncated>0</truncated>
        <difficult>0</difficult>
        <bndbox>
            <xmin>96.869140625</xmin>
            <ymin>320.3623046875</ymin>
            <xmax>168.150000000001</xmax>
            <ymax>445.1250000000009</ymax>
        </bndbox>
    </object>    <object>
        <name>keeper</name>
        <pose>Unspecified</pose>
        <truncated>0</truncated>
        <difficult>0</difficult>
        <bndbox>
            <xmin>565.8844992897727</xmin>
            <ymin>276.56685014204544</ymin>
            <xmax>662.5050482206949</xmax>
            <ymax>371.1550902736254</ymax>
        </bndbox>
    </object>    <object>
        <name>player</name>
        <pose>Unspecified</pose>
        <truncated>0</truncated>
        <difficult>0</difficult>
        <bndbox>
            <xmin>1081.1635298295455</xmin>
            <ymin>272.89897017045456</ymin>
            <xmax>1161.074735190652</xmax>
            <ymax>386.68504971590943</ymax>
        </bndbox>
    </object>    <object>
        <name>player</name>
        <pose>Unspecified</pose>
        <truncated>0</truncated>
        <difficult>0</difficult>
        <bndbox>
            <xmin>1137.1352095170455</xmin>
            <ymin>496.0491832386364</ymin>
            <xmax>1243.4560591264215</xmax>
            <ymax>665.0686656605113</ymax>
        </bndbox>
    </object>    <object>
        <name>player</name>
        <pose>Unspecified</pose>
        <truncated>0</truncated>
        <difficult>0</difficult>
        <bndbox>
            <xmin>288.75932173295456</xmin>
            <ymin>445.96750710227275</ymin>
            <xmax>396.222929382324</xmax>
            <ymax>596.1272727272742</ymax>
        </bndbox>
    </object>    <object>
        <name>player</name>
        <pose>Unspecified</pose>
        <truncated>0</truncated>
        <difficult>0</difficult>
        <bndbox>
            <xmin>220.8905362215909</xmin>
            <ymin>319.06960227272725</ymin>
            <xmax>298.49385819868604</xmax>
            <ymax>433.8185369318187</ymax>
        </bndbox>
    </object>    <object>
        <name>player</name>
        <pose>Unspecified</pose>
        <truncated>0</truncated>
        <difficult>0</difficult>
        <bndbox>
            <xmin>673.1056463068181</xmin>
            <ymin>360.40749289772725</ymin>
            <xmax>756.6844596169216</xmax>
            <ymax>508.46363636363725</ymax>
        </bndbox>
    </object>    <object>
        <name>player</name>
        <pose>Unspecified</pose>
        <truncated>0</truncated>
        <difficult>0</difficult>
        <bndbox>
            <xmin>458.09419389204544</xmin>
            <ymin>275.373046875</ymin>
            <xmax>520.2000000000006</xmax>
            <ymax>388.5272727272735</ymax>
        </bndbox>
    </object>
</annotation>
