<annotation>
    <folder></folder>
    <filename>frame_000116</filename>
    <path></path>
    <source>
        <database>Unknown</database>
    </source>
    <size>
        <width>1280</width>
        <height>720</height>
        <depth>3</depth>
    </size>
    <segmented>0</segmented>
    <object>
        <name>ref</name>
        <pose>Unspecified</pose>
        <truncated>0</truncated>
        <difficult>0</difficult>
        <bndbox>
            <xmin>19.4110107421875</xmin>
            <ymin>399.5546875</ymin>
            <xmax>70.12500000000023</xmax>
            <ymax>506.6000000000008</ymax>
        </bndbox>
    </object>    <object>
        <name>player</name>
        <pose>Unspecified</pose>
        <truncated>0</truncated>
        <difficult>0</difficult>
        <bndbox>
            <xmin>104.2666015625</xmin>
            <ymin>424.427734375</ymin>
            <xmax>171.16760253906273</xmax>
            <ymax>534.3310302734387</ymax>
        </bndbox>
    </object>    <object>
        <name>keeper</name>
        <pose>Unspecified</pose>
        <truncated>0</truncated>
        <difficult>0</difficult>
        <bndbox>
            <xmin>522.294189453125</xmin>
            <ymin>276.5029296875</ymin>
            <xmax>614.507080078125</xmax>
            <ymax>363.2000000000007</ymax>
        </bndbox>
    </object>    <object>
        <name>player</name>
        <pose>Unspecified</pose>
        <truncated>0</truncated>
        <difficult>0</difficult>
        <bndbox>
            <xmin>689.868896484375</xmin>
            <ymin>274.09228515625</ymin>
            <xmax>754.1509277343757</xmax>
            <ymax>374.8161132812511</ymax>
        </bndbox>
    </object>    <object>
        <name>player</name>
        <pose>Unspecified</pose>
        <truncated>0</truncated>
        <difficult>0</difficult>
        <bndbox>
            <xmin>797.2875000000001</xmin>
            <ymin>359.7681884765625</ymin>
            <xmax>885.7836694717407</xmax>
            <ymax>476.587500000001</ymax>
        </bndbox>
    </object>    <object>
        <name>player</name>
        <pose>Unspecified</pose>
        <truncated>0</truncated>
        <difficult>0</difficult>
        <bndbox>
            <xmin>134.967529296875</xmin>
            <ymin>465.1109619140625</ymin>
            <xmax>207.790771484375</xmax>
            <ymax>559.2373291015629</ymax>
        </bndbox>
    </object>    <object>
        <name>player</name>
        <pose>Unspecified</pose>
        <truncated>0</truncated>
        <difficult>0</difficult>
        <bndbox>
            <xmin>442.1527099609375</xmin>
            <ymin>303.9439697265625</ymin>
            <xmax>524.5348144531251</xmax>
            <ymax>409.58037109375095</ymax>
        </bndbox>
    </object>    <object>
        <name>player</name>
        <pose>Unspecified</pose>
        <truncated>0</truncated>
        <difficult>0</difficult>
        <bndbox>
            <xmin>462.8892822265625</xmin>
            <ymin>386.4986572265625</ymin>
            <xmax>532.6125000000013</xmax>
            <ymax>510.16250000000105</ymax>
        </bndbox>
    </object>    <object>
        <name>player</name>
        <pose>Unspecified</pose>
        <truncated>0</truncated>
        <difficult>0</difficult>
        <bndbox>
            <xmin>345.1094970703134</xmin>
            <ymin>292.5655517578125</ymin>
            <xmax>417.37326755523736</xmax>
            <ymax>409.2835693359375</ymax>
        </bndbox>
    </object>
</annotation>
