<annotation>
    <folder></folder>
    <filename>frame_000413</filename>
    <path></path>
    <source>
        <database>Unknown</database>
    </source>
    <size>
        <width>1280</width>
        <height>720</height>
        <depth>3</depth>
    </size>
    <segmented>0</segmented>
    <object>
        <name>player</name>
        <pose>Unspecified</pose>
        <truncated>0</truncated>
        <difficult>0</difficult>
        <bndbox>
            <xmin>836.603515625</xmin>
            <ymin>344.442626953125</ymin>
            <xmax>900.9474172491769</xmax>
            <ymax>477.90326634457324</ymax>
        </bndbox>
    </object>    <object>
        <name>player</name>
        <pose>Unspecified</pose>
        <truncated>0</truncated>
        <difficult>0</difficult>
        <bndbox>
            <xmin>548.4966308593753</xmin>
            <ymin>217.21357421875018</ymin>
            <xmax>604.4883302688604</xmax>
            <ymax>310.07802696228055</ymax>
        </bndbox>
    </object>    <object>
        <name>player</name>
        <pose>Unspecified</pose>
        <truncated>0</truncated>
        <difficult>0</difficult>
        <bndbox>
            <xmin>1219.249267578125</xmin>
            <ymin>446.121337890625</ymin>
            <xmax>1280.0</xmax>
            <ymax>602.0454435649681</ymax>
        </bndbox>
    </object>    <object>
        <name>player</name>
        <pose>Unspecified</pose>
        <truncated>0</truncated>
        <difficult>0</difficult>
        <bndbox>
            <xmin>1148.96337890625</xmin>
            <ymin>276.840087890625</ymin>
            <xmax>1205.6638312088826</xmax>
            <ymax>393.18691149259985</ymax>
        </bndbox>
    </object>    <object>
        <name>player</name>
        <pose>Unspecified</pose>
        <truncated>0</truncated>
        <difficult>0</difficult>
        <bndbox>
            <xmin>95.20000000000027</xmin>
            <ymin>311.622802734375</ymin>
            <xmax>156.73357009887695</xmax>
            <ymax>424.05000000000064</ymax>
        </bndbox>
    </object>    <object>
        <name>player</name>
        <pose>Unspecified</pose>
        <truncated>0</truncated>
        <difficult>0</difficult>
        <bndbox>
            <xmin>486.83684210526354</xmin>
            <ymin>270.7388980263158</ymin>
            <xmax>562.9708693654914</xmax>
            <ymax>356.85263157894866</ymax>
        </bndbox>
    </object>    <object>
        <name>player</name>
        <pose>Unspecified</pose>
        <truncated>0</truncated>
        <difficult>0</difficult>
        <bndbox>
            <xmin>210.10000000000082</xmin>
            <ymin>386.912841796875</ymin>
            <xmax>291.93603134155273</xmax>
            <ymax>499.10183233963926</ymax>
        </bndbox>
    </object>
</annotation>
