<annotation>
    <folder></folder>
    <filename>frame_000095</filename>
    <path></path>
    <source>
        <database>Unknown</database>
    </source>
    <size>
        <width>1280</width>
        <height>720</height>
        <depth>3</depth>
    </size>
    <segmented>0</segmented>
    <object>
        <name>player</name>
        <pose>Unspecified</pose>
        <truncated>0</truncated>
        <difficult>0</difficult>
        <bndbox>
            <xmin>78.072509765625</xmin>
            <ymin>443.5707194010417</ymin>
            <xmax>152.981689453125</xmax>
            <ymax>552.8291178385431</ymax>
        </bndbox>
    </object>    <object>
        <name>player</name>
        <pose>Unspecified</pose>
        <truncated>0</truncated>
        <difficult>0</difficult>
        <bndbox>
            <xmin>1106.356917317709</xmin>
            <ymin>643.3043619791666</ymin>
            <xmax>1203.227019627889</xmax>
            <ymax>720.0</ymax>
        </bndbox>
    </object>    <object>
        <name>player</name>
        <pose>Unspecified</pose>
        <truncated>0</truncated>
        <difficult>0</difficult>
        <bndbox>
            <xmin>1034.4136555989583</xmin>
            <ymin>428.1311848958333</ymin>
            <xmax>1132.34503288269</xmax>
            <ymax>559.8756998697921</ymax>
        </bndbox>
    </object>    <object>
        <name>keeper</name>
        <pose>Unspecified</pose>
        <truncated>0</truncated>
        <difficult>0</difficult>
        <bndbox>
            <xmin>474.2783203125</xmin>
            <ymin>274.5388997395833</ymin>
            <xmax>573.3545735677084</xmax>
            <ymax>361.2223632812514</ymax>
        </bndbox>
    </object>    <object>
        <name>player</name>
        <pose>Unspecified</pose>
        <truncated>0</truncated>
        <difficult>0</difficult>
        <bndbox>
            <xmin>568.8504231770834</xmin>
            <ymin>271.0581868489583</ymin>
            <xmax>616.4070475260418</xmax>
            <ymax>375.6846516927091</ymax>
        </bndbox>
    </object>    <object>
        <name>player</name>
        <pose>Unspecified</pose>
        <truncated>0</truncated>
        <difficult>0</difficult>
        <bndbox>
            <xmin>656.483333333334</xmin>
            <ymin>346.47119140625</ymin>
            <xmax>740.0883776346842</xmax>
            <ymax>458.9500000000001</ymax>
        </bndbox>
    </object>    <object>
        <name>player</name>
        <pose>Unspecified</pose>
        <truncated>0</truncated>
        <difficult>0</difficult>
        <bndbox>
            <xmin>171.20109049479166</xmin>
            <ymin>473.4556477864583</ymin>
            <xmax>252.875</xmax>
            <ymax>578.4250000000001</ymax>
        </bndbox>
    </object>    <object>
        <name>player</name>
        <pose>Unspecified</pose>
        <truncated>0</truncated>
        <difficult>0</difficult>
        <bndbox>
            <xmin>377.4934895833333</xmin>
            <ymin>276.411376953125</ymin>
            <xmax>449.1940755208337</xmax>
            <ymax>386.7490722656257</ymax>
        </bndbox>
    </object>    <object>
        <name>player</name>
        <pose>Unspecified</pose>
        <truncated>0</truncated>
        <difficult>0</difficult>
        <bndbox>
            <xmin>354.4544270833333</xmin>
            <ymin>376.1468098958333</ymin>
            <xmax>438.8000000000011</xmax>
            <ymax>491.22500000000036</ymax>
        </bndbox>
    </object>    <object>
        <name>player</name>
        <pose>Unspecified</pose>
        <truncated>0</truncated>
        <difficult>0</difficult>
        <bndbox>
            <xmin>267.02392578125</xmin>
            <ymin>279.3575032552083</ymin>
            <xmax>336.60556640625146</xmax>
            <ymax>396.0694173177083</ymax>
        </bndbox>
    </object>
</annotation>
