<annotation>
    <folder></folder>
    <filename>frame_000493</filename>
    <path></path>
    <source>
        <database>Unknown</database>
    </source>
    <size>
        <width>1280</width>
        <height>720</height>
        <depth>3</depth>
    </size>
    <segmented>0</segmented>
    <object>
        <name>player</name>
        <pose>Unspecified</pose>
        <truncated>0</truncated>
        <difficult>0</difficult>
        <bndbox>
            <xmin>664.91953125</xmin>
            <ymin>245.2242578125</ymin>
            <xmax>722.7840000000008</xmax>
            <ymax>334.1680000000007</ymax>
        </bndbox>
    </object>    <object>
        <name>player</name>
        <pose>Unspecified</pose>
        <truncated>0</truncated>
        <difficult>0</difficult>
        <bndbox>
            <xmin>124.2653359375002</xmin>
            <ymin>231.2212890625</ymin>
            <xmax>184.02725152587874</xmax>
            <ymax>315.88203125000143</ymax>
        </bndbox>
    </object>    <object>
        <name>player</name>
        <pose>Unspecified</pose>
        <truncated>0</truncated>
        <difficult>0</difficult>
        <bndbox>
            <xmin>1038.5634765625</xmin>
            <ymin>384.4958203125</ymin>
            <xmax>1106.3680000000006</xmax>
            <ymax>503.32400000000086</ymax>
        </bndbox>
    </object>    <object>
        <name>player</name>
        <pose>Unspecified</pose>
        <truncated>0</truncated>
        <difficult>0</difficult>
        <bndbox>
            <xmin>914.5359375</xmin>
            <ymin>256.281875</ymin>
            <xmax>969.1840000000005</xmax>
            <ymax>337.19200000000114</ymax>
        </bndbox>
    </object>    <object>
        <name>player</name>
        <pose>Unspecified</pose>
        <truncated>0</truncated>
        <difficult>0</difficult>
        <bndbox>
            <xmin>231.71358593750062</xmin>
            <ymin>253.732109375</ymin>
            <xmax>271.3894066772467</xmax>
            <ymax>371.2920000000008</ymax>
        </bndbox>
    </object>    <object>
        <name>player</name>
        <pose>Unspecified</pose>
        <truncated>0</truncated>
        <difficult>0</difficult>
        <bndbox>
            <xmin>311.5352941176472</xmin>
            <ymin>538.6630859375</ymin>
            <xmax>404.5079359166762</xmax>
            <ymax>673.952941176471</ymax>
        </bndbox>
    </object>    <object>
        <name>ref</name>
        <pose>Unspecified</pose>
        <truncated>0</truncated>
        <difficult>0</difficult>
        <bndbox>
            <xmin>993.581328125</xmin>
            <ymin>184.2662890625</ymin>
            <xmax>1045.468000000001</xmax>
            <ymax>277.4</ymax>
        </bndbox>
    </object>    <object>
        <name>player</name>
        <pose>Unspecified</pose>
        <truncated>0</truncated>
        <difficult>0</difficult>
        <bndbox>
            <xmin>501.8920000000004</xmin>
            <ymin>217.2435546875</ymin>
            <xmax>549.4294253540039</xmax>
            <ymax>322.40000000000146</ymax>
        </bndbox>
    </object>    <object>
        <name>player</name>
        <pose>Unspecified</pose>
        <truncated>0</truncated>
        <difficult>0</difficult>
        <bndbox>
            <xmin>370.9320000000004</xmin>
            <ymin>380.9454296875</ymin>
            <xmax>437.2236764526367</xmax>
            <ymax>507.59200000000084</ymax>
        </bndbox>
    </object>
</annotation>
