<annotation>
    <folder></folder>
    <filename>frame_000049</filename>
    <path></path>
    <source>
        <database>Unknown</database>
    </source>
    <size>
        <width>1280</width>
        <height>720</height>
        <depth>3</depth>
    </size>
    <segmented>0</segmented>
    <object>
        <name>player</name>
        <pose>Unspecified</pose>
        <truncated>0</truncated>
        <difficult>0</difficult>
        <bndbox>
            <xmin>122.7123828125</xmin>
            <ymin>474.7569140625</ymin>
            <xmax>208.19100000000094</xmax>
            <ymax>575.5440312500006</ymax>
        </bndbox>
    </object>    <object>
        <name>player</name>
        <pose>Unspecified</pose>
        <truncated>0</truncated>
        <difficult>0</difficult>
        <bndbox>
            <xmin>880.693828125</xmin>
            <ymin>616.7663671875</ymin>
            <xmax>969.2360000000011</xmax>
            <ymax>720.0</ymax>
        </bndbox>
    </object>    <object>
        <name>player</name>
        <pose>Unspecified</pose>
        <truncated>0</truncated>
        <difficult>0</difficult>
        <bndbox>
            <xmin>890.8933454241071</xmin>
            <ymin>342.70786830357144</ymin>
            <xmax>966.5785714285724</xmax>
            <ymax>464.17857142857247</ymax>
        </bndbox>
    </object>    <object>
        <name>keeper</name>
        <pose>Unspecified</pose>
        <truncated>0</truncated>
        <difficult>0</difficult>
        <bndbox>
            <xmin>498.104921875</xmin>
            <ymin>270.6755859375</ymin>
            <xmax>590.9560000000004</xmax>
            <ymax>354.42800000000057</ymax>
        </bndbox>
    </object>    <object>
        <name>player</name>
        <pose>Unspecified</pose>
        <truncated>0</truncated>
        <difficult>0</difficult>
        <bndbox>
            <xmin>397.09207589285717</xmin>
            <ymin>289.53445870535717</ymin>
            <xmax>480.6714284624376</xmax>
            <ymax>393.6785714285722</ymax>
        </bndbox>
    </object>    <object>
        <name>player</name>
        <pose>Unspecified</pose>
        <truncated>0</truncated>
        <difficult>0</difficult>
        <bndbox>
            <xmin>497.7322963169644</xmin>
            <ymin>307.48939732142856</ymin>
            <xmax>574.1169204711914</xmax>
            <ymax>426.0642857142865</ymax>
        </bndbox>
    </object>    <object>
        <name>player</name>
        <pose>Unspecified</pose>
        <truncated>0</truncated>
        <difficult>0</difficult>
        <bndbox>
            <xmin>338.25362723214283</xmin>
            <ymin>419.86802455357144</ymin>
            <xmax>449.21986941964326</xmax>
            <ymax>540.6722901785727</ymax>
        </bndbox>
    </object>    <object>
        <name>player</name>
        <pose>Unspecified</pose>
        <truncated>0</truncated>
        <difficult>0</difficult>
        <bndbox>
            <xmin>292.5232421875</xmin>
            <ymin>256.1956640625</ymin>
            <xmax>359.5781562500005</xmax>
            <ymax>366.0355156250009</ymax>
        </bndbox>
    </object>    <object>
        <name>player</name>
        <pose>Unspecified</pose>
        <truncated>0</truncated>
        <difficult>0</difficult>
        <bndbox>
            <xmin>264.42255859375007</xmin>
            <ymin>332.81068638392856</ymin>
            <xmax>330.77325613839355</xmax>
            <ymax>460.396749659948</ymax>
        </bndbox>
    </object>    <object>
        <name>player</name>
        <pose>Unspecified</pose>
        <truncated>0</truncated>
        <difficult>0</difficult>
        <bndbox>
            <xmin>228.4556640625</xmin>
            <ymin>262.150546875</ymin>
            <xmax>286.2683792114243</xmax>
            <ymax>373.45855468750034</ymax>
        </bndbox>
    </object>
</annotation>
