<annotation>
    <folder></folder>
    <filename>frame_000085</filename>
    <path></path>
    <source>
        <database>Unknown</database>
    </source>
    <size>
        <width>1280</width>
        <height>720</height>
        <depth>3</depth>
    </size>
    <segmented>0</segmented>
    <object>
        <name>player</name>
        <pose>Unspecified</pose>
        <truncated>0</truncated>
        <difficult>0</difficult>
        <bndbox>
            <xmin>78.1611328125</xmin>
            <ymin>449.9970703125</ymin>
            <xmax>153.03652343750036</xmax>
            <ymax>548.5394531250004</ymax>
        </bndbox>
    </object>    <object>
        <name>player</name>
        <pose>Unspecified</pose>
        <truncated>0</truncated>
        <difficult>0</difficult>
        <bndbox>
            <xmin>1048.44921875</xmin>
            <ymin>622.4208984375</ymin>
            <xmax>1131.9898437500015</xmax>
            <ymax>720.0</ymax>
        </bndbox>
    </object>    <object>
        <name>player</name>
        <pose>Unspecified</pose>
        <truncated>0</truncated>
        <difficult>0</difficult>
        <bndbox>
            <xmin>968.1000000000004</xmin>
            <ymin>405.0166015625</ymin>
            <xmax>1066.6599578857422</xmax>
            <ymax>535.6000000000004</ymax>
        </bndbox>
    </object>    <object>
        <name>keeper</name>
        <pose>Unspecified</pose>
        <truncated>0</truncated>
        <difficult>0</difficult>
        <bndbox>
            <xmin>457.2802734375</xmin>
            <ymin>272.2177734375</ymin>
            <xmax>531.2000000000007</xmax>
            <ymax>356.8000000000011</ymax>
        </bndbox>
    </object>    <object>
        <name>player</name>
        <pose>Unspecified</pose>
        <truncated>0</truncated>
        <difficult>0</difficult>
        <bndbox>
            <xmin>513.9638671875</xmin>
            <ymin>272.21875</ymin>
            <xmax>560.0</xmax>
            <ymax>377.2000000000007</ymax>
        </bndbox>
    </object>    <object>
        <name>player</name>
        <pose>Unspecified</pose>
        <truncated>0</truncated>
        <difficult>0</difficult>
        <bndbox>
            <xmin>601.837890625</xmin>
            <ymin>334.333984375</ymin>
            <xmax>673.6000000000004</xmax>
            <ymax>444.60000000000036</ymax>
        </bndbox>
    </object>    <object>
        <name>player</name>
        <pose>Unspecified</pose>
        <truncated>0</truncated>
        <difficult>0</difficult>
        <bndbox>
            <xmin>202.4375</xmin>
            <ymin>463.90625</ymin>
            <xmax>288.10000000000036</xmax>
            <ymax>595.6000000000004</ymax>
        </bndbox>
    </object>    <object>
        <name>player</name>
        <pose>Unspecified</pose>
        <truncated>0</truncated>
        <difficult>0</difficult>
        <bndbox>
            <xmin>345.8994140625</xmin>
            <ymin>266.8623046875</ymin>
            <xmax>417.60000000000036</xmax>
            <ymax>377.2000000000007</ymax>
        </bndbox>
    </object>    <object>
        <name>player</name>
        <pose>Unspecified</pose>
        <truncated>0</truncated>
        <difficult>0</difficult>
        <bndbox>
            <xmin>321.2548828125</xmin>
            <ymin>369.6318359375</ymin>
            <xmax>396.2804687499993</xmax>
            <ymax>492.7863311767578</ymax>
        </bndbox>
    </object>    <object>
        <name>player</name>
        <pose>Unspecified</pose>
        <truncated>0</truncated>
        <difficult>0</difficult>
        <bndbox>
            <xmin>246.318359375</xmin>
            <ymin>273.2880859375</ymin>
            <xmax>315.90000000000146</xmax>
            <ymax>390.0</ymax>
        </bndbox>
    </object>
</annotation>
