<annotation>
    <folder></folder>
    <filename>frame_000026</filename>
    <path></path>
    <source>
        <database>Unknown</database>
    </source>
    <size>
        <width>1280</width>
        <height>720</height>
        <depth>3</depth>
    </size>
    <segmented>0</segmented>
    <object>
        <name>player</name>
        <pose>Unspecified</pose>
        <truncated>0</truncated>
        <difficult>0</difficult>
        <bndbox>
            <xmin>145.13827597128378</xmin>
            <ymin>475.93045291385135</ymin>
            <xmax>235.96160162848497</xmax>
            <ymax>584.1883248818892</ymax>
        </bndbox>
    </object>    <object>
        <name>player</name>
        <pose>Unspecified</pose>
        <truncated>0</truncated>
        <difficult>0</difficult>
        <bndbox>
            <xmin>805.9713350183823</xmin>
            <ymin>620.3419692095588</ymin>
            <xmax>915.7710617963008</xmax>
            <ymax>720.0</ymax>
        </bndbox>
    </object>    <object>
        <name>player</name>
        <pose>Unspecified</pose>
        <truncated>0</truncated>
        <difficult>0</difficult>
        <bndbox>
            <xmin>907.34705882353</xmin>
            <ymin>318.3320886948529</ymin>
            <xmax>992.4424061494715</xmax>
            <ymax>429.0705882352944</ymax>
        </bndbox>
    </object>    <object>
        <name>keeper</name>
        <pose>Unspecified</pose>
        <truncated>0</truncated>
        <difficult>0</difficult>
        <bndbox>
            <xmin>527.2071461397059</xmin>
            <ymin>272.91096047794116</ymin>
            <xmax>632.2877569759594</xmax>
            <ymax>366.6487930297853</ymax>
        </bndbox>
    </object>    <object>
        <name>player</name>
        <pose>Unspecified</pose>
        <truncated>0</truncated>
        <difficult>0</difficult>
        <bndbox>
            <xmin>396.7882123161772</xmin>
            <ymin>305.10363051470586</ymin>
            <xmax>476.1004201552451</xmax>
            <ymax>433.01176470588274</ymax>
        </bndbox>
    </object>    <object>
        <name>ref</name>
        <pose>Unspecified</pose>
        <truncated>0</truncated>
        <difficult>0</difficult>
        <bndbox>
            <xmin>6.223517922794118</xmin>
            <ymin>426.4993106617647</ymin>
            <xmax>50.899167274026695</xmax>
            <ymax>526.8407458137063</ymax>
        </bndbox>
    </object>    <object>
        <name>player</name>
        <pose>Unspecified</pose>
        <truncated>0</truncated>
        <difficult>0</difficult>
        <bndbox>
            <xmin>456.935294117648</xmin>
            <ymin>302.58283547794116</ymin>
            <xmax>543.9010534847484</xmax>
            <ymax>438.55882352941273</ymax>
        </bndbox>
    </object>    <object>
        <name>player</name>
        <pose>Unspecified</pose>
        <truncated>0</truncated>
        <difficult>0</difficult>
        <bndbox>
            <xmin>302.2876608455892</xmin>
            <ymin>387.99352022058895</ymin>
            <xmax>407.46170349121144</xmax>
            <ymax>505.7529392018039</ymax>
        </bndbox>
    </object>    <object>
        <name>player</name>
        <pose>Unspecified</pose>
        <truncated>0</truncated>
        <difficult>0</difficult>
        <bndbox>
            <xmin>270.9326171875</xmin>
            <ymin>259.30256204044116</ymin>
            <xmax>343.67058823529493</xmax>
            <ymax>370.66603860294225</ymax>
        </bndbox>
    </object>    <object>
        <name>player</name>
        <pose>Unspecified</pose>
        <truncated>0</truncated>
        <difficult>0</difficult>
        <bndbox>
            <xmin>232.97647058823628</xmin>
            <ymin>329.7337431066176</ymin>
            <xmax>315.64292234532974</xmax>
            <ymax>463.5117647058837</ymax>
        </bndbox>
    </object>    <object>
        <name>player</name>
        <pose>Unspecified</pose>
        <truncated>0</truncated>
        <difficult>0</difficult>
        <bndbox>
            <xmin>219.66909466911858</xmin>
            <ymin>270.95749080882354</ymin>
            <xmax>280.2555699965528</xmax>
            <ymax>382.2866038602947</ymax>
        </bndbox>
    </object>
</annotation>
