<annotation>
    <folder></folder>
    <filename>frame_000145</filename>
    <path></path>
    <source>
        <database>Unknown</database>
    </source>
    <size>
        <width>1280</width>
        <height>720</height>
        <depth>3</depth>
    </size>
    <segmented>0</segmented>
    <object>
        <name>ref</name>
        <pose>Unspecified</pose>
        <truncated>0</truncated>
        <difficult>0</difficult>
        <bndbox>
            <xmin>43.1953125</xmin>
            <ymin>399.5546875</ymin>
            <xmax>96.73769531250036</xmax>
            <ymax>507.8000000000011</ymax>
        </bndbox>
    </object>    <object>
        <name>player</name>
        <pose>Unspecified</pose>
        <truncated>0</truncated>
        <difficult>0</difficult>
        <bndbox>
            <xmin>104.90000000000146</xmin>
            <ymin>396.400390625</ymin>
            <xmax>178.8000030517578</xmax>
            <ymax>530.3003936767564</ymax>
        </bndbox>
    </object>    <object>
        <name>keeper</name>
        <pose>Unspecified</pose>
        <truncated>0</truncated>
        <difficult>0</difficult>
        <bndbox>
            <xmin>571.8264973958334</xmin>
            <ymin>277.5738932291667</ymin>
            <xmax>667.9811197916666</xmax>
            <ymax>365.34192708333404</ymax>
        </bndbox>
    </object>    <object>
        <name>player</name>
        <pose>Unspecified</pose>
        <truncated>0</truncated>
        <difficult>0</difficult>
        <bndbox>
            <xmin>878.08984375</xmin>
            <ymin>291.4951171875</ymin>
            <xmax>938.0894531250015</xmax>
            <ymax>401.8416015625007</ymax>
        </bndbox>
    </object>    <object>
        <name>player</name>
        <pose>Unspecified</pose>
        <truncated>0</truncated>
        <difficult>0</difficult>
        <bndbox>
            <xmin>1004.505859375</xmin>
            <ymin>390.0234375</ymin>
            <xmax>1083.800000000001</xmax>
            <ymax>529.2000000000007</ymax>
        </bndbox>
    </object>    <object>
        <name>player</name>
        <pose>Unspecified</pose>
        <truncated>0</truncated>
        <difficult>0</difficult>
        <bndbox>
            <xmin>134.966796875</xmin>
            <ymin>454.267578125</ymin>
            <xmax>222.8000000000011</xmax>
            <ymax>549.5</ymax>
        </bndbox>
    </object>    <object>
        <name>player</name>
        <pose>Unspecified</pose>
        <truncated>0</truncated>
        <difficult>0</difficult>
        <bndbox>
            <xmin>418.724609375</xmin>
            <ymin>340.7568359375</ymin>
            <xmax>515.0</xmax>
            <ymax>454.3000000000011</ymax>
        </bndbox>
    </object>    <object>
        <name>player</name>
        <pose>Unspecified</pose>
        <truncated>0</truncated>
        <difficult>0</difficult>
        <bndbox>
            <xmin>593.2783203125</xmin>
            <ymin>393.1923828125</ymin>
            <xmax>659.7000000000007</xmax>
            <ymax>532.4000000000015</ymax>
        </bndbox>
    </object>    <object>
        <name>player</name>
        <pose>Unspecified</pose>
        <truncated>0</truncated>
        <difficult>0</difficult>
        <bndbox>
            <xmin>457.291015625</xmin>
            <ymin>292.55859375</ymin>
            <xmax>528.9714843750007</xmax>
            <ymax>412.5011718749993</ymax>
        </bndbox>
    </object>
</annotation>
