<annotation>
    <folder></folder>
    <filename>frame_000241</filename>
    <path></path>
    <source>
        <database>Unknown</database>
    </source>
    <size>
        <width>1280</width>
        <height>720</height>
        <depth>3</depth>
    </size>
    <segmented>0</segmented>
    <object>
        <name>player</name>
        <pose>Unspecified</pose>
        <truncated>0</truncated>
        <difficult>0</difficult>
        <bndbox>
            <xmin>38.25436580882385</xmin>
            <ymin>299.3205997242647</ymin>
            <xmax>102.1828699448537</xmax>
            <ymax>421.2630055147069</ymax>
        </bndbox>
    </object>    <object>
        <name>keeper</name>
        <pose>Unspecified</pose>
        <truncated>0</truncated>
        <difficult>0</difficult>
        <bndbox>
            <xmin>408.57014016544116</xmin>
            <ymin>275.431640625</ymin>
            <xmax>499.4969679888559</xmax>
            <ymax>387.57647058823665</ymax>
        </bndbox>
    </object>    <object>
        <name>player</name>
        <pose>Unspecified</pose>
        <truncated>0</truncated>
        <difficult>0</difficult>
        <bndbox>
            <xmin>890.8770105698529</xmin>
            <ymin>244.6247127757353</ymin>
            <xmax>961.0411764705888</xmax>
            <ymax>334.188235294118</ymax>
        </bndbox>
    </object>    <object>
        <name>player</name>
        <pose>Unspecified</pose>
        <truncated>0</truncated>
        <difficult>0</difficult>
        <bndbox>
            <xmin>1132.7475873161766</xmin>
            <ymin>617.9506548713235</ymin>
            <xmax>1216.3091107536766</xmax>
            <ymax>720.0</ymax>
        </bndbox>
    </object>    <object>
        <name>player</name>
        <pose>Unspecified</pose>
        <truncated>0</truncated>
        <difficult>0</difficult>
        <bndbox>
            <xmin>377.2764705882358</xmin>
            <ymin>435.3682215073529</ymin>
            <xmax>488.9646925084731</xmax>
            <ymax>577.7294117647067</ymax>
        </bndbox>
    </object>    <object>
        <name>player</name>
        <pose>Unspecified</pose>
        <truncated>0</truncated>
        <difficult>0</difficult>
        <bndbox>
            <xmin>119.2823529411777</xmin>
            <ymin>279.5231502757353</ymin>
            <xmax>204.70778521369485</xmax>
            <ymax>392.41176470588243</ymax>
        </bndbox>
    </object>    <object>
        <name>player</name>
        <pose>Unspecified</pose>
        <truncated>0</truncated>
        <difficult>0</difficult>
        <bndbox>
            <xmin>506.3417394301471</xmin>
            <ymin>328.5573299632353</ymin>
            <xmax>574.9302159926485</xmax>
            <ymax>465.58018152573567</ymax>
        </bndbox>
    </object>    <object>
        <name>player</name>
        <pose>Unspecified</pose>
        <truncated>0</truncated>
        <difficult>0</difficult>
        <bndbox>
            <xmin>300.17058823529476</xmin>
            <ymin>248.71036305147058</ymin>
            <xmax>369.70440808464497</xmax>
            <ymax>356.2647058823534</ymax>
        </bndbox>
    </object>
</annotation>
