<annotation>
    <folder></folder>
    <filename>frame_000313</filename>
    <path></path>
    <source>
        <database>Unknown</database>
    </source>
    <size>
        <width>1280</width>
        <height>720</height>
        <depth>3</depth>
    </size>
    <segmented>0</segmented>
    <object>
        <name>player</name>
        <pose>Unspecified</pose>
        <truncated>0</truncated>
        <difficult>0</difficult>
        <bndbox>
            <xmin>1168.3088727678582</xmin>
            <ymin>548.7204241071439</ymin>
            <xmax>1264.7141440255302</xmax>
            <ymax>717.542715454102</ymax>
        </bndbox>
    </object>    <object>
        <name>player</name>
        <pose>Unspecified</pose>
        <truncated>0</truncated>
        <difficult>0</difficult>
        <bndbox>
            <xmin>27.442801339285715</xmin>
            <ymin>342.2392578125</ymin>
            <xmax>81.06272550310261</xmax>
            <ymax>442.85605468750146</ymax>
        </bndbox>
    </object>    <object>
        <name>keeper</name>
        <pose>Unspecified</pose>
        <truncated>0</truncated>
        <difficult>0</difficult>
        <bndbox>
            <xmin>103.39188058035714</xmin>
            <ymin>279.2573939732143</ymin>
            <xmax>153.85106026785823</xmax>
            <ymax>399.21188616071464</ymax>
        </bndbox>
    </object>    <object>
        <name>player</name>
        <pose>Unspecified</pose>
        <truncated>0</truncated>
        <difficult>0</difficult>
        <bndbox>
            <xmin>233.82700892857142</xmin>
            <ymin>223.87290736607142</ymin>
            <xmax>299.0815273829872</xmax>
            <ymax>316.1142857142872</ymax>
        </bndbox>
    </object>    <object>
        <name>player</name>
        <pose>Unspecified</pose>
        <truncated>0</truncated>
        <difficult>0</difficult>
        <bndbox>
            <xmin>545.6857142857147</xmin>
            <ymin>387.4095982142857</ymin>
            <xmax>634.8132640293667</xmax>
            <ymax>514.5285714285716</ymax>
        </bndbox>
    </object>    <object>
        <name>player</name>
        <pose>Unspecified</pose>
        <truncated>0</truncated>
        <difficult>0</difficult>
        <bndbox>
            <xmin>153.65318080357142</xmin>
            <ymin>274.6761997767857</ymin>
            <xmax>208.05357142857142</xmax>
            <ymax>371.17620282854244</ymax>
        </bndbox>
    </object>    <object>
        <name>player</name>
        <pose>Unspecified</pose>
        <truncated>0</truncated>
        <difficult>0</difficult>
        <bndbox>
            <xmin>348.35463169642964</xmin>
            <ymin>313.34271763392877</ymin>
            <xmax>424.38119114467037</xmax>
            <ymax>419.90000043596643</ymax>
        </bndbox>
    </object>    <object>
        <name>player</name>
        <pose>Unspecified</pose>
        <truncated>0</truncated>
        <difficult>0</difficult>
        <bndbox>
            <xmin>180.384765625</xmin>
            <ymin>210.70647321428572</ymin>
            <xmax>243.53482055664114</xmax>
            <ymax>306.44285714285746</ymax>
        </bndbox>
    </object>
</annotation>
