<annotation>
    <folder></folder>
    <filename>frame_000235</filename>
    <path></path>
    <source>
        <database>Unknown</database>
    </source>
    <size>
        <width>1280</width>
        <height>720</height>
        <depth>3</depth>
    </size>
    <segmented>0</segmented>
    <object>
        <name>player</name>
        <pose>Unspecified</pose>
        <truncated>0</truncated>
        <difficult>0</difficult>
        <bndbox>
            <xmin>37.565185546875</xmin>
            <ymin>296.86773681640625</ymin>
            <xmax>104.02827148437609</xmax>
            <ymax>423.23121337890734</ymax>
        </bndbox>
    </object>    <object>
        <name>keeper</name>
        <pose>Unspecified</pose>
        <truncated>0</truncated>
        <difficult>0</difficult>
        <bndbox>
            <xmin>419.78167724609375</xmin>
            <ymin>275.49859619140625</ymin>
            <xmax>519.2618178367616</xmax>
            <ymax>386.89375000000143</ymax>
        </bndbox>
    </object>    <object>
        <name>player</name>
        <pose>Unspecified</pose>
        <truncated>0</truncated>
        <difficult>0</difficult>
        <bndbox>
            <xmin>930.6996459960938</xmin>
            <ymin>246.916259765625</ymin>
            <xmax>1005.6562500000003</xmax>
            <ymax>339.7375000000004</ymax>
        </bndbox>
    </object>    <object>
        <name>player</name>
        <pose>Unspecified</pose>
        <truncated>0</truncated>
        <difficult>0</difficult>
        <bndbox>
            <xmin>1106.6941528320312</xmin>
            <ymin>605.756591796875</ymin>
            <xmax>1193.53671875</xmax>
            <ymax>720.0</ymax>
        </bndbox>
    </object>    <object>
        <name>player</name>
        <pose>Unspecified</pose>
        <truncated>0</truncated>
        <difficult>0</difficult>
        <bndbox>
            <xmin>353.66250000000036</xmin>
            <ymin>438.13616943359375</ymin>
            <xmax>471.73090505599976</xmax>
            <ymax>575.1312500000007</ymax>
        </bndbox>
    </object>    <object>
        <name>player</name>
        <pose>Unspecified</pose>
        <truncated>0</truncated>
        <difficult>0</difficult>
        <bndbox>
            <xmin>112.13750000000141</xmin>
            <ymin>281.988037109375</ymin>
            <xmax>205.59740734100342</xmax>
            <ymax>397.50625</ymax>
        </bndbox>
    </object>    <object>
        <name>player</name>
        <pose>Unspecified</pose>
        <truncated>0</truncated>
        <difficult>0</difficult>
        <bndbox>
            <xmin>520.5873413085938</xmin>
            <ymin>331.61260986328125</ymin>
            <xmax>590.5812500000014</xmax>
            <ymax>469.1062500000004</ymax>
        </bndbox>
    </object>    <object>
        <name>player</name>
        <pose>Unspecified</pose>
        <truncated>0</truncated>
        <difficult>0</difficult>
        <bndbox>
            <xmin>307.3437500000007</xmin>
            <ymin>252.66357421875</ymin>
            <xmax>375.0828082561493</xmax>
            <ymax>361.875</ymax>
        </bndbox>
    </object>
</annotation>
