<annotation>
    <folder></folder>
    <filename>frame_000055</filename>
    <path></path>
    <source>
        <database>Unknown</database>
    </source>
    <size>
        <width>1280</width>
        <height>720</height>
        <depth>3</depth>
    </size>
    <segmented>0</segmented>
    <object>
        <name>player</name>
        <pose>Unspecified</pose>
        <truncated>0</truncated>
        <difficult>0</difficult>
        <bndbox>
            <xmin>115.0016796875</xmin>
            <ymin>473.2149609375</ymin>
            <xmax>195.58650000000068</xmax>
            <ymax>572.9660468750004</ymax>
        </bndbox>
    </object>    <object>
        <name>player</name>
        <pose>Unspecified</pose>
        <truncated>0</truncated>
        <difficult>0</difficult>
        <bndbox>
            <xmin>901.770234375</xmin>
            <ymin>613.9391015625</ymin>
            <xmax>988.0040000000013</xmax>
            <ymax>720.0</ymax>
        </bndbox>
    </object>    <object>
        <name>player</name>
        <pose>Unspecified</pose>
        <truncated>0</truncated>
        <difficult>0</difficult>
        <bndbox>
            <xmin>890.45263671875</xmin>
            <ymin>354.66015625</ymin>
            <xmax>971.2500000000009</xmax>
            <ymax>472.4500000000007</ymax>
        </bndbox>
    </object>    <object>
        <name>keeper</name>
        <pose>Unspecified</pose>
        <truncated>0</truncated>
        <difficult>0</difficult>
        <bndbox>
            <xmin>490.136875</xmin>
            <ymin>269.9044921875</ymin>
            <xmax>580.6840000000005</xmax>
            <ymax>351.0920000000006</ymax>
        </bndbox>
    </object>    <object>
        <name>player</name>
        <pose>Unspecified</pose>
        <truncated>0</truncated>
        <difficult>0</difficult>
        <bndbox>
            <xmin>412.97265625</xmin>
            <ymin>285.9912109375</ymin>
            <xmax>490.09999923706073</xmax>
            <ymax>387.5500000000011</ymax>
        </bndbox>
    </object>    <object>
        <name>player</name>
        <pose>Unspecified</pose>
        <truncated>0</truncated>
        <difficult>0</difficult>
        <bndbox>
            <xmin>510.68662109375055</xmin>
            <ymin>312.46484375</ymin>
            <xmax>595.8184432983398</xmax>
            <ymax>425.2500000000009</ymax>
        </bndbox>
    </object>    <object>
        <name>player</name>
        <pose>Unspecified</pose>
        <truncated>0</truncated>
        <difficult>0</difficult>
        <bndbox>
            <xmin>324.998046875</xmin>
            <ymin>427.8359375</ymin>
            <xmax>440.5799296875002</xmax>
            <ymax>551.2081562500007</ymax>
        </bndbox>
    </object>    <object>
        <name>player</name>
        <pose>Unspecified</pose>
        <truncated>0</truncated>
        <difficult>0</difficult>
        <bndbox>
            <xmin>303.3185546875</xmin>
            <ymin>255.6816796875</ymin>
            <xmax>368.5672343750006</xmax>
            <ymax>364.75971875000084</ymax>
        </bndbox>
    </object>    <object>
        <name>player</name>
        <pose>Unspecified</pose>
        <truncated>0</truncated>
        <difficult>0</difficult>
        <bndbox>
            <xmin>272.85830078125036</xmin>
            <ymin>338.4365234375</ymin>
            <xmax>343.21279296875036</xmax>
            <ymax>463.97724761962945</ymax>
        </bndbox>
    </object>    <object>
        <name>player</name>
        <pose>Unspecified</pose>
        <truncated>0</truncated>
        <difficult>0</difficult>
        <bndbox>
            <xmin>230.7689453125</xmin>
            <ymin>260.86546875</ymin>
            <xmax>288.58166046142435</xmax>
            <ymax>372.17347656250035</ymax>
        </bndbox>
    </object>
</annotation>
