<annotation>
    <folder></folder>
    <filename>frame_000273</filename>
    <path></path>
    <source>
        <database>Unknown</database>
    </source>
    <size>
        <width>1280</width>
        <height>720</height>
        <depth>3</depth>
    </size>
    <segmented>0</segmented>
    <object>
        <name>player</name>
        <pose>Unspecified</pose>
        <truncated>0</truncated>
        <difficult>0</difficult>
        <bndbox>
            <xmin>72.23172940340936</xmin>
            <ymin>320.4752308238636</ymin>
            <xmax>133.66233705326803</xmax>
            <ymax>417.54522163268797</ymax>
        </bndbox>
    </object>    <object>
        <name>keeper</name>
        <pose>Unspecified</pose>
        <truncated>0</truncated>
        <difficult>0</difficult>
        <bndbox>
            <xmin>347.10751065340907</xmin>
            <ymin>280.12837357954544</ymin>
            <xmax>404.04247159090943</xmax>
            <ymax>400.11255326704617</ymax>
        </bndbox>
    </object>    <object>
        <name>player</name>
        <pose>Unspecified</pose>
        <truncated>0</truncated>
        <difficult>0</difficult>
        <bndbox>
            <xmin>648.4891690340909</xmin>
            <ymin>237.06516335227272</ymin>
            <xmax>706.7416734950438</xmax>
            <ymax>325.1177253927139</ymax>
        </bndbox>
    </object>    <object>
        <name>player</name>
        <pose>Unspecified</pose>
        <truncated>0</truncated>
        <difficult>0</difficult>
        <bndbox>
            <xmin>497.4600000000013</xmin>
            <ymin>420.2255859375</ymin>
            <xmax>598.0260696411133</xmax>
            <ymax>547.9600000000003</ymax>
        </bndbox>
    </object>    <object>
        <name>player</name>
        <pose>Unspecified</pose>
        <truncated>0</truncated>
        <difficult>0</difficult>
        <bndbox>
            <xmin>168.85454545454624</xmin>
            <ymin>271.52414772727275</ymin>
            <xmax>239.16586546464399</xmax>
            <ymax>376.8363636363647</ymax>
        </bndbox>
    </object>    <object>
        <name>player</name>
        <pose>Unspecified</pose>
        <truncated>0</truncated>
        <difficult>0</difficult>
        <bndbox>
            <xmin>459.25497159090907</xmin>
            <ymin>316.6510120738636</ymin>
            <xmax>525.1860584605827</xmax>
            <ymax>439.9727272727283</ymax>
        </bndbox>
    </object>    <object>
        <name>player</name>
        <pose>Unspecified</pose>
        <truncated>0</truncated>
        <difficult>0</difficult>
        <bndbox>
            <xmin>290.4997159090913</xmin>
            <ymin>236.48551136363676</ymin>
            <xmax>357.8611505681818</xmax>
            <ymax>327.51571377840907</ymax>
        </bndbox>
    </object>
</annotation>
