<annotation>
    <folder></folder>
    <filename>frame_000458</filename>
    <path></path>
    <source>
        <database>Unknown</database>
    </source>
    <size>
        <width>1280</width>
        <height>720</height>
        <depth>3</depth>
    </size>
    <segmented>0</segmented>
    <object>
        <name>player</name>
        <pose>Unspecified</pose>
        <truncated>0</truncated>
        <difficult>0</difficult>
        <bndbox>
            <xmin>703.9245793269231</xmin>
            <ymin>271.3233173076923</ymin>
            <xmax>754.1589543269239</xmax>
            <ymax>387.8001402243591</ymax>
        </bndbox>
    </object>    <object>
        <name>player</name>
        <pose>Unspecified</pose>
        <truncated>0</truncated>
        <difficult>0</difficult>
        <bndbox>
            <xmin>243.60144230769248</xmin>
            <ymin>212.55123197115384</ymin>
            <xmax>300.7238288292529</xmax>
            <ymax>307.176923076924</ymax>
        </bndbox>
    </object>    <object>
        <name>player</name>
        <pose>Unspecified</pose>
        <truncated>0</truncated>
        <difficult>0</difficult>
        <bndbox>
            <xmin>1091.8501519097222</xmin>
            <ymin>387.8802083333333</ymin>
            <xmax>1154.9666666666678</xmax>
            <ymax>527.5666666666677</ymax>
        </bndbox>
    </object>    <object>
        <name>player</name>
        <pose>Unspecified</pose>
        <truncated>0</truncated>
        <difficult>0</difficult>
        <bndbox>
            <xmin>967.4951923076923</xmin>
            <ymin>264.8400691105769</ymin>
            <xmax>1016.9556957799158</xmax>
            <ymax>366.6111194578</ymax>
        </bndbox>
    </object>    <object>
        <name>player</name>
        <pose>Unspecified</pose>
        <truncated>0</truncated>
        <difficult>0</difficult>
        <bndbox>
            <xmin>140.27756911057693</xmin>
            <ymin>285.32729867788464</ymin>
            <xmax>199.53516468145972</xmax>
            <ymax>408.53621794871805</ymax>
        </bndbox>
    </object>    <object>
        <name>player</name>
        <pose>Unspecified</pose>
        <truncated>0</truncated>
        <difficult>0</difficult>
        <bndbox>
            <xmin>93.01111111111115</xmin>
            <ymin>531.8649088541666</ymin>
            <xmax>168.58736673990884</xmax>
            <ymax>657.9555555555556</ymax>
        </bndbox>
    </object>    <object>
        <name>ref</name>
        <pose>Unspecified</pose>
        <truncated>0</truncated>
        <difficult>0</difficult>
        <bndbox>
            <xmin>1164.203125</xmin>
            <ymin>198.4794921875</ymin>
            <xmax>1211.7671657986123</xmax>
            <ymax>300.17766927083414</ymax>
        </bndbox>
    </object>    <object>
        <name>player</name>
        <pose>Unspecified</pose>
        <truncated>0</truncated>
        <difficult>0</difficult>
        <bndbox>
            <xmin>476.1133680555556</xmin>
            <ymin>229.12858072916666</ymin>
            <xmax>527.9668020460327</xmax>
            <ymax>321.4512152777792</ymax>
        </bndbox>
    </object>    <object>
        <name>player</name>
        <pose>Unspecified</pose>
        <truncated>0</truncated>
        <difficult>0</difficult>
        <bndbox>
            <xmin>267.3222222222236</xmin>
            <ymin>371.46397569444446</ymin>
            <xmax>340.6994976467556</xmax>
            <ymax>499.10000000000036</ymax>
        </bndbox>
    </object>
</annotation>
