<annotation>
    <folder></folder>
    <filename>frame_000367</filename>
    <path></path>
    <source>
        <database>Unknown</database>
    </source>
    <size>
        <width>1280</width>
        <height>720</height>
        <depth>3</depth>
    </size>
    <segmented>0</segmented>
    <object>
        <name>player</name>
        <pose>Unspecified</pose>
        <truncated>0</truncated>
        <difficult>0</difficult>
        <bndbox>
            <xmin>782.1440000000001</xmin>
            <ymin>403.983515625</ymin>
            <xmax>867.8544891357421</xmax>
            <ymax>537.3560000000004</ymax>
        </bndbox>
    </object>    <object>
        <name>player</name>
        <pose>Unspecified</pose>
        <truncated>0</truncated>
        <difficult>0</difficult>
        <bndbox>
            <xmin>637.9727272727273</xmin>
            <ymin>226.71221590909093</ymin>
            <xmax>713.5698894153942</xmax>
            <ymax>321.7003021240244</ymax>
        </bndbox>
    </object>    <object>
        <name>player</name>
        <pose>Unspecified</pose>
        <truncated>0</truncated>
        <difficult>0</difficult>
        <bndbox>
            <xmin>1154.977392578126</xmin>
            <ymin>488.1944173177083</ymin>
            <xmax>1253.4673353830974</xmax>
            <ymax>636.6000000000014</ymax>
        </bndbox>
    </object>    <object>
        <name>player</name>
        <pose>Unspecified</pose>
        <truncated>0</truncated>
        <difficult>0</difficult>
        <bndbox>
            <xmin>1173.9645182291667</xmin>
            <ymin>274.40698784722224</ymin>
            <xmax>1226.7844444444445</xmax>
            <ymax>380.9733333333348</ymax>
        </bndbox>
    </object>    <object>
        <name>player</name>
        <pose>Unspecified</pose>
        <truncated>0</truncated>
        <difficult>0</difficult>
        <bndbox>
            <xmin>413.212953125001</xmin>
            <ymin>309.85953125</ymin>
            <xmax>485.90301562500014</xmax>
            <ymax>426.8440000000001</ymax>
        </bndbox>
    </object>    <object>
        <name>player</name>
        <pose>Unspecified</pose>
        <truncated>0</truncated>
        <difficult>0</difficult>
        <bndbox>
            <xmin>120.7449928977274</xmin>
            <ymin>341.7203480113636</ymin>
            <xmax>200.7978508689187</xmax>
            <ymax>449.65454545454617</ymax>
        </bndbox>
    </object>
</annotation>
