<annotation>
    <folder></folder>
    <filename>frame_000219</filename>
    <path></path>
    <source>
        <database>Unknown</database>
    </source>
    <size>
        <width>1280</width>
        <height>720</height>
        <depth>3</depth>
    </size>
    <segmented>0</segmented>
    <object>
        <name>player</name>
        <pose>Unspecified</pose>
        <truncated>0</truncated>
        <difficult>0</difficult>
        <bndbox>
            <xmin>57.385022615131575</xmin>
            <ymin>298.71756784539474</ymin>
            <xmax>123.84810855263267</xmax>
            <ymax>425.08104440789583</ymax>
        </bndbox>
    </object>    <object>
        <name>keeper</name>
        <pose>Unspecified</pose>
        <truncated>0</truncated>
        <difficult>0</difficult>
        <bndbox>
            <xmin>487.8961245888158</xmin>
            <ymin>276.5029296875</ymin>
            <xmax>583.3928042763173</xmax>
            <ymax>371.8000000000011</ymax>
        </bndbox>
    </object>    <object>
        <name>player</name>
        <pose>Unspecified</pose>
        <truncated>0</truncated>
        <difficult>0</difficult>
        <bndbox>
            <xmin>1016.3558799342105</xmin>
            <ymin>253.89864309210526</ymin>
            <xmax>1092.778947368421</xmax>
            <ymax>358.2105263157905</ymax>
        </bndbox>
    </object>    <object>
        <name>player</name>
        <pose>Unspecified</pose>
        <truncated>0</truncated>
        <difficult>0</difficult>
        <bndbox>
            <xmin>1068.6306023848683</xmin>
            <ymin>561.6034128289474</ymin>
            <xmax>1203.5039473684208</xmax>
            <ymax>717.6872841282895</ymax>
        </bndbox>
    </object>    <object>
        <name>player</name>
        <pose>Unspecified</pose>
        <truncated>0</truncated>
        <difficult>0</difficult>
        <bndbox>
            <xmin>338.47076480263195</xmin>
            <ymin>437.6391344572368</ymin>
            <xmax>429.38271725303247</xmax>
            <ymax>575.5105263157899</ymax>
        </bndbox>
    </object>    <object>
        <name>player</name>
        <pose>Unspecified</pose>
        <truncated>0</truncated>
        <difficult>0</difficult>
        <bndbox>
            <xmin>127.42564761513226</xmin>
            <ymin>300.68056126644734</ymin>
            <xmax>226.76985441509044</xmax>
            <ymax>413.3886307565793</ymax>
        </bndbox>
    </object>    <object>
        <name>player</name>
        <pose>Unspecified</pose>
        <truncated>0</truncated>
        <difficult>0</difficult>
        <bndbox>
            <xmin>559.7975431743421</xmin>
            <ymin>340.60279605263156</ymin>
            <xmax>650.8736842105274</xmax>
            <ymax>485.3263157894744</ymax>
        </bndbox>
    </object>    <object>
        <name>player</name>
        <pose>Unspecified</pose>
        <truncated>0</truncated>
        <difficult>0</difficult>
        <bndbox>
            <xmin>344.5722142269737</xmin>
            <ymin>265.1064967105263</ymin>
            <xmax>417.57633707146897</xmax>
            <ymax>375.22631578947374</ymax>
        </bndbox>
    </object>
</annotation>
