<annotation>
    <folder></folder>
    <filename>frame_000176</filename>
    <path></path>
    <source>
        <database>Unknown</database>
    </source>
    <size>
        <width>1280</width>
        <height>720</height>
        <depth>3</depth>
    </size>
    <segmented>0</segmented>
    <object>
        <name>ref</name>
        <pose>Unspecified</pose>
        <truncated>0</truncated>
        <difficult>0</difficult>
        <bndbox>
            <xmin>59.708713107638886</xmin>
            <ymin>402.4978841145833</ymin>
            <xmax>113.25109592013925</xmax>
            <ymax>510.7431966145844</ymax>
        </bndbox>
    </object>    <object>
        <name>player</name>
        <pose>Unspecified</pose>
        <truncated>0</truncated>
        <difficult>0</difficult>
        <bndbox>
            <xmin>118.88330078125</xmin>
            <ymin>345.58935546875</ymin>
            <xmax>204.0055555555561</xmax>
            <ymax>467.93333333333374</ymax>
        </bndbox>
    </object>    <object>
        <name>keeper</name>
        <pose>Unspecified</pose>
        <truncated>0</truncated>
        <difficult>0</difficult>
        <bndbox>
            <xmin>592.259521484375</xmin>
            <ymin>276.1290283203125</ymin>
            <xmax>693.3755473889803</xmax>
            <ymax>367.88194772820793</ymax>
        </bndbox>
    </object>    <object>
        <name>player</name>
        <pose>Unspecified</pose>
        <truncated>0</truncated>
        <difficult>0</difficult>
        <bndbox>
            <xmin>1047.896484375</xmin>
            <ymin>286.6754557291667</ymin>
            <xmax>1137.2000000000014</xmax>
            <ymax>405.9666666666678</ymax>
        </bndbox>
    </object>    <object>
        <name>player</name>
        <pose>Unspecified</pose>
        <truncated>0</truncated>
        <difficult>0</difficult>
        <bndbox>
            <xmin>1142.1847330729167</xmin>
            <ymin>450.8898654513889</ymin>
            <xmax>1225.93888888889</xmax>
            <ymax>616.3222222222228</ymax>
        </bndbox>
    </object>    <object>
        <name>player</name>
        <pose>Unspecified</pose>
        <truncated>0</truncated>
        <difficult>0</difficult>
        <bndbox>
            <xmin>238.6552734375</xmin>
            <ymin>437.62880859375036</ymin>
            <xmax>324.46562805175836</xmax>
            <ymax>576.6405387878422</ymax>
        </bndbox>
    </object>    <object>
        <name>player</name>
        <pose>Unspecified</pose>
        <truncated>0</truncated>
        <difficult>0</difficult>
        <bndbox>
            <xmin>293.9169487847225</xmin>
            <ymin>343.13666449652777</ymin>
            <xmax>369.43899959988096</xmax>
            <ymax>459.4722222222224</ymax>
        </bndbox>
    </object>    <object>
        <name>player</name>
        <pose>Unspecified</pose>
        <truncated>0</truncated>
        <difficult>0</difficult>
        <bndbox>
            <xmin>693.2939995659722</xmin>
            <ymin>378.97325303819446</ymin>
            <xmax>779.9833333333348</xmax>
            <ymax>526.4000000000013</ymax>
        </bndbox>
    </object>    <object>
        <name>player</name>
        <pose>Unspecified</pose>
        <truncated>0</truncated>
        <difficult>0</difficult>
        <bndbox>
            <xmin>502.7469075520833</xmin>
            <ymin>287.083984375</ymin>
            <xmax>582.672222222223</xmax>
            <ymax>403.0888888888897</ymax>
        </bndbox>
    </object>
</annotation>
