<annotation>
    <folder></folder>
    <filename>frame_000397</filename>
    <path></path>
    <source>
        <database>Unknown</database>
    </source>
    <size>
        <width>1280</width>
        <height>720</height>
        <depth>3</depth>
    </size>
    <segmented>0</segmented>
    <object>
        <name>player</name>
        <pose>Unspecified</pose>
        <truncated>0</truncated>
        <difficult>0</difficult>
        <bndbox>
            <xmin>816.9205371093757</xmin>
            <ymin>362.237841796875</ymin>
            <xmax>880.9308856201168</xmax>
            <ymax>497.5534667968761</ymax>
        </bndbox>
    </object>    <object>
        <name>player</name>
        <pose>Unspecified</pose>
        <truncated>0</truncated>
        <difficult>0</difficult>
        <bndbox>
            <xmin>570.925146484375</xmin>
            <ymin>218.77744140625</ymin>
            <xmax>641.4741816711428</xmax>
            <ymax>313.68253906250084</ymax>
        </bndbox>
    </object>    <object>
        <name>player</name>
        <pose>Unspecified</pose>
        <truncated>0</truncated>
        <difficult>0</difficult>
        <bndbox>
            <xmin>1197.8922526041667</xmin>
            <ymin>455.8102213541667</ymin>
            <xmax>1280.0</xmax>
            <ymax>619.2285714285725</ymax>
        </bndbox>
    </object>    <object>
        <name>player</name>
        <pose>Unspecified</pose>
        <truncated>0</truncated>
        <difficult>0</difficult>
        <bndbox>
            <xmin>1161.1129557291667</xmin>
            <ymin>275.12118055555555</ymin>
            <xmax>1216.051111111112</xmax>
            <ymax>389.5733333333345</ymax>
        </bndbox>
    </object>    <object>
        <name>player</name>
        <pose>Unspecified</pose>
        <truncated>0</truncated>
        <difficult>0</difficult>
        <bndbox>
            <xmin>34.94828869047619</xmin>
            <ymin>312.1434616815476</ymin>
            <xmax>107.35758986700239</xmax>
            <ymax>417.91173735119145</ymax>
        </bndbox>
    </object>    <object>
        <name>player</name>
        <pose>Unspecified</pose>
        <truncated>0</truncated>
        <difficult>0</difficult>
        <bndbox>
            <xmin>459.09774414062514</xmin>
            <ymin>282.325244140625</ymin>
            <xmax>533.6437017059336</xmax>
            <ymax>383.5600000000012</ymax>
        </bndbox>
    </object>    <object>
        <name>player</name>
        <pose>Unspecified</pose>
        <truncated>0</truncated>
        <difficult>0</difficult>
        <bndbox>
            <xmin>162.6300000000012</xmin>
            <ymin>368.339794921875</ymin>
            <xmax>264.9698627471924</xmax>
            <ymax>475.6850000000012</ymax>
        </bndbox>
    </object>
</annotation>
