<annotation>
    <folder></folder>
    <filename>frame_000386</filename>
    <path></path>
    <source>
        <database>Unknown</database>
    </source>
    <size>
        <width>1280</width>
        <height>720</height>
        <depth>3</depth>
    </size>
    <segmented>0</segmented>
    <object>
        <name>player</name>
        <pose>Unspecified</pose>
        <truncated>0</truncated>
        <difficult>0</difficult>
        <bndbox>
            <xmin>802.512000000001</xmin>
            <ymin>376.3103125</ymin>
            <xmax>870.2962860107422</xmax>
            <ymax>511.288000000001</ymax>
        </bndbox>
    </object>    <object>
        <name>player</name>
        <pose>Unspecified</pose>
        <truncated>0</truncated>
        <difficult>0</difficult>
        <bndbox>
            <xmin>590.2136363636371</xmin>
            <ymin>223.75561079545488</ymin>
            <xmax>663.9209192449396</xmax>
            <ymax>316.0031723022461</ymax>
        </bndbox>
    </object>    <object>
        <name>player</name>
        <pose>Unspecified</pose>
        <truncated>0</truncated>
        <difficult>0</difficult>
        <bndbox>
            <xmin>1180.4126220703126</xmin>
            <ymin>464.4544677734375</ymin>
            <xmax>1276.3819093704224</xmax>
            <ymax>629.0000000000011</ymax>
        </bndbox>
    </object>    <object>
        <name>player</name>
        <pose>Unspecified</pose>
        <truncated>0</truncated>
        <difficult>0</difficult>
        <bndbox>
            <xmin>1165.8251953125</xmin>
            <ymin>274.85930989583335</ymin>
            <xmax>1219.9866666666674</xmax>
            <ymax>386.42000000000127</ymax>
        </bndbox>
    </object>    <object>
        <name>player</name>
        <pose>Unspecified</pose>
        <truncated>0</truncated>
        <difficult>0</difficult>
        <bndbox>
            <xmin>0.85625</xmin>
            <ymin>312.1638671875</ymin>
            <xmax>72.39796859741327</xmax>
            <ymax>411.2299093627938</ymax>
        </bndbox>
    </object>    <object>
        <name>player</name>
        <pose>Unspecified</pose>
        <truncated>0</truncated>
        <difficult>0</difficult>
        <bndbox>
            <xmin>440.88600781250017</xmin>
            <ymin>291.1393359375</ymin>
            <xmax>513.5744375000012</xmax>
            <ymax>401.61200000000093</ymax>
        </bndbox>
    </object>    <object>
        <name>player</name>
        <pose>Unspecified</pose>
        <truncated>0</truncated>
        <difficult>0</difficult>
        <bndbox>
            <xmin>118.51724964488776</xmin>
            <ymin>360.9952947443182</ymin>
            <xmax>246.37743412364614</xmax>
            <ymax>468.222727272728</ymax>
        </bndbox>
    </object>
</annotation>
