<annotation>
    <folder></folder>
    <filename>frame_000404</filename>
    <path></path>
    <source>
        <database>Unknown</database>
    </source>
    <size>
        <width>1280</width>
        <height>720</height>
        <depth>3</depth>
    </size>
    <segmented>0</segmented>
    <object>
        <name>player</name>
        <pose>Unspecified</pose>
        <truncated>0</truncated>
        <difficult>0</difficult>
        <bndbox>
            <xmin>827.0410742187503</xmin>
            <ymin>353.99130859375</ymin>
            <xmax>891.0514227294914</xmax>
            <ymax>489.30693359375107</ymax>
        </bndbox>
    </object>    <object>
        <name>player</name>
        <pose>Unspecified</pose>
        <truncated>0</truncated>
        <difficult>0</difficult>
        <bndbox>
            <xmin>564.17841796875</xmin>
            <ymin>218.0275390625</ymin>
            <xmax>629.4803915405279</xmax>
            <ymax>312.5611718750006</ymax>
        </bndbox>
    </object>    <object>
        <name>player</name>
        <pose>Unspecified</pose>
        <truncated>0</truncated>
        <difficult>0</difficult>
        <bndbox>
            <xmin>1209.6728515625</xmin>
            <ymin>451.5263671875</ymin>
            <xmax>1280.0</xmax>
            <ymax>611.7285714285725</ymax>
        </bndbox>
    </object>    <object>
        <name>player</name>
        <pose>Unspecified</pose>
        <truncated>0</truncated>
        <difficult>0</difficult>
        <bndbox>
            <xmin>1158.1142578125</xmin>
            <ymin>275.28782552083334</ymin>
            <xmax>1213.546666666668</xmax>
            <ymax>391.5800000000011</ymax>
        </bndbox>
    </object>    <object>
        <name>player</name>
        <pose>Unspecified</pose>
        <truncated>0</truncated>
        <difficult>0</difficult>
        <bndbox>
            <xmin>64.59151785714286</xmin>
            <ymin>312.5005580357143</ymin>
            <xmax>129.1339575631282</xmax>
            <ymax>420.759263392858</ymax>
        </bndbox>
    </object>    <object>
        <name>player</name>
        <pose>Unspecified</pose>
        <truncated>0</truncated>
        <difficult>0</difficult>
        <bndbox>
            <xmin>471.4835742187503</xmin>
            <ymin>277.45224609375</ymin>
            <xmax>547.8874034118656</xmax>
            <ymax>370.82000000000136</ymax>
        </bndbox>
    </object>    <object>
        <name>player</name>
        <pose>Unspecified</pose>
        <truncated>0</truncated>
        <difficult>0</difficult>
        <bndbox>
            <xmin>182.86000000000095</xmin>
            <ymin>377.71083984375</ymin>
            <xmax>273.9660926818848</xmax>
            <ymax>486.57000000000136</ymax>
        </bndbox>
    </object>
</annotation>
