<annotation>
    <folder></folder>
    <filename>frame_000433</filename>
    <path></path>
    <source>
        <database>Unknown</database>
    </source>
    <size>
        <width>1280</width>
        <height>720</height>
        <depth>3</depth>
    </size>
    <segmented>0</segmented>
    <object>
        <name>player</name>
        <pose>Unspecified</pose>
        <truncated>0</truncated>
        <difficult>0</difficult>
        <bndbox>
            <xmin>805.3172325721154</xmin>
            <ymin>317.51254507211536</ymin>
            <xmax>870.4461538461544</xmax>
            <ymax>439.44615384615406</ymax>
        </bndbox>
    </object>    <object>
        <name>player</name>
        <pose>Unspecified</pose>
        <truncated>0</truncated>
        <difficult>0</difficult>
        <bndbox>
            <xmin>428.31482872596155</xmin>
            <ymin>206.75751201923077</ymin>
            <xmax>489.12581129807756</xmax>
            <ymax>301.9732271634618</ymax>
        </bndbox>
    </object>    <object>
        <name>player</name>
        <pose>Unspecified</pose>
        <truncated>0</truncated>
        <difficult>0</difficult>
        <bndbox>
            <xmin>1184.5929236778845</xmin>
            <ymin>424.5403395432692</ymin>
            <xmax>1256.6036658653845</xmax>
            <ymax>572.3503004807696</ymax>
        </bndbox>
    </object>    <object>
        <name>player</name>
        <pose>Unspecified</pose>
        <truncated>0</truncated>
        <difficult>0</difficult>
        <bndbox>
            <xmin>1077.6111778846155</xmin>
            <ymin>276.25503305288464</ymin>
            <xmax>1138.8150841346162</xmax>
            <ymax>384.48179086538573</ymax>
        </bndbox>
    </object>    <object>
        <name>player</name>
        <pose>Unspecified</pose>
        <truncated>0</truncated>
        <difficult>0</difficult>
        <bndbox>
            <xmin>118.12956730769307</xmin>
            <ymin>303.00277944711536</ymin>
            <xmax>185.44834841214694</xmax>
            <ymax>426.29230769230804</ymax>
        </bndbox>
    </object>    <object>
        <name>player</name>
        <pose>Unspecified</pose>
        <truncated>0</truncated>
        <difficult>0</difficult>
        <bndbox>
            <xmin>6.246153846154182</xmin>
            <ymin>505.85073617788464</ymin>
            <xmax>106.0790264423077</xmax>
            <ymax>622.2846153846161</ymax>
        </bndbox>
    </object>    <object>
        <name>player</name>
        <pose>Unspecified</pose>
        <truncated>0</truncated>
        <difficult>0</difficult>
        <bndbox>
            <xmin>503.8846153846161</xmin>
            <ymin>251.60907451923077</ymin>
            <xmax>566.1094689002404</xmax>
            <ymax>337.307692307693</ymax>
        </bndbox>
    </object>    <object>
        <name>player</name>
        <pose>Unspecified</pose>
        <truncated>0</truncated>
        <difficult>0</difficult>
        <bndbox>
            <xmin>228.02307692307812</xmin>
            <ymin>380.3888972355769</ymin>
            <xmax>331.1063707791842</xmax>
            <ymax>504.0692307692317</ymax>
        </bndbox>
    </object>
</annotation>
