<annotation>
    <folder></folder>
    <filename>frame_000316</filename>
    <path></path>
    <source>
        <database>Unknown</database>
    </source>
    <size>
        <width>1280</width>
        <height>720</height>
        <depth>3</depth>
    </size>
    <segmented>0</segmented>
    <object>
        <name>player</name>
        <pose>Unspecified</pose>
        <truncated>0</truncated>
        <difficult>0</difficult>
        <bndbox>
            <xmin>1130.6721819196432</xmin>
            <ymin>534.9510602678575</ymin>
            <xmax>1241.785657610212</xmax>
            <ymax>713.8570861816416</ymax>
        </bndbox>
    </object>    <object>
        <name>player</name>
        <pose>Unspecified</pose>
        <truncated>0</truncated>
        <difficult>0</difficult>
        <bndbox>
            <xmin>1216.83935546875</xmin>
            <ymin>255.58170572916666</ymin>
            <xmax>1265.1833333333334</xmax>
            <ymax>355.16666666666697</ymax>
        </bndbox>
    </object>    <object>
        <name>player</name>
        <pose>Unspecified</pose>
        <truncated>0</truncated>
        <difficult>0</difficult>
        <bndbox>
            <xmin>10.977120535714285</xmin>
            <ymin>347.7470703125</ymin>
            <xmax>58.11364626203119</xmax>
            <ymax>448.36386718750146</ymax>
        </bndbox>
    </object>    <object>
        <name>keeper</name>
        <pose>Unspecified</pose>
        <truncated>0</truncated>
        <difficult>0</difficult>
        <bndbox>
            <xmin>68.96847098214286</xmin>
            <ymin>280.1752232142857</ymin>
            <xmax>119.42765066964395</xmax>
            <ymax>400.1297154017861</ymax>
        </bndbox>
    </object>    <object>
        <name>player</name>
        <pose>Unspecified</pose>
        <truncated>0</truncated>
        <difficult>0</difficult>
        <bndbox>
            <xmin>197.56752232142856</xmin>
            <ymin>222.03724888392858</ymin>
            <xmax>259.61261095319554</xmax>
            <ymax>309.68571428571573</ymax>
        </bndbox>
    </object>    <object>
        <name>player</name>
        <pose>Unspecified</pose>
        <truncated>0</truncated>
        <difficult>0</difficult>
        <bndbox>
            <xmin>528.7142857142868</xmin>
            <ymin>385.1148158482143</ymin>
            <xmax>624.715468270438</xmax>
            <ymax>508.57142857142884</ymax>
        </bndbox>
    </object>    <object>
        <name>player</name>
        <pose>Unspecified</pose>
        <truncated>0</truncated>
        <difficult>0</difficult>
        <bndbox>
            <xmin>136.67103794642858</xmin>
            <ymin>275.1353236607143</ymin>
            <xmax>191.07142857142858</xmax>
            <ymax>371.635326712471</ymax>
        </bndbox>
    </object>    <object>
        <name>player</name>
        <pose>Unspecified</pose>
        <truncated>0</truncated>
        <difficult>0</difficult>
        <bndbox>
            <xmin>329.5365792410718</xmin>
            <ymin>315.65708705357196</ymin>
            <xmax>405.56313868931255</xmax>
            <ymax>419.9000010899139</ymax>
        </bndbox>
    </object>    <object>
        <name>player</name>
        <pose>Unspecified</pose>
        <truncated>0</truncated>
        <difficult>0</difficult>
        <bndbox>
            <xmin>153.75390625</xmin>
            <ymin>208.41169084821428</ymin>
            <xmax>215.53705139160178</xmax>
            <ymax>301.85714285714363</ymax>
        </bndbox>
    </object>
</annotation>
