<annotation>
    <folder></folder>
    <filename>frame_000023</filename>
    <path></path>
    <source>
        <database>Unknown</database>
    </source>
    <size>
        <width>1280</width>
        <height>720</height>
        <depth>3</depth>
    </size>
    <segmented>0</segmented>
    <object>
        <name>player</name>
        <pose>Unspecified</pose>
        <truncated>0</truncated>
        <difficult>0</difficult>
        <bndbox>
            <xmin>147.04859058277026</xmin>
            <ymin>475.40944362331084</ymin>
            <xmax>236.66022025443502</xmax>
            <ymax>585.1396862133133</ymax>
        </bndbox>
    </object>    <object>
        <name>player</name>
        <pose>Unspecified</pose>
        <truncated>0</truncated>
        <difficult>0</difficult>
        <bndbox>
            <xmin>797.0886948529412</xmin>
            <ymin>619.7749885110294</ymin>
            <xmax>911.4268059225644</xmax>
            <ymax>720.0</ymax>
        </bndbox>
    </object>    <object>
        <name>player</name>
        <pose>Unspecified</pose>
        <truncated>0</truncated>
        <difficult>0</difficult>
        <bndbox>
            <xmin>914.7235294117652</xmin>
            <ymin>314.55227481617646</ymin>
            <xmax>995.2773783066693</xmax>
            <ymax>424.5352941176472</ymax>
        </bndbox>
    </object>    <object>
        <name>keeper</name>
        <pose>Unspecified</pose>
        <truncated>0</truncated>
        <difficult>0</difficult>
        <bndbox>
            <xmin>530.7979090073529</xmin>
            <ymin>273.1000114889706</ymin>
            <xmax>637.9571452421301</xmax>
            <ymax>368.16210021972665</ymax>
        </bndbox>
    </object>    <object>
        <name>player</name>
        <pose>Unspecified</pose>
        <truncated>0</truncated>
        <difficult>0</difficult>
        <bndbox>
            <xmin>397.5441061580891</xmin>
            <ymin>307.9385340073529</ymin>
            <xmax>476.86417110667526</xmax>
            <ymax>438.3058823529415</ymax>
        </bndbox>
    </object>    <object>
        <name>ref</name>
        <pose>Unspecified</pose>
        <truncated>0</truncated>
        <difficult>0</difficult>
        <bndbox>
            <xmin>7.920840992647059</xmin>
            <ymin>429.1451631433824</ymin>
            <xmax>55.426212894215496</xmax>
            <ymax>529.1154946719898</ymax>
        </bndbox>
    </object>    <object>
        <name>player</name>
        <pose>Unspecified</pose>
        <truncated>0</truncated>
        <difficult>0</difficult>
        <bndbox>
            <xmin>453.91764705882474</xmin>
            <ymin>302.3939568014706</ymin>
            <xmax>538.6091075224035</xmax>
            <ymax>438.9294117647069</ymax>
        </bndbox>
    </object>    <object>
        <name>player</name>
        <pose>Unspecified</pose>
        <truncated>0</truncated>
        <difficult>0</difficult>
        <bndbox>
            <xmin>293.5938304227953</xmin>
            <ymin>383.646760110295</ymin>
            <xmax>399.7058044433596</xmax>
            <ymax>501.97646807502304</ymax>
        </bndbox>
    </object>    <object>
        <name>player</name>
        <pose>Unspecified</pose>
        <truncated>0</truncated>
        <difficult>0</difficult>
        <bndbox>
            <xmin>270.9326171875</xmin>
            <ymin>259.8695427389706</ymin>
            <xmax>344.23529411764804</xmax>
            <ymax>371.2330193014717</ymax>
        </bndbox>
    </object>    <object>
        <name>player</name>
        <pose>Unspecified</pose>
        <truncated>0</truncated>
        <difficult>0</difficult>
        <bndbox>
            <xmin>231.0882352941185</xmin>
            <ymin>329.35564108455884</ymin>
            <xmax>312.0521244722254</xmax>
            <ymax>463.7058823529426</ymax>
        </bndbox>
    </object>    <object>
        <name>player</name>
        <pose>Unspecified</pose>
        <truncated>0</truncated>
        <difficult>0</difficult>
        <bndbox>
            <xmin>218.53454733456002</xmin>
            <ymin>272.65843290441177</ymin>
            <xmax>279.87750271067875</xmax>
            <ymax>383.9933019301477</ymax>
        </bndbox>
    </object>
</annotation>
