<annotation>
    <folder></folder>
    <filename>frame_000477</filename>
    <path></path>
    <source>
        <database>Unknown</database>
    </source>
    <size>
        <width>1280</width>
        <height>720</height>
        <depth>3</depth>
    </size>
    <segmented>0</segmented>
    <object>
        <name>player</name>
        <pose>Unspecified</pose>
        <truncated>0</truncated>
        <difficult>0</difficult>
        <bndbox>
            <xmin>686.3969029017857</xmin>
            <ymin>252.69447544642858</ymin>
            <xmax>744.9079055059537</xmax>
            <ymax>351.0883122519846</ymax>
        </bndbox>
    </object>    <object>
        <name>player</name>
        <pose>Unspecified</pose>
        <truncated>0</truncated>
        <difficult>0</difficult>
        <bndbox>
            <xmin>188.8142857142862</xmin>
            <ymin>222.27155412946428</ymin>
            <xmax>245.72191892351424</xmax>
            <ymax>308.3642857142868</ymax>
        </bndbox>
    </object>    <object>
        <name>player</name>
        <pose>Unspecified</pose>
        <truncated>0</truncated>
        <difficult>0</difficult>
        <bndbox>
            <xmin>1088.8353587962963</xmin>
            <ymin>381.0974392361111</ymin>
            <xmax>1149.68888888889</xmax>
            <ymax>510.2555555555563</ymax>
        </bndbox>
    </object>    <object>
        <name>player</name>
        <pose>Unspecified</pose>
        <truncated>0</truncated>
        <difficult>0</difficult>
        <bndbox>
            <xmin>948.8663504464286</xmin>
            <ymin>258.81117466517856</ymin>
            <xmax>998.3290529927257</xmax>
            <ymax>347.0481610656429</ymax>
        </bndbox>
    </object>    <object>
        <name>player</name>
        <pose>Unspecified</pose>
        <truncated>0</truncated>
        <difficult>0</difficult>
        <bndbox>
            <xmin>210.88307756696497</xmin>
            <ymin>265.86830357142856</ymin>
            <xmax>252.01879144093357</xmax>
            <ymax>388.33462301587343</ymax>
        </bndbox>
    </object>    <object>
        <name>player</name>
        <pose>Unspecified</pose>
        <truncated>0</truncated>
        <difficult>0</difficult>
        <bndbox>
            <xmin>200.74814814814846</xmin>
            <ymin>528.0962456597222</ymin>
            <xmax>307.2568545871311</xmax>
            <ymax>679.840740740741</ymax>
        </bndbox>
    </object>    <object>
        <name>ref</name>
        <pose>Unspecified</pose>
        <truncated>0</truncated>
        <difficult>0</difficult>
        <bndbox>
            <xmin>1082.269321986607</xmin>
            <ymin>192.44984654017858</ymin>
            <xmax>1138.1110899264233</xmax>
            <ymax>287.3702024429567</ymax>
        </bndbox>
    </object>    <object>
        <name>player</name>
        <pose>Unspecified</pose>
        <truncated>0</truncated>
        <difficult>0</difficult>
        <bndbox>
            <xmin>505.473618344908</xmin>
            <ymin>220.83875868055554</ymin>
            <xmax>548.3151082639338</xmax>
            <ymax>322.20233651620515</ymax>
        </bndbox>
    </object>    <object>
        <name>player</name>
        <pose>Unspecified</pose>
        <truncated>0</truncated>
        <difficult>0</difficult>
        <bndbox>
            <xmin>339.66296296296383</xmin>
            <ymin>375.98582175925924</ymin>
            <xmax>409.28064529984084</xmax>
            <ymax>499.10000000000036</ymax>
        </bndbox>
    </object>
</annotation>
