<annotation>
    <folder></folder>
    <filename>frame_000389</filename>
    <path></path>
    <source>
        <database>Unknown</database>
    </source>
    <size>
        <width>1280</width>
        <height>720</height>
        <depth>3</depth>
    </size>
    <segmented>0</segmented>
    <object>
        <name>player</name>
        <pose>Unspecified</pose>
        <truncated>0</truncated>
        <difficult>0</difficult>
        <bndbox>
            <xmin>805.7280000000011</xmin>
            <ymin>371.940859375</ymin>
            <xmax>870.6818328857422</xmax>
            <ymax>507.17200000000105</ymax>
        </bndbox>
    </object>    <object>
        <name>player</name>
        <pose>Unspecified</pose>
        <truncated>0</truncated>
        <difficult>0</difficult>
        <bndbox>
            <xmin>581.0145833333336</xmin>
            <ymin>220.88489583333345</ymin>
            <xmax>656.0812530517578</xmax>
            <ymax>315.10371195475335</ymax>
        </bndbox>
    </object>    <object>
        <name>player</name>
        <pose>Unspecified</pose>
        <truncated>0</truncated>
        <difficult>0</difficult>
        <bndbox>
            <xmin>1184.4287109375</xmin>
            <ymin>460.7060546875</ymin>
            <xmax>1280.0</xmax>
            <ymax>627.8000000000011</ymax>
        </bndbox>
    </object>    <object>
        <name>player</name>
        <pose>Unspecified</pose>
        <truncated>0</truncated>
        <difficult>0</difficult>
        <bndbox>
            <xmin>1164.5400390625</xmin>
            <ymin>274.93072916666665</ymin>
            <xmax>1218.913333333334</xmax>
            <ymax>387.2800000000013</ymax>
        </bndbox>
    </object>    <object>
        <name>player</name>
        <pose>Unspecified</pose>
        <truncated>0</truncated>
        <difficult>0</difficult>
        <bndbox>
            <xmin>1.0703125</xmin>
            <ymin>311.7353515625</ymin>
            <xmax>82.47031250000146</xmax>
            <ymax>414.6574218750011</ymax>
        </bndbox>
    </object>    <object>
        <name>player</name>
        <pose>Unspecified</pose>
        <truncated>0</truncated>
        <difficult>0</difficult>
        <bndbox>
            <xmin>445.2554375</xmin>
            <ymin>288.183515625</ymin>
            <xmax>517.9436093750014</xmax>
            <ymax>397.62800000000107</ymax>
        </bndbox>
    </object>    <object>
        <name>player</name>
        <pose>Unspecified</pose>
        <truncated>0</truncated>
        <difficult>0</difficult>
        <bndbox>
            <xmin>134.40000000000146</xmin>
            <ymin>359.982421875</ymin>
            <xmax>253.5745417277018</xmax>
            <ymax>466.2666666666676</ymax>
        </bndbox>
    </object>
</annotation>
