<annotation>
    <folder></folder>
    <filename>frame_000154</filename>
    <path></path>
    <source>
        <database>Unknown</database>
    </source>
    <size>
        <width>1280</width>
        <height>720</height>
        <depth>3</depth>
    </size>
    <segmented>0</segmented>
    <object>
        <name>ref</name>
        <pose>Unspecified</pose>
        <truncated>0</truncated>
        <difficult>0</difficult>
        <bndbox>
            <xmin>45.6943359375</xmin>
            <ymin>399.5546875</ymin>
            <xmax>99.23671875000036</xmax>
            <ymax>507.8000000000011</ymax>
        </bndbox>
    </object>    <object>
        <name>player</name>
        <pose>Unspecified</pose>
        <truncated>0</truncated>
        <difficult>0</difficult>
        <bndbox>
            <xmin>109.18437500000073</xmin>
            <ymin>378.7294921875</ymin>
            <xmax>187.9000015258789</xmax>
            <ymax>509.95019683837836</ymax>
        </bndbox>
    </object>    <object>
        <name>keeper</name>
        <pose>Unspecified</pose>
        <truncated>0</truncated>
        <difficult>0</difficult>
        <bndbox>
            <xmin>580.3942057291666</xmin>
            <ymin>275.4319661458333</ymin>
            <xmax>680.4905598958334</xmax>
            <ymax>364.2709635416674</ymax>
        </bndbox>
    </object>    <object>
        <name>player</name>
        <pose>Unspecified</pose>
        <truncated>0</truncated>
        <difficult>0</difficult>
        <bndbox>
            <xmin>935.921875</xmin>
            <ymin>292.56591796875</ymin>
            <xmax>995.9214843750015</xmax>
            <ymax>402.9124023437507</ymax>
        </bndbox>
    </object>    <object>
        <name>player</name>
        <pose>Unspecified</pose>
        <truncated>0</truncated>
        <difficult>0</difficult>
        <bndbox>
            <xmin>1053.23486328125</xmin>
            <ymin>407.6943359375</ymin>
            <xmax>1133.6000000000013</xmax>
            <ymax>552.2500000000009</ymax>
        </bndbox>
    </object>    <object>
        <name>player</name>
        <pose>Unspecified</pose>
        <truncated>0</truncated>
        <difficult>0</difficult>
        <bndbox>
            <xmin>162.83339843750036</xmin>
            <ymin>447.841796875</ymin>
            <xmax>250.10957183837945</xmax>
            <ymax>553.8000000000002</ymax>
        </bndbox>
    </object>    <object>
        <name>player</name>
        <pose>Unspecified</pose>
        <truncated>0</truncated>
        <difficult>0</difficult>
        <bndbox>
            <xmin>383.3828125</xmin>
            <ymin>345.04052734375</ymin>
            <xmax>464.65000000000055</xmax>
            <ymax>460.7500000000009</ymax>
        </bndbox>
    </object>    <object>
        <name>player</name>
        <pose>Unspecified</pose>
        <truncated>0</truncated>
        <difficult>0</difficult>
        <bndbox>
            <xmin>624.3359375</xmin>
            <ymin>392.6572265625</ymin>
            <xmax>706.3000000000011</xmax>
            <ymax>531.3500000000013</ymax>
        </bndbox>
    </object>    <object>
        <name>player</name>
        <pose>Unspecified</pose>
        <truncated>0</truncated>
        <difficult>0</difficult>
        <bndbox>
            <xmin>479.24560546875</xmin>
            <ymin>295.23583984375</ymin>
            <xmax>561.6357421875009</xmax>
            <ymax>410.9005859375002</ymax>
        </bndbox>
    </object>
</annotation>
