<annotation>
    <folder></folder>
    <filename>frame_000352</filename>
    <path></path>
    <source>
        <database>Unknown</database>
    </source>
    <size>
        <width>1280</width>
        <height>720</height>
        <depth>3</depth>
    </size>
    <segmented>0</segmented>
    <object>
        <name>player</name>
        <pose>Unspecified</pose>
        <truncated>0</truncated>
        <difficult>0</difficult>
        <bndbox>
            <xmin>793.5390625</xmin>
            <ymin>419.8935546875</ymin>
            <xmax>871.0050857543938</xmax>
            <ymax>562.5883167613647</ymax>
        </bndbox>
    </object>    <object>
        <name>player</name>
        <pose>Unspecified</pose>
        <truncated>0</truncated>
        <difficult>0</difficult>
        <bndbox>
            <xmin>690.0703125</xmin>
            <ymin>231.501953125</ymin>
            <xmax>774.0</xmax>
            <ymax>320.10000000000036</ymax>
        </bndbox>
    </object>    <object>
        <name>player</name>
        <pose>Unspecified</pose>
        <truncated>0</truncated>
        <difficult>0</difficult>
        <bndbox>
            <xmin>1146.9150390625</xmin>
            <ymin>503.740234375</ymin>
            <xmax>1245.0183511213818</xmax>
            <ymax>664.3904829545463</ymax>
        </bndbox>
    </object>    <object>
        <name>player</name>
        <pose>Unspecified</pose>
        <truncated>0</truncated>
        <difficult>0</difficult>
        <bndbox>
            <xmin>1173.84765625</xmin>
            <ymin>280.005859375</ymin>
            <xmax>1228.5</xmax>
            <ymax>388.0</ymax>
        </bndbox>
    </object>    <object>
        <name>player</name>
        <pose>Unspecified</pose>
        <truncated>0</truncated>
        <difficult>0</difficult>
        <bndbox>
            <xmin>378.3154296875</xmin>
            <ymin>332.275390625</ymin>
            <xmax>447.2104580965897</xmax>
            <ymax>463.60000000000036</ymax>
        </bndbox>
    </object>    <object>
        <name>player</name>
        <pose>Unspecified</pose>
        <truncated>0</truncated>
        <difficult>0</difficult>
        <bndbox>
            <xmin>119.9560546875</xmin>
            <ymin>323.8212890625</ymin>
            <xmax>196.10000000000036</xmax>
            <ymax>428.7000000000007</ymax>
        </bndbox>
    </object>
</annotation>
