<annotation>
    <folder></folder>
    <filename>frame_000281</filename>
    <path></path>
    <source>
        <database>Unknown</database>
    </source>
    <size>
        <width>1280</width>
        <height>720</height>
        <depth>3</depth>
    </size>
    <segmented>0</segmented>
    <object>
        <name>player</name>
        <pose>Unspecified</pose>
        <truncated>0</truncated>
        <difficult>0</difficult>
        <bndbox>
            <xmin>84.40736860795468</xmin>
            <ymin>322.0554865056818</ymin>
            <xmax>144.84128544037281</xmax>
            <ymax>420.1388504762715</ymax>
        </bndbox>
    </object>    <object>
        <name>keeper</name>
        <pose>Unspecified</pose>
        <truncated>0</truncated>
        <difficult>0</difficult>
        <bndbox>
            <xmin>323.03080610795456</xmin>
            <ymin>280.67844460227275</ymin>
            <xmax>379.9657670454549</xmax>
            <ymax>400.6626242897735</ymax>
        </bndbox>
    </object>    <object>
        <name>player</name>
        <pose>Unspecified</pose>
        <truncated>0</truncated>
        <difficult>0</difficult>
        <bndbox>
            <xmin>585.1088423295455</xmin>
            <ymin>233.03355823863637</ymin>
            <xmax>642.5988006551005</xmax>
            <ymax>327.14135924966536</ymax>
        </bndbox>
    </object>    <object>
        <name>player</name>
        <pose>Unspecified</pose>
        <truncated>0</truncated>
        <difficult>0</difficult>
        <bndbox>
            <xmin>525.1000000000009</xmin>
            <ymin>414.8190104166667</ymin>
            <xmax>629.9599151611328</xmax>
            <ymax>548.0333333333341</ymax>
        </bndbox>
    </object>    <object>
        <name>player</name>
        <pose>Unspecified</pose>
        <truncated>0</truncated>
        <difficult>0</difficult>
        <bndbox>
            <xmin>186.92727272727313</xmin>
            <ymin>272.0316051136364</ymin>
            <xmax>255.54247596047142</xmax>
            <ymax>373.41818181818235</ymax>
        </bndbox>
    </object>    <object>
        <name>player</name>
        <pose>Unspecified</pose>
        <truncated>0</truncated>
        <difficult>0</difficult>
        <bndbox>
            <xmin>447.62748579545456</xmin>
            <ymin>317.4070490056818</ymin>
            <xmax>518.6341364080257</xmax>
            <ymax>436.73636363636416</ymax>
        </bndbox>
    </object>    <object>
        <name>player</name>
        <pose>Unspecified</pose>
        <truncated>0</truncated>
        <difficult>0</difficult>
        <bndbox>
            <xmin>293.69985795454636</xmin>
            <ymin>231.6927556818191</ymin>
            <xmax>358.34268465909093</xmax>
            <ymax>321.53666548295456</ymax>
        </bndbox>
    </object>
</annotation>
