<annotation>
    <folder></folder>
    <filename>frame_000035</filename>
    <path></path>
    <source>
        <database>Unknown</database>
    </source>
    <size>
        <width>1280</width>
        <height>720</height>
        <depth>3</depth>
    </size>
    <segmented>0</segmented>
    <object>
        <name>player</name>
        <pose>Unspecified</pose>
        <truncated>0</truncated>
        <difficult>0</difficult>
        <bndbox>
            <xmin>139.40733213682432</xmin>
            <ymin>477.49348078547297</ymin>
            <xmax>233.86574575063483</xmax>
            <ymax>581.3342408876168</ymax>
        </bndbox>
    </object>    <object>
        <name>player</name>
        <pose>Unspecified</pose>
        <truncated>0</truncated>
        <difficult>0</difficult>
        <bndbox>
            <xmin>832.6192555147059</xmin>
            <ymin>622.0429113051471</ymin>
            <xmax>928.8038294175099</xmax>
            <ymax>720.0</ymax>
        </bndbox>
    </object>    <object>
        <name>player</name>
        <pose>Unspecified</pose>
        <truncated>0</truncated>
        <difficult>0</difficult>
        <bndbox>
            <xmin>885.2176470588246</xmin>
            <ymin>329.6715303308824</ymin>
            <xmax>983.937489677878</xmax>
            <ymax>442.67647058823593</ymax>
        </bndbox>
    </object>    <object>
        <name>keeper</name>
        <pose>Unspecified</pose>
        <truncated>0</truncated>
        <difficult>0</difficult>
        <bndbox>
            <xmin>516.4348575367648</xmin>
            <ymin>272.3438074448529</ymin>
            <xmax>615.2795921774472</xmax>
            <ymax>362.1088714599613</ymax>
        </bndbox>
    </object>    <object>
        <name>player</name>
        <pose>Unspecified</pose>
        <truncated>0</truncated>
        <difficult>0</difficult>
        <bndbox>
            <xmin>394.5205307904413</xmin>
            <ymin>296.5989200367647</ymin>
            <xmax>473.8091673009545</xmax>
            <ymax>417.1294117647062</ymax>
        </bndbox>
    </object>    <object>
        <name>ref</name>
        <pose>Unspecified</pose>
        <truncated>0</truncated>
        <difficult>0</difficult>
        <bndbox>
            <xmin>1.1315487132352935</xmin>
            <ymin>418.56175321691177</ymin>
            <xmax>37.31803041346029</xmax>
            <ymax>520.0164992388557</ymax>
        </bndbox>
    </object>    <object>
        <name>player</name>
        <pose>Unspecified</pose>
        <truncated>0</truncated>
        <difficult>0</difficult>
        <bndbox>
            <xmin>465.9882352941178</xmin>
            <ymin>303.1494715073529</ymin>
            <xmax>559.7768913717831</xmax>
            <ymax>437.4470588235302</ymax>
        </bndbox>
    </object>    <object>
        <name>player</name>
        <pose>Unspecified</pose>
        <truncated>0</truncated>
        <difficult>0</difficult>
        <bndbox>
            <xmin>328.36915211397076</xmin>
            <ymin>401.03380055147073</ymin>
            <xmax>430.7294006347669</xmax>
            <ymax>517.0823525821464</ymax>
        </bndbox>
    </object>    <object>
        <name>player</name>
        <pose>Unspecified</pose>
        <truncated>0</truncated>
        <difficult>0</difficult>
        <bndbox>
            <xmin>270.9326171875</xmin>
            <ymin>257.6016199448529</ymin>
            <xmax>341.97647058823577</xmax>
            <ymax>368.965096507354</ymax>
        </bndbox>
    </object>    <object>
        <name>player</name>
        <pose>Unspecified</pose>
        <truncated>0</truncated>
        <difficult>0</difficult>
        <bndbox>
            <xmin>238.6411764705896</xmin>
            <ymin>330.86804917279414</ymin>
            <xmax>326.4153159646427</xmax>
            <ymax>462.929411764707</ymax>
        </bndbox>
    </object>    <object>
        <name>player</name>
        <pose>Unspecified</pose>
        <truncated>0</truncated>
        <difficult>0</difficult>
        <bndbox>
            <xmin>223.0727366727943</xmin>
            <ymin>265.85466452205884</ymin>
            <xmax>281.38977185417497</xmax>
            <ymax>377.1665096507357</ymax>
        </bndbox>
    </object>
</annotation>
