<annotation>
    <folder></folder>
    <filename>frame_000299</filename>
    <path></path>
    <source>
        <database>Unknown</database>
    </source>
    <size>
        <width>1280</width>
        <height>720</height>
        <depth>3</depth>
    </size>
    <segmented>0</segmented>
    <object>
        <name>player</name>
        <pose>Unspecified</pose>
        <truncated>0</truncated>
        <difficult>0</difficult>
        <bndbox>
            <xmin>85.59716796875121</xmin>
            <ymin>332.5086263020833</ymin>
            <xmax>143.78853046192822</xmax>
            <ymax>432.8720798866437</ymax>
        </bndbox>
    </object>    <object>
        <name>keeper</name>
        <pose>Unspecified</pose>
        <truncated>0</truncated>
        <difficult>0</difficult>
        <bndbox>
            <xmin>239.89404296875</xmin>
            <ymin>276.3986002604167</ymin>
            <xmax>296.82900390625036</xmax>
            <ymax>396.3827799479174</ymax>
        </bndbox>
    </object>    <object>
        <name>player</name>
        <pose>Unspecified</pose>
        <truncated>0</truncated>
        <difficult>0</difficult>
        <bndbox>
            <xmin>413.53808593750125</xmin>
            <ymin>223.96207682291666</ymin>
            <xmax>469.31231545841</xmax>
            <ymax>331.69416551777005</ymax>
        </bndbox>
    </object>    <object>
        <name>player</name>
        <pose>Unspecified</pose>
        <truncated>0</truncated>
        <difficult>0</difficult>
        <bndbox>
            <xmin>585.0833333333334</xmin>
            <ymin>401.2757161458333</ymin>
            <xmax>664.5711504618326</xmax>
            <ymax>547.6500000000015</ymax>
        </bndbox>
    </object>    <object>
        <name>player</name>
        <pose>Unspecified</pose>
        <truncated>0</truncated>
        <difficult>0</difficult>
        <bndbox>
            <xmin>205.55908203125</xmin>
            <ymin>273.1730143229167</ymin>
            <xmax>262.0459219614665</xmax>
            <ymax>369.83317311604725</ymax>
        </bndbox>
    </object>    <object>
        <name>player</name>
        <pose>Unspecified</pose>
        <truncated>0</truncated>
        <difficult>0</difficult>
        <bndbox>
            <xmin>424.2500000000012</xmin>
            <ymin>319.10791015625</ymin>
            <xmax>488.7205696105957</xmax>
            <ymax>426.6666666666676</ymax>
        </bndbox>
    </object>    <object>
        <name>player</name>
        <pose>Unspecified</pose>
        <truncated>0</truncated>
        <difficult>0</difficult>
        <bndbox>
            <xmin>263.6849934895836</xmin>
            <ymin>223.60442708333358</ymin>
            <xmax>331.83935546875</xmax>
            <ymax>314.9806315104167</ymax>
        </bndbox>
    </object>
</annotation>
