<annotation>
    <folder></folder>
    <filename>frame_000382</filename>
    <path></path>
    <source>
        <database>Unknown</database>
    </source>
    <size>
        <width>1280</width>
        <height>720</height>
        <depth>3</depth>
    </size>
    <segmented>0</segmented>
    <object>
        <name>player</name>
        <pose>Unspecified</pose>
        <truncated>0</truncated>
        <difficult>0</difficult>
        <bndbox>
            <xmin>798.2240000000007</xmin>
            <ymin>382.13625</ymin>
            <xmax>869.7822235107421</xmax>
            <ymax>516.7760000000009</ymax>
        </bndbox>
    </object>    <object>
        <name>player</name>
        <pose>Unspecified</pose>
        <truncated>0</truncated>
        <difficult>0</difficult>
        <bndbox>
            <xmin>600.2681818181824</xmin>
            <ymin>224.378053977273</ymin>
            <xmax>674.3733340176669</xmax>
            <ymax>317.20256805419945</ymax>
        </bndbox>
    </object>    <object>
        <name>player</name>
        <pose>Unspecified</pose>
        <truncated>0</truncated>
        <difficult>0</difficult>
        <bndbox>
            <xmin>1175.0578369140628</xmin>
            <ymin>469.4523518880208</ymin>
            <xmax>1271.5577885309856</xmax>
            <ymax>630.6000000000012</ymax>
        </bndbox>
    </object>    <object>
        <name>player</name>
        <pose>Unspecified</pose>
        <truncated>0</truncated>
        <difficult>0</difficult>
        <bndbox>
            <xmin>1167.5387369791667</xmin>
            <ymin>274.76408420138887</ymin>
            <xmax>1221.4177777777784</xmax>
            <ymax>385.2733333333347</ymax>
        </bndbox>
    </object>    <object>
        <name>player</name>
        <pose>Unspecified</pose>
        <truncated>0</truncated>
        <difficult>0</difficult>
        <bndbox>
            <xmin>0.5708333333333333</xmin>
            <ymin>312.73522135416664</ymin>
            <xmax>58.9681767272957</xmax>
            <ymax>406.6598926798508</ymax>
        </bndbox>
    </object>    <object>
        <name>player</name>
        <pose>Unspecified</pose>
        <truncated>0</truncated>
        <difficult>0</difficult>
        <bndbox>
            <xmin>435.06010156250034</xmin>
            <ymin>295.0804296875</ymin>
            <xmax>507.74887500000096</xmax>
            <ymax>406.9240000000007</ymax>
        </bndbox>
    </object>    <object>
        <name>player</name>
        <pose>Unspecified</pose>
        <truncated>0</truncated>
        <difficult>0</difficult>
        <bndbox>
            <xmin>118.98624822443294</xmin>
            <ymin>356.9374112215909</ymin>
            <xmax>236.78173238580877</xmax>
            <ymax>464.3136363636371</ymax>
        </bndbox>
    </object>
</annotation>
