<annotation>
    <folder></folder>
    <filename>frame_000411</filename>
    <path></path>
    <source>
        <database>Unknown</database>
    </source>
    <size>
        <width>1280</width>
        <height>720</height>
        <depth>3</depth>
    </size>
    <segmented>0</segmented>
    <object>
        <name>player</name>
        <pose>Unspecified</pose>
        <truncated>0</truncated>
        <difficult>0</difficult>
        <bndbox>
            <xmin>836.01171875</xmin>
            <ymin>346.0961100260417</ymin>
            <xmax>900.1332516318863</xmax>
            <ymax>480.79340648985846</ymax>
        </bndbox>
    </object>    <object>
        <name>player</name>
        <pose>Unspecified</pose>
        <truncated>0</truncated>
        <difficult>0</difficult>
        <bndbox>
            <xmin>555.0958821614585</xmin>
            <ymin>217.32770182291674</ymin>
            <xmax>614.2961100896206</xmax>
            <ymax>311.09267565409374</ymax>
        </bndbox>
    </object>    <object>
        <name>player</name>
        <pose>Unspecified</pose>
        <truncated>0</truncated>
        <difficult>0</difficult>
        <bndbox>
            <xmin>1219.5967610677083</xmin>
            <ymin>447.2767740885417</ymin>
            <xmax>1280.0</xmax>
            <ymax>604.21514785499</ymax>
        </bndbox>
    </object>    <object>
        <name>player</name>
        <pose>Unspecified</pose>
        <truncated>0</truncated>
        <difficult>0</difficult>
        <bndbox>
            <xmin>1153.3504231770833</xmin>
            <ymin>275.9004720052083</ymin>
            <xmax>1209.4879437362952</xmax>
            <ymax>393.2623038308673</ymax>
        </bndbox>
    </object>    <object>
        <name>player</name>
        <pose>Unspecified</pose>
        <truncated>0</truncated>
        <difficult>0</difficult>
        <bndbox>
            <xmin>91.73333333333342</xmin>
            <ymin>312.4120279947917</ymin>
            <xmax>150.77746709187826</xmax>
            <ymax>423.48333333333403</ymax>
        </bndbox>
    </object>    <object>
        <name>player</name>
        <pose>Unspecified</pose>
        <truncated>0</truncated>
        <difficult>0</difficult>
        <bndbox>
            <xmin>483.6789473684214</xmin>
            <ymin>272.42989309210526</ymin>
            <xmax>561.054483514083</xmax>
            <ymax>358.8842105263172</ymax>
        </bndbox>
    </object>    <object>
        <name>player</name>
        <pose>Unspecified</pose>
        <truncated>0</truncated>
        <difficult>0</difficult>
        <bndbox>
            <xmin>203.50000000000077</xmin>
            <ymin>386.133056640625</ymin>
            <xmax>285.09677505493164</xmax>
            <ymax>496.96727744654737</ymax>
        </bndbox>
    </object>
</annotation>
