<annotation>
    <folder></folder>
    <filename>frame_000325</filename>
    <path></path>
    <source>
        <database>Unknown</database>
    </source>
    <size>
        <width>1280</width>
        <height>720</height>
        <depth>3</depth>
    </size>
    <segmented>0</segmented>
    <object>
        <name>player</name>
        <pose>Unspecified</pose>
        <truncated>0</truncated>
        <difficult>0</difficult>
        <bndbox>
            <xmin>1024.3413783482142</xmin>
            <ymin>495.6318359375</ymin>
            <xmax>1116.1142857142872</xmax>
            <ymax>667.2142857142865</ymax>
        </bndbox>
    </object>    <object>
        <name>player</name>
        <pose>Unspecified</pose>
        <truncated>0</truncated>
        <difficult>0</difficult>
        <bndbox>
            <xmin>1054.9966517857142</xmin>
            <ymin>241.09765625</ymin>
            <xmax>1121.3285714285716</xmax>
            <ymax>341.8857142857149</ymax>
        </bndbox>
    </object>    <object>
        <name>player</name>
        <pose>Unspecified</pose>
        <truncated>0</truncated>
        <difficult>0</difficult>
        <bndbox>
            <xmin>79.15094866071428</xmin>
            <ymin>209.49204799107142</ymin>
            <xmax>143.294308035715</xmax>
            <ymax>297.3043526785722</ymax>
        </bndbox>
    </object>    <object>
        <name>player</name>
        <pose>Unspecified</pose>
        <truncated>0</truncated>
        <difficult>0</difficult>
        <bndbox>
            <xmin>460.3428571428576</xmin>
            <ymin>371.6513671875</ymin>
            <xmax>580.6533835274832</xmax>
            <ymax>492.92857142857275</ymax>
        </bndbox>
    </object>    <object>
        <name>player</name>
        <pose>Unspecified</pose>
        <truncated>0</truncated>
        <difficult>0</difficult>
        <bndbox>
            <xmin>74.40220424107143</xmin>
            <ymin>276.05357142857144</ymin>
            <xmax>120.82915736607225</xmax>
            <ymax>372.54631827218145</ymax>
        </bndbox>
    </object>    <object>
        <name>player</name>
        <pose>Unspecified</pose>
        <truncated>0</truncated>
        <difficult>0</difficult>
        <bndbox>
            <xmin>266.62957589285776</xmin>
            <ymin>315.97642299107144</ymin>
            <xmax>340.5403135027196</xmax>
            <ymax>414.3762276785718</ymax>
        </bndbox>
    </object>    <object>
        <name>player</name>
        <pose>Unspecified</pose>
        <truncated>0</truncated>
        <difficult>0</difficult>
        <bndbox>
            <xmin>60.4658203125</xmin>
            <ymin>202.138671875</ymin>
            <xmax>110.56562500000109</xmax>
            <ymax>289.72812500000146</ymax>
        </bndbox>
    </object>
</annotation>
