<annotation>
    <folder></folder>
    <filename>frame_000348</filename>
    <path></path>
    <source>
        <database>Unknown</database>
    </source>
    <size>
        <width>1280</width>
        <height>720</height>
        <depth>3</depth>
    </size>
    <segmented>0</segmented>
    <object>
        <name>player</name>
        <pose>Unspecified</pose>
        <truncated>0</truncated>
        <difficult>0</difficult>
        <bndbox>
            <xmin>817.0368923611111</xmin>
            <ymin>427.92046440972223</ymin>
            <xmax>891.3855511135524</xmax>
            <ymax>573.5356100063137</ymax>
        </bndbox>
    </object>    <object>
        <name>player</name>
        <pose>Unspecified</pose>
        <truncated>0</truncated>
        <difficult>0</difficult>
        <bndbox>
            <xmin>723.8858506944445</xmin>
            <ymin>230.46332465277777</ymin>
            <xmax>804.6789062499997</xmax>
            <ymax>323.4522569444446</ymax>
        </bndbox>
    </object>    <object>
        <name>player</name>
        <pose>Unspecified</pose>
        <truncated>0</truncated>
        <difficult>0</difficult>
        <bndbox>
            <xmin>1162.1741536458333</xmin>
            <ymin>509.365234375</ymin>
            <xmax>1260.0768617341016</xmax>
            <ymax>674.3058238636372</ymax>
        </bndbox>
    </object>    <object>
        <name>player</name>
        <pose>Unspecified</pose>
        <truncated>0</truncated>
        <difficult>0</difficult>
        <bndbox>
            <xmin>1190.4639756944443</xmin>
            <ymin>284.1599392361111</ymin>
            <xmax>1243.3000000000004</xmax>
            <ymax>387.9555555555562</ymax>
        </bndbox>
    </object>    <object>
        <name>player</name>
        <pose>Unspecified</pose>
        <truncated>0</truncated>
        <difficult>0</difficult>
        <bndbox>
            <xmin>385.3896484375</xmin>
            <ymin>339.37217881944446</ymin>
            <xmax>453.11692116477207</xmax>
            <ymax>468.4444444444446</ymax>
        </bndbox>
    </object>    <object>
        <name>player</name>
        <pose>Unspecified</pose>
        <truncated>0</truncated>
        <difficult>0</difficult>
        <bndbox>
            <xmin>128.50249565972223</xmin>
            <ymin>321.3547092013889</ymin>
            <xmax>201.7690104166672</xmax>
            <ymax>425.2390625000007</ymax>
        </bndbox>
    </object>
</annotation>
