<annotation>
    <folder></folder>
    <filename>frame_000264</filename>
    <path></path>
    <source>
        <database>Unknown</database>
    </source>
    <size>
        <width>1280</width>
        <height>720</height>
        <depth>3</depth>
    </size>
    <segmented>0</segmented>
    <object>
        <name>player</name>
        <pose>Unspecified</pose>
        <truncated>0</truncated>
        <difficult>0</difficult>
        <bndbox>
            <xmin>58.75000000000052</xmin>
            <ymin>316.30678013392856</ymin>
            <xmax>119.99970763070243</xmax>
            <ymax>415.83571428571474</ymax>
        </bndbox>
    </object>    <object>
        <name>keeper</name>
        <pose>Unspecified</pose>
        <truncated>0</truncated>
        <difficult>0</difficult>
        <bndbox>
            <xmin>370.90220424107144</xmin>
            <ymin>278.7977818080357</ymin>
            <xmax>430.58571428571474</xmax>
            <ymax>396.9357142857151</ymax>
        </bndbox>
    </object>    <object>
        <name>player</name>
        <pose>Unspecified</pose>
        <truncated>0</truncated>
        <difficult>0</difficult>
        <bndbox>
            <xmin>720.12109375</xmin>
            <ymin>240.0888671875</ymin>
            <xmax>778.9455078125011</xmax>
            <ymax>323.60000000000036</ymax>
        </bndbox>
    </object>    <object>
        <name>player</name>
        <pose>Unspecified</pose>
        <truncated>0</truncated>
        <difficult>0</difficult>
        <bndbox>
            <xmin>1245.4505208333333</xmin>
            <ymin>658.8359375</ymin>
            <xmax>1280.0</xmax>
            <ymax>720.0</ymax>
        </bndbox>
    </object>    <object>
        <name>player</name>
        <pose>Unspecified</pose>
        <truncated>0</truncated>
        <difficult>0</difficult>
        <bndbox>
            <xmin>475.6800000000012</xmin>
            <ymin>425.1984375</ymin>
            <xmax>563.2891426086426</xmax>
            <ymax>557.0200000000004</ymax>
        </bndbox>
    </object>    <object>
        <name>player</name>
        <pose>Unspecified</pose>
        <truncated>0</truncated>
        <difficult>0</difficult>
        <bndbox>
            <xmin>151.6357142857153</xmin>
            <ymin>272.29115513392856</ymin>
            <xmax>222.29359109061105</xmax>
            <ymax>380.0857142857155</ymax>
        </bndbox>
    </object>    <object>
        <name>player</name>
        <pose>Unspecified</pose>
        <truncated>0</truncated>
        <difficult>0</difficult>
        <bndbox>
            <xmin>470.041015625</xmin>
            <ymin>317.4609375</ymin>
            <xmax>533.5505859375006</xmax>
            <ymax>446.0712751116084</ymax>
        </bndbox>
    </object>    <object>
        <name>player</name>
        <pose>Unspecified</pose>
        <truncated>0</truncated>
        <difficult>0</difficult>
        <bndbox>
            <xmin>288.0996930803572</xmin>
            <ymin>240.30943080357142</ymin>
            <xmax>358.65730994088307</xmax>
            <ymax>334.764285714286</ymax>
        </bndbox>
    </object>
</annotation>
