<annotation>
    <folder></folder>
    <filename>frame_000002</filename>
    <path></path>
    <source>
        <database>Unknown</database>
    </source>
    <size>
        <width>1280</width>
        <height>720</height>
        <depth>3</depth>
    </size>
    <segmented>0</segmented>
    <object>
        <name>player</name>
        <pose>Unspecified</pose>
        <truncated>0</truncated>
        <difficult>0</difficult>
        <bndbox>
            <xmin>160.42079286317568</xmin>
            <ymin>471.76237858952703</ymin>
            <xmax>241.55055063608538</xmax>
            <ymax>591.7992155332823</ymax>
        </bndbox>
    </object>    <object>
        <name>player</name>
        <pose>Unspecified</pose>
        <truncated>0</truncated>
        <difficult>0</difficult>
        <bndbox>
            <xmin>776.6396484375</xmin>
            <ymin>613.4248046875</ymin>
            <xmax>895.5161437988281</xmax>
            <ymax>720.0</ymax>
        </bndbox>
    </object>    <object>
        <name>player</name>
        <pose>Unspecified</pose>
        <truncated>0</truncated>
        <difficult>0</difficult>
        <bndbox>
            <xmin>973.16234375</xmin>
            <ymin>290.53125</ymin>
            <xmax>1046.3062957763673</xmax>
            <ymax>395.9126266479492</ymax>
        </bndbox>
    </object>    <object>
        <name>keeper</name>
        <pose>Unspecified</pose>
        <truncated>0</truncated>
        <difficult>0</difficult>
        <bndbox>
            <xmin>545.955078125</xmin>
            <ymin>274.25234375</ymin>
            <xmax>655.1929397583008</xmax>
            <ymax>370.638688659668</ymax>
        </bndbox>
    </object>    <object>
        <name>player</name>
        <pose>Unspecified</pose>
        <truncated>0</truncated>
        <difficult>0</difficult>
        <bndbox>
            <xmin>381.98292968750013</xmin>
            <ymin>359.92978515625</ymin>
            <xmax>482.4466148376465</xmax>
            <ymax>480.20128723144535</ymax>
        </bndbox>
    </object>    <object>
        <name>ref</name>
        <pose>Unspecified</pose>
        <truncated>0</truncated>
        <difficult>0</difficult>
        <bndbox>
            <xmin>38.5341796875</xmin>
            <ymin>443.357421875</ymin>
            <xmax>88.8692741394043</xmax>
            <ymax>542.9566497802734</ymax>
        </bndbox>
    </object>    <object>
        <name>player</name>
        <pose>Unspecified</pose>
        <truncated>0</truncated>
        <difficult>0</difficult>
        <bndbox>
            <xmin>432.54439453125013</xmin>
            <ymin>332.084375</ymin>
            <xmax>492.8347396850586</xmax>
            <ymax>436.39703720092785</ymax>
        </bndbox>
    </object>    <object>
        <name>player</name>
        <pose>Unspecified</pose>
        <truncated>0</truncated>
        <difficult>0</difficult>
        <bndbox>
            <xmin>232.81021484375015</xmin>
            <ymin>360.9983593750001</ymin>
            <xmax>340.8654159545898</xmax>
            <ymax>488.5519821166992</ymax>
        </bndbox>
    </object>    <object>
        <name>player</name>
        <pose>Unspecified</pose>
        <truncated>0</truncated>
        <difficult>0</difficult>
        <bndbox>
            <xmin>256.474609375</xmin>
            <ymin>270.07548828125</ymin>
            <xmax>349.6452000427247</xmax>
            <ymax>377.59818161010753</ymax>
        </bndbox>
    </object>    <object>
        <name>player</name>
        <pose>Unspecified</pose>
        <truncated>0</truncated>
        <difficult>0</difficult>
        <bndbox>
            <xmin>233.98757812500008</xmin>
            <ymin>321.26689453125</ymin>
            <xmax>319.06357406616246</xmax>
            <ymax>447.50839843750146</ymax>
        </bndbox>
    </object>    <object>
        <name>player</name>
        <pose>Unspecified</pose>
        <truncated>0</truncated>
        <difficult>0</difficult>
        <bndbox>
            <xmin>200.99996093750013</xmin>
            <ymin>289.78154296875</ymin>
            <xmax>263.1139862060547</xmax>
            <ymax>394.41036331176764</ymax>
        </bndbox>
    </object>
</annotation>
