<annotation>
    <folder></folder>
    <filename>frame_000371</filename>
    <path></path>
    <source>
        <database>Unknown</database>
    </source>
    <size>
        <width>1280</width>
        <height>720</height>
        <depth>3</depth>
    </size>
    <segmented>0</segmented>
    <object>
        <name>player</name>
        <pose>Unspecified</pose>
        <truncated>0</truncated>
        <difficult>0</difficult>
        <bndbox>
            <xmin>786.4320000000002</xmin>
            <ymin>398.157578125</ymin>
            <xmax>868.3685516357422</xmax>
            <ymax>531.8680000000005</ymax>
        </bndbox>
    </object>    <object>
        <name>player</name>
        <pose>Unspecified</pose>
        <truncated>0</truncated>
        <difficult>0</difficult>
        <bndbox>
            <xmin>627.918181818182</xmin>
            <ymin>226.08977272727282</ymin>
            <xmax>703.1174746426669</xmax>
            <ymax>320.5009063720711</ymax>
        </bndbox>
    </object>    <object>
        <name>player</name>
        <pose>Unspecified</pose>
        <truncated>0</truncated>
        <difficult>0</difficult>
        <bndbox>
            <xmin>1160.3321777343758</xmin>
            <ymin>483.196533203125</ymin>
            <xmax>1258.2914562225342</xmax>
            <ymax>635.0000000000014</ymax>
        </bndbox>
    </object>    <object>
        <name>player</name>
        <pose>Unspecified</pose>
        <truncated>0</truncated>
        <difficult>0</difficult>
        <bndbox>
            <xmin>1172.2509765625</xmin>
            <ymin>274.50221354166666</ymin>
            <xmax>1225.3533333333335</xmax>
            <ymax>382.1200000000014</ymax>
        </bndbox>
    </object>    <object>
        <name>player</name>
        <pose>Unspecified</pose>
        <truncated>0</truncated>
        <difficult>0</difficult>
        <bndbox>
            <xmin>419.0388593750008</xmin>
            <ymin>305.9184375</ymin>
            <xmax>491.72857812500035</xmax>
            <ymax>421.53200000000027</ymax>
        </bndbox>
    </object>    <object>
        <name>player</name>
        <pose>Unspecified</pose>
        <truncated>0</truncated>
        <difficult>0</difficult>
        <bndbox>
            <xmin>120.27599431818221</xmin>
            <ymin>345.77823153409093</ymin>
            <xmax>210.39355260675603</xmax>
            <ymax>453.5636363636371</ymax>
        </bndbox>
    </object>
</annotation>
