<annotation>
    <folder></folder>
    <filename>frame_000224</filename>
    <path></path>
    <source>
        <database>Unknown</database>
    </source>
    <size>
        <width>1280</width>
        <height>720</height>
        <depth>3</depth>
    </size>
    <segmented>0</segmented>
    <object>
        <name>player</name>
        <pose>Unspecified</pose>
        <truncated>0</truncated>
        <difficult>0</difficult>
        <bndbox>
            <xmin>50.818359375</xmin>
            <ymin>297.604248046875</ymin>
            <xmax>117.28144531250109</xmax>
            <ymax>423.9677246093761</ymax>
        </bndbox>
    </object>    <object>
        <name>keeper</name>
        <pose>Unspecified</pose>
        <truncated>0</truncated>
        <difficult>0</difficult>
        <bndbox>
            <xmin>466.880126953125</xmin>
            <ymin>276.235107421875</ymin>
            <xmax>563.4390628814708</xmax>
            <ymax>375.8250000000012</ymax>
        </bndbox>
    </object>    <object>
        <name>player</name>
        <pose>Unspecified</pose>
        <truncated>0</truncated>
        <difficult>0</difficult>
        <bndbox>
            <xmin>991.075439453125</xmin>
            <ymin>251.333984375</ymin>
            <xmax>1066.775</xmax>
            <ymax>352.2500000000009</ymax>
        </bndbox>
    </object>    <object>
        <name>player</name>
        <pose>Unspecified</pose>
        <truncated>0</truncated>
        <difficult>0</difficult>
        <bndbox>
            <xmin>1076.506591796875</xmin>
            <ymin>575.568359375</ymin>
            <xmax>1199.4406249999997</xmax>
            <ymax>720.0</ymax>
        </bndbox>
    </object>    <object>
        <name>player</name>
        <pose>Unspecified</pose>
        <truncated>0</truncated>
        <difficult>0</difficult>
        <bndbox>
            <xmin>343.35000000000036</xmin>
            <ymin>437.399658203125</ymin>
            <xmax>441.54361152648926</xmax>
            <ymax>574.3750000000005</ymax>
        </bndbox>
    </object>    <object>
        <name>player</name>
        <pose>Unspecified</pose>
        <truncated>0</truncated>
        <difficult>0</difficult>
        <bndbox>
            <xmin>120.25000000000091</xmin>
            <ymin>295.2412109375</ymin>
            <xmax>218.85044479370117</xmax>
            <ymax>408.5750000000003</ymax>
        </bndbox>
    </object>    <object>
        <name>player</name>
        <pose>Unspecified</pose>
        <truncated>0</truncated>
        <difficult>0</difficult>
        <bndbox>
            <xmin>545.621337890625</xmin>
            <ymin>337.502685546875</ymin>
            <xmax>631.0750000000012</xmax>
            <ymax>480.17500000000064</ymax>
        </bndbox>
    </object>    <object>
        <name>player</name>
        <pose>Unspecified</pose>
        <truncated>0</truncated>
        <difficult>0</difficult>
        <bndbox>
            <xmin>330.9250000000002</xmin>
            <ymin>261.4990234375</ymin>
            <xmax>403.0619134902954</xmax>
            <ymax>371.5</ymax>
        </bndbox>
    </object>
</annotation>
