<annotation>
    <folder></folder>
    <filename>frame_000223</filename>
    <path></path>
    <source>
        <database>Unknown</database>
    </source>
    <size>
        <width>1280</width>
        <height>720</height>
        <depth>3</depth>
    </size>
    <segmented>0</segmented>
    <object>
        <name>player</name>
        <pose>Unspecified</pose>
        <truncated>0</truncated>
        <difficult>0</difficult>
        <bndbox>
            <xmin>52.023193359375</xmin>
            <ymin>297.67120361328125</ymin>
            <xmax>118.48627929687609</xmax>
            <ymax>424.03468017578234</ymax>
        </bndbox>
    </object>    <object>
        <name>keeper</name>
        <pose>Unspecified</pose>
        <truncated>0</truncated>
        <difficult>0</difficult>
        <bndbox>
            <xmin>471.16180419921875</xmin>
            <ymin>276.30206298828125</ymin>
            <xmax>567.4551760673535</xmax>
            <ymax>374.81875000000116</ymax>
        </bndbox>
    </object>    <object>
        <name>player</name>
        <pose>Unspecified</pose>
        <truncated>0</truncated>
        <difficult>0</difficult>
        <bndbox>
            <xmin>996.5641479492188</xmin>
            <ymin>251.735595703125</ymin>
            <xmax>1072.3312500000002</xmax>
            <ymax>353.38750000000095</ymax>
        </bndbox>
    </object>    <object>
        <name>player</name>
        <pose>Unspecified</pose>
        <truncated>0</truncated>
        <difficult>0</difficult>
        <bndbox>
            <xmin>1073.7622680664062</xmin>
            <ymin>572.823974609375</ymin>
            <xmax>1199.9773437499998</xmax>
            <ymax>720.0</ymax>
        </bndbox>
    </object>    <object>
        <name>player</name>
        <pose>Unspecified</pose>
        <truncated>0</truncated>
        <difficult>0</difficult>
        <bndbox>
            <xmin>342.41250000000036</xmin>
            <ymin>437.33270263671875</ymin>
            <xmax>438.7993121147156</xmax>
            <ymax>574.3062500000004</ymax>
        </bndbox>
    </object>    <object>
        <name>player</name>
        <pose>Unspecified</pose>
        <truncated>0</truncated>
        <difficult>0</difficult>
        <bndbox>
            <xmin>120.98750000000086</xmin>
            <ymin>296.446044921875</ymin>
            <xmax>220.05526638031006</xmax>
            <ymax>409.5812500000003</ymax>
        </bndbox>
    </object>    <object>
        <name>player</name>
        <pose>Unspecified</pose>
        <truncated>0</truncated>
        <difficult>0</difficult>
        <bndbox>
            <xmin>547.8971557617188</xmin>
            <ymin>338.03814697265625</ymin>
            <xmax>634.7562500000012</xmax>
            <ymax>481.18125000000066</ymax>
        </bndbox>
    </object>    <object>
        <name>player</name>
        <pose>Unspecified</pose>
        <truncated>0</truncated>
        <difficult>0</difficult>
        <bndbox>
            <xmin>333.06875000000014</xmin>
            <ymin>262.30224609375</ymin>
            <xmax>405.6054685115814</xmax>
            <ymax>372.375</ymax>
        </bndbox>
    </object>
</annotation>
