<annotation>
    <folder></folder>
    <filename>frame_000388</filename>
    <path></path>
    <source>
        <database>Unknown</database>
    </source>
    <size>
        <width>1280</width>
        <height>720</height>
        <depth>3</depth>
    </size>
    <segmented>0</segmented>
    <object>
        <name>player</name>
        <pose>Unspecified</pose>
        <truncated>0</truncated>
        <difficult>0</difficult>
        <bndbox>
            <xmin>804.656000000001</xmin>
            <ymin>373.39734375</ymin>
            <xmax>870.5533172607422</xmax>
            <ymax>508.544000000001</ymax>
        </bndbox>
    </object>    <object>
        <name>player</name>
        <pose>Unspecified</pose>
        <truncated>0</truncated>
        <difficult>0</difficult>
        <bndbox>
            <xmin>584.3572916666672</xmin>
            <ymin>222.24244791666692</ymin>
            <xmax>658.6945343017578</xmax>
            <ymax>315.40351765950555</ymax>
        </bndbox>
    </object>    <object>
        <name>player</name>
        <pose>Unspecified</pose>
        <truncated>0</truncated>
        <difficult>0</difficult>
        <bndbox>
            <xmin>1183.0900146484375</xmin>
            <ymin>461.9555257161458</ymin>
            <xmax>1278.7939697901409</xmax>
            <ymax>628.2000000000011</ymax>
        </bndbox>
    </object>    <object>
        <name>player</name>
        <pose>Unspecified</pose>
        <truncated>0</truncated>
        <difficult>0</difficult>
        <bndbox>
            <xmin>1164.9684244791667</xmin>
            <ymin>274.90692274305553</ymin>
            <xmax>1219.2711111111118</xmax>
            <ymax>386.9933333333346</ymax>
        </bndbox>
    </object>    <object>
        <name>player</name>
        <pose>Unspecified</pose>
        <truncated>0</truncated>
        <difficult>0</difficult>
        <bndbox>
            <xmin>0.9989583333333333</xmin>
            <ymin>311.87819010416666</ymin>
            <xmax>79.11286453247206</xmax>
            <ymax>413.5149177042654</ymax>
        </bndbox>
    </object>    <object>
        <name>player</name>
        <pose>Unspecified</pose>
        <truncated>0</truncated>
        <difficult>0</difficult>
        <bndbox>
            <xmin>443.79896093750006</xmin>
            <ymin>289.1687890625</ymin>
            <xmax>516.4872187500014</xmax>
            <ymax>398.956000000001</ymax>
        </bndbox>
    </object>    <object>
        <name>player</name>
        <pose>Unspecified</pose>
        <truncated>0</truncated>
        <difficult>0</difficult>
        <bndbox>
            <xmin>126.40000000000146</xmin>
            <ymin>360.99609375</ymin>
            <xmax>251.17545064290366</xmax>
            <ymax>467.7333333333342</ymax>
        </bndbox>
    </object>
</annotation>
