<annotation>
    <folder></folder>
    <filename>frame_000147</filename>
    <path></path>
    <source>
        <database>Unknown</database>
    </source>
    <size>
        <width>1280</width>
        <height>720</height>
        <depth>3</depth>
    </size>
    <segmented>0</segmented>
    <object>
        <name>ref</name>
        <pose>Unspecified</pose>
        <truncated>0</truncated>
        <difficult>0</difficult>
        <bndbox>
            <xmin>43.750651041666664</xmin>
            <ymin>399.5546875</ymin>
            <xmax>97.29303385416704</xmax>
            <ymax>507.8000000000011</ymax>
        </bndbox>
    </object>    <object>
        <name>player</name>
        <pose>Unspecified</pose>
        <truncated>0</truncated>
        <difficult>0</difficult>
        <bndbox>
            <xmin>105.85208333333463</xmin>
            <ymin>392.47352430555554</ymin>
            <xmax>180.82222493489584</xmax>
            <ymax>525.7781277126724</ymax>
        </bndbox>
    </object>    <object>
        <name>keeper</name>
        <pose>Unspecified</pose>
        <truncated>0</truncated>
        <difficult>0</difficult>
        <bndbox>
            <xmin>573.7304325810185</xmin>
            <ymin>277.0979094328704</ymin>
            <xmax>670.7609953703703</xmax>
            <ymax>365.1039351851859</ymax>
        </bndbox>
    </object>    <object>
        <name>player</name>
        <pose>Unspecified</pose>
        <truncated>0</truncated>
        <difficult>0</difficult>
        <bndbox>
            <xmin>890.94140625</xmin>
            <ymin>291.7330729166667</ymin>
            <xmax>950.9410156250015</xmax>
            <ymax>402.0795572916674</ymax>
        </bndbox>
    </object>    <object>
        <name>player</name>
        <pose>Unspecified</pose>
        <truncated>0</truncated>
        <difficult>0</difficult>
        <bndbox>
            <xmin>1015.3345269097222</xmin>
            <ymin>393.95030381944446</ymin>
            <xmax>1094.8666666666677</xmax>
            <ymax>534.322222222223</ymax>
        </bndbox>
    </object>    <object>
        <name>player</name>
        <pose>Unspecified</pose>
        <truncated>0</truncated>
        <difficult>0</difficult>
        <bndbox>
            <xmin>141.15937500000007</xmin>
            <ymin>452.8396267361111</ymin>
            <xmax>228.86879374186296</xmax>
            <ymax>550.4555555555556</ymax>
        </bndbox>
    </object>    <object>
        <name>player</name>
        <pose>Unspecified</pose>
        <truncated>0</truncated>
        <difficult>0</difficult>
        <bndbox>
            <xmin>410.8708767361111</xmin>
            <ymin>341.7087673611111</ymin>
            <xmax>503.81111111111125</xmax>
            <ymax>455.7333333333344</ymax>
        </bndbox>
    </object>    <object>
        <name>player</name>
        <pose>Unspecified</pose>
        <truncated>0</truncated>
        <difficult>0</difficult>
        <bndbox>
            <xmin>600.1800130208334</xmin>
            <ymin>393.0734592013889</ymin>
            <xmax>670.0555555555563</xmax>
            <ymax>532.1666666666681</ymax>
        </bndbox>
    </object>    <object>
        <name>player</name>
        <pose>Unspecified</pose>
        <truncated>0</truncated>
        <difficult>0</difficult>
        <bndbox>
            <xmin>462.16981336805554</xmin>
            <ymin>293.1535373263889</ymin>
            <xmax>536.2302083333341</xmax>
            <ymax>412.1454861111106</ymax>
        </bndbox>
    </object>
</annotation>
