<annotation>
    <folder></folder>
    <filename>frame_000306</filename>
    <path></path>
    <source>
        <database>Unknown</database>
    </source>
    <size>
        <width>1280</width>
        <height>720</height>
        <depth>3</depth>
    </size>
    <segmented>0</segmented>
    <object>
        <name>player</name>
        <pose>Unspecified</pose>
        <truncated>0</truncated>
        <difficult>0</difficult>
        <bndbox>
            <xmin>60.90996093750073</xmin>
            <ymin>336.42529296875</ymin>
            <xmax>118.85215072631763</xmax>
            <ymax>437.04208984375146</ymax>
        </bndbox>
    </object>    <object>
        <name>keeper</name>
        <pose>Unspecified</pose>
        <truncated>0</truncated>
        <difficult>0</difficult>
        <bndbox>
            <xmin>177.21142578125</xmin>
            <ymin>277.0390625</ymin>
            <xmax>230.90849609375073</xmax>
            <ymax>397.00839843750055</ymax>
        </bndbox>
    </object>    <object>
        <name>player</name>
        <pose>Unspecified</pose>
        <truncated>0</truncated>
        <difficult>0</difficult>
        <bndbox>
            <xmin>324.9500000000007</xmin>
            <ymin>224.025390625</ymin>
            <xmax>386.4388656616211</xmax>
            <ymax>326.3000000000011</ymax>
        </bndbox>
    </object>    <object>
        <name>player</name>
        <pose>Unspecified</pose>
        <truncated>0</truncated>
        <difficult>0</difficult>
        <bndbox>
            <xmin>572.0</xmin>
            <ymin>394.2939453125</ymin>
            <xmax>653.3258895874023</xmax>
            <ymax>532.9500000000007</ymax>
        </bndbox>
    </object>    <object>
        <name>player</name>
        <pose>Unspecified</pose>
        <truncated>0</truncated>
        <difficult>0</difficult>
        <bndbox>
            <xmin>185.32275390625</xmin>
            <ymin>273.8349609375</ymin>
            <xmax>239.72314453125</xmax>
            <ymax>370.3349639892567</ymax>
        </bndbox>
    </object>    <object>
        <name>player</name>
        <pose>Unspecified</pose>
        <truncated>0</truncated>
        <difficult>0</difficult>
        <bndbox>
            <xmin>391.40000000000146</xmin>
            <ymin>315.54833984375</ymin>
            <xmax>460.48740005493164</xmax>
            <ymax>422.6000000000013</ymax>
        </bndbox>
    </object>    <object>
        <name>player</name>
        <pose>Unspecified</pose>
        <truncated>0</truncated>
        <difficult>0</difficult>
        <bndbox>
            <xmin>227.59033203125</xmin>
            <ymin>217.5908203125</ymin>
            <xmax>294.32119140625036</xmax>
            <ymax>312.1826171875</ymax>
        </bndbox>
    </object>
</annotation>
