<annotation>
    <folder></folder>
    <filename>frame_000084</filename>
    <path></path>
    <source>
        <database>Unknown</database>
    </source>
    <size>
        <width>1280</width>
        <height>720</height>
        <depth>3</depth>
    </size>
    <segmented>0</segmented>
    <object>
        <name>player</name>
        <pose>Unspecified</pose>
        <truncated>0</truncated>
        <difficult>0</difficult>
        <bndbox>
            <xmin>78.37730189732143</xmin>
            <ymin>450.5458984375</ymin>
            <xmax>153.25269252232178</xmax>
            <ymax>549.0882812500004</ymax>
        </bndbox>
    </object>    <object>
        <name>player</name>
        <pose>Unspecified</pose>
        <truncated>0</truncated>
        <difficult>0</difficult>
        <bndbox>
            <xmin>1043.140964673913</xmin>
            <ymin>621.9087126358696</ymin>
            <xmax>1126.6815896739145</xmax>
            <ymax>720.0</ymax>
        </bndbox>
    </object>    <object>
        <name>player</name>
        <pose>Unspecified</pose>
        <truncated>0</truncated>
        <difficult>0</difficult>
        <bndbox>
            <xmin>964.1661690848217</xmin>
            <ymin>403.28048270089283</ymin>
            <xmax>1062.2131515597705</xmax>
            <ymax>533.1209293720889</ymax>
        </bndbox>
    </object>    <object>
        <name>keeper</name>
        <pose>Unspecified</pose>
        <truncated>0</truncated>
        <difficult>0</difficult>
        <bndbox>
            <xmin>458.3046450407609</xmin>
            <ymin>272.0780825407609</ymin>
            <xmax>532.8304347826095</xmax>
            <ymax>356.38260869565323</ymax>
        </bndbox>
    </object>    <object>
        <name>player</name>
        <pose>Unspecified</pose>
        <truncated>0</truncated>
        <difficult>0</difficult>
        <bndbox>
            <xmin>510.3784877232143</xmin>
            <ymin>272.63783482142856</ymin>
            <xmax>556.5214285714286</xmax>
            <ymax>377.2642857142864</ymax>
        </bndbox>
    </object>    <object>
        <name>player</name>
        <pose>Unspecified</pose>
        <truncated>0</truncated>
        <difficult>0</difficult>
        <bndbox>
            <xmin>599.2208984375001</xmin>
            <ymin>333.63553292410717</ymin>
            <xmax>671.3189776829314</xmax>
            <ymax>443.25714285714326</ymax>
        </bndbox>
    </object>    <object>
        <name>player</name>
        <pose>Unspecified</pose>
        <truncated>0</truncated>
        <difficult>0</difficult>
        <bndbox>
            <xmin>207.78229631696428</xmin>
            <ymin>462.9716099330357</ymin>
            <xmax>295.5170479910719</xmax>
            <ymax>594.9723493303575</ymax>
        </bndbox>
    </object>    <object>
        <name>player</name>
        <pose>Unspecified</pose>
        <truncated>0</truncated>
        <difficult>0</difficult>
        <bndbox>
            <xmin>343.60121372767856</xmin>
            <ymin>266.50306919642856</ymin>
            <xmax>416.1571428571433</xmax>
            <ymax>376.5214285714293</ymax>
        </bndbox>
    </object>    <object>
        <name>player</name>
        <pose>Unspecified</pose>
        <truncated>0</truncated>
        <difficult>0</difficult>
        <bndbox>
            <xmin>319.11962890625</xmin>
            <ymin>368.56089564732144</ymin>
            <xmax>394.52472098214224</xmax>
            <ymax>491.3301646641324</ymax>
        </bndbox>
    </object>    <object>
        <name>player</name>
        <pose>Unspecified</pose>
        <truncated>0</truncated>
        <difficult>0</difficult>
        <bndbox>
            <xmin>245.75963824728262</xmin>
            <ymin>272.6827870244565</ymin>
            <xmax>314.8295864602807</xmax>
            <ymax>389.15974864130436</ymax>
        </bndbox>
    </object>
</annotation>
