<annotation>
    <folder></folder>
    <filename>frame_000466</filename>
    <path></path>
    <source>
        <database>Unknown</database>
    </source>
    <size>
        <width>1280</width>
        <height>720</height>
        <depth>3</depth>
    </size>
    <segmented>0</segmented>
    <object>
        <name>player</name>
        <pose>Unspecified</pose>
        <truncated>0</truncated>
        <difficult>0</difficult>
        <bndbox>
            <xmin>692.3302283653846</xmin>
            <ymin>261.07091346153845</ymin>
            <xmax>746.0494991987191</xmax>
            <ymax>369.9338474893168</ymax>
        </bndbox>
    </object>    <object>
        <name>player</name>
        <pose>Unspecified</pose>
        <truncated>0</truncated>
        <difficult>0</difficult>
        <bndbox>
            <xmin>218.08028846153908</xmin>
            <ymin>219.65399639423077</ymin>
            <xmax>270.92070570725684</xmax>
            <ymax>309.5153846153851</ymax>
        </bndbox>
    </object>    <object>
        <name>player</name>
        <pose>Unspecified</pose>
        <truncated>0</truncated>
        <difficult>0</difficult>
        <bndbox>
            <xmin>1090.580765335648</xmin>
            <ymin>385.02430555555554</ymin>
            <xmax>1152.7444444444454</xmax>
            <ymax>520.2777777777787</ymax>
        </bndbox>
    </object>    <object>
        <name>player</name>
        <pose>Unspecified</pose>
        <truncated>0</truncated>
        <difficult>0</difficult>
        <bndbox>
            <xmin>957.2427884615385</xmin>
            <ymin>262.30160757211536</ymin>
            <xmax>1006.7042178596882</xmax>
            <ymax>358.374104678598</ymax>
        </bndbox>
    </object>    <object>
        <name>player</name>
        <pose>Unspecified</pose>
        <truncated>0</truncated>
        <difficult>0</difficult>
        <bndbox>
            <xmin>168.8016075721154</xmin>
            <ymin>277.7365534855769</ymin>
            <xmax>220.42893716535036</xmax>
            <ymax>400.63279914529954</ymax>
        </bndbox>
    </object>    <object>
        <name>player</name>
        <pose>Unspecified</pose>
        <truncated>0</truncated>
        <difficult>0</difficult>
        <bndbox>
            <xmin>138.37407407407423</xmin>
            <ymin>530.2781032986111</ymin>
            <xmax>226.97451951768664</xmax>
            <ymax>667.1703703703705</ymax>
        </bndbox>
    </object>    <object>
        <name>ref</name>
        <pose>Unspecified</pose>
        <truncated>0</truncated>
        <difficult>0</difficult>
        <bndbox>
            <xmin>1127.296875</xmin>
            <ymin>195.9404296875</ymin>
            <xmax>1178.3462745949084</xmax>
            <ymax>294.7847873263899</ymax>
        </bndbox>
    </object>    <object>
        <name>player</name>
        <pose>Unspecified</pose>
        <truncated>0</truncated>
        <difficult>0</difficult>
        <bndbox>
            <xmin>488.475578703704</xmin>
            <ymin>225.63812934027777</ymin>
            <xmax>536.5345099272542</xmax>
            <ymax>321.7674768518533</ymax>
        </bndbox>
    </object>    <object>
        <name>player</name>
        <pose>Unspecified</pose>
        <truncated>0</truncated>
        <difficult>0</difficult>
        <bndbox>
            <xmin>297.7814814814826</xmin>
            <ymin>373.3679108796296</ymin>
            <xmax>369.57577034279154</xmax>
            <ymax>499.10000000000036</ymax>
        </bndbox>
    </object>
</annotation>
