<annotation>
    <folder></folder>
    <filename>frame_000230</filename>
    <path></path>
    <source>
        <database>Unknown</database>
    </source>
    <size>
        <width>1280</width>
        <height>720</height>
        <depth>3</depth>
    </size>
    <segmented>0</segmented>
    <object>
        <name>player</name>
        <pose>Unspecified</pose>
        <truncated>0</truncated>
        <difficult>0</difficult>
        <bndbox>
            <xmin>43.58935546875</xmin>
            <ymin>297.2025146484375</ymin>
            <xmax>110.05244140625109</xmax>
            <ymax>423.5659912109386</ymax>
        </bndbox>
    </object>    <object>
        <name>keeper</name>
        <pose>Unspecified</pose>
        <truncated>0</truncated>
        <difficult>0</difficult>
        <bndbox>
            <xmin>441.1900634765625</xmin>
            <ymin>275.8333740234375</ymin>
            <xmax>539.3423837661749</xmax>
            <ymax>381.8625000000013</ymax>
        </bndbox>
    </object>    <object>
        <name>player</name>
        <pose>Unspecified</pose>
        <truncated>0</truncated>
        <difficult>0</difficult>
        <bndbox>
            <xmin>958.1431884765625</xmin>
            <ymin>248.92431640625</ymin>
            <xmax>1033.4375000000002</xmax>
            <ymax>345.42500000000064</ymax>
        </bndbox>
    </object>    <object>
        <name>player</name>
        <pose>Unspecified</pose>
        <truncated>0</truncated>
        <difficult>0</difficult>
        <bndbox>
            <xmin>1092.9725341796875</xmin>
            <ymin>592.03466796875</ymin>
            <xmax>1196.2203124999999</xmax>
            <ymax>720.0</ymax>
        </bndbox>
    </object>    <object>
        <name>player</name>
        <pose>Unspecified</pose>
        <truncated>0</truncated>
        <difficult>0</difficult>
        <bndbox>
            <xmin>348.97500000000036</xmin>
            <ymin>437.8013916015625</ymin>
            <xmax>458.00940799713135</xmax>
            <ymax>574.7875000000006</ymax>
        </bndbox>
    </object>    <object>
        <name>player</name>
        <pose>Unspecified</pose>
        <truncated>0</truncated>
        <difficult>0</difficult>
        <bndbox>
            <xmin>115.82500000000118</xmin>
            <ymin>288.01220703125</ymin>
            <xmax>211.62151527404785</xmax>
            <ymax>402.53750000000014</ymax>
        </bndbox>
    </object>    <object>
        <name>player</name>
        <pose>Unspecified</pose>
        <truncated>0</truncated>
        <difficult>0</difficult>
        <bndbox>
            <xmin>531.9664306640625</xmin>
            <ymin>334.2899169921875</ymin>
            <xmax>608.9875000000013</xmax>
            <ymax>474.1375000000005</ymax>
        </bndbox>
    </object>    <object>
        <name>player</name>
        <pose>Unspecified</pose>
        <truncated>0</truncated>
        <difficult>0</difficult>
        <bndbox>
            <xmin>318.06250000000045</xmin>
            <ymin>256.6796875</ymin>
            <xmax>387.80058336257935</xmax>
            <ymax>366.25</ymax>
        </bndbox>
    </object>
</annotation>
