<annotation>
    <folder></folder>
    <filename>frame_000149</filename>
    <path></path>
    <source>
        <database>Unknown</database>
    </source>
    <size>
        <width>1280</width>
        <height>720</height>
        <depth>3</depth>
    </size>
    <segmented>0</segmented>
    <object>
        <name>ref</name>
        <pose>Unspecified</pose>
        <truncated>0</truncated>
        <difficult>0</difficult>
        <bndbox>
            <xmin>44.305989583333336</xmin>
            <ymin>399.5546875</ymin>
            <xmax>97.84837239583369</xmax>
            <ymax>507.8000000000011</ymax>
        </bndbox>
    </object>    <object>
        <name>player</name>
        <pose>Unspecified</pose>
        <truncated>0</truncated>
        <difficult>0</difficult>
        <bndbox>
            <xmin>106.8041666666678</xmin>
            <ymin>388.5466579861111</ymin>
            <xmax>182.84444681803384</xmax>
            <ymax>521.2558617485884</ymax>
        </bndbox>
    </object>    <object>
        <name>keeper</name>
        <pose>Unspecified</pose>
        <truncated>0</truncated>
        <difficult>0</difficult>
        <bndbox>
            <xmin>575.6343677662037</xmin>
            <ymin>276.6219256365741</ymin>
            <xmax>673.540870949074</xmax>
            <ymax>364.86594328703774</ymax>
        </bndbox>
    </object>    <object>
        <name>player</name>
        <pose>Unspecified</pose>
        <truncated>0</truncated>
        <difficult>0</difficult>
        <bndbox>
            <xmin>903.79296875</xmin>
            <ymin>291.9710286458333</ymin>
            <xmax>963.7925781250015</xmax>
            <ymax>402.31751302083404</ymax>
        </bndbox>
    </object>    <object>
        <name>player</name>
        <pose>Unspecified</pose>
        <truncated>0</truncated>
        <difficult>0</difficult>
        <bndbox>
            <xmin>1026.1631944444443</xmin>
            <ymin>397.8771701388889</ymin>
            <xmax>1105.9333333333345</xmax>
            <ymax>539.4444444444453</ymax>
        </bndbox>
    </object>    <object>
        <name>player</name>
        <pose>Unspecified</pose>
        <truncated>0</truncated>
        <difficult>0</difficult>
        <bndbox>
            <xmin>147.35195312500016</xmin>
            <ymin>451.41167534722223</ymin>
            <xmax>234.9375874837248</xmax>
            <ymax>551.4111111111112</ymax>
        </bndbox>
    </object>    <object>
        <name>player</name>
        <pose>Unspecified</pose>
        <truncated>0</truncated>
        <difficult>0</difficult>
        <bndbox>
            <xmin>403.01714409722223</xmin>
            <ymin>342.66069878472223</ymin>
            <xmax>492.6222222222225</xmax>
            <ymax>457.16666666666765</ymax>
        </bndbox>
    </object>    <object>
        <name>player</name>
        <pose>Unspecified</pose>
        <truncated>0</truncated>
        <difficult>0</difficult>
        <bndbox>
            <xmin>607.0817057291666</xmin>
            <ymin>392.95453559027777</ymin>
            <xmax>680.411111111112</xmax>
            <ymax>531.9333333333348</ymax>
        </bndbox>
    </object>    <object>
        <name>player</name>
        <pose>Unspecified</pose>
        <truncated>0</truncated>
        <difficult>0</difficult>
        <bndbox>
            <xmin>467.0486111111111</xmin>
            <ymin>293.74848090277777</ymin>
            <xmax>543.4889322916674</xmax>
            <ymax>411.7898003472219</ymax>
        </bndbox>
    </object>
</annotation>
