<annotation>
    <folder></folder>
    <filename>frame_000454</filename>
    <path></path>
    <source>
        <database>Unknown</database>
    </source>
    <size>
        <width>1280</width>
        <height>720</height>
        <depth>3</depth>
    </size>
    <segmented>0</segmented>
    <object>
        <name>player</name>
        <pose>Unspecified</pose>
        <truncated>0</truncated>
        <difficult>0</difficult>
        <bndbox>
            <xmin>712.1443810096154</xmin>
            <ymin>277.2275390625</ymin>
            <xmax>762.1461538461546</xmax>
            <ymax>396.47692307692313</ymax>
        </bndbox>
    </object>    <object>
        <name>player</name>
        <pose>Unspecified</pose>
        <truncated>0</truncated>
        <difficult>0</difficult>
        <bndbox>
            <xmin>260.25668569711536</xmin>
            <ymin>209.47581129807693</ymin>
            <xmax>319.14615384615524</xmax>
            <ymax>305.9692307692318</ymax>
        </bndbox>
    </object>    <object>
        <name>player</name>
        <pose>Unspecified</pose>
        <truncated>0</truncated>
        <difficult>0</difficult>
        <bndbox>
            <xmin>1095.374248798077</xmin>
            <ymin>390.43404447115387</ymin>
            <xmax>1159.5047626201933</xmax>
            <ymax>532.279882812501</ymax>
        </bndbox>
    </object>    <object>
        <name>player</name>
        <pose>Unspecified</pose>
        <truncated>0</truncated>
        <difficult>0</difficult>
        <bndbox>
            <xmin>975.2940955528846</xmin>
            <ymin>266.36868990384613</ymin>
            <xmax>1025.657617187501</xmax>
            <ymax>370.60890925480845</ymax>
        </bndbox>
    </object>    <object>
        <name>player</name>
        <pose>Unspecified</pose>
        <truncated>0</truncated>
        <difficult>0</difficult>
        <bndbox>
            <xmin>128.75721153846155</xmin>
            <ymin>288.9152644230769</ymin>
            <xmax>190.87692307692376</xmax>
            <ymax>412.2384615384616</ymax>
        </bndbox>
    </object>    <object>
        <name>player</name>
        <pose>Unspecified</pose>
        <truncated>0</truncated>
        <difficult>0</difficult>
        <bndbox>
            <xmin>71.7153846153847</xmin>
            <ymin>530.8123497596154</ymin>
            <xmax>144.87984994741586</xmax>
            <ymax>652.1923076923077</ymax>
        </bndbox>
    </object>    <object>
        <name>ref</name>
        <pose>Unspecified</pose>
        <truncated>0</truncated>
        <difficult>0</difficult>
        <bndbox>
            <xmin>1185.182638888889</xmin>
            <ymin>200.38368055555554</ymin>
            <xmax>1230.48888888889</xmax>
            <ymax>303.390443759495</ymax>
        </bndbox>
    </object>    <object>
        <name>player</name>
        <pose>Unspecified</pose>
        <truncated>0</truncated>
        <difficult>0</difficult>
        <bndbox>
            <xmin>472.54849759615394</xmin>
            <ymin>231.0965294471154</ymin>
            <xmax>525.8248701242287</xmax>
            <ymax>321.9916466346168</ymax>
        </bndbox>
    </object>    <object>
        <name>player</name>
        <pose>Unspecified</pose>
        <truncated>0</truncated>
        <difficult>0</difficult>
        <bndbox>
            <xmin>253.01538461538607</xmin>
            <ymin>370.75</ymin>
            <xmax>329.62372002234827</xmax>
            <ymax>498.8538461538466</ymax>
        </bndbox>
    </object>
</annotation>
