<annotation>
    <folder></folder>
    <filename>frame_000040</filename>
    <path></path>
    <source>
        <database>Unknown</database>
    </source>
    <size>
        <width>1280</width>
        <height>720</height>
        <depth>3</depth>
    </size>
    <segmented>0</segmented>
    <object>
        <name>player</name>
        <pose>Unspecified</pose>
        <truncated>0</truncated>
        <difficult>0</difficult>
        <bndbox>
            <xmin>134.2784375</xmin>
            <ymin>477.06984375</ymin>
            <xmax>227.09775000000133</xmax>
            <ymax>579.4110078125007</ymax>
        </bndbox>
    </object>    <object>
        <name>player</name>
        <pose>Unspecified</pose>
        <truncated>0</truncated>
        <difficult>0</difficult>
        <bndbox>
            <xmin>849.07921875</xmin>
            <ymin>621.007265625</ymin>
            <xmax>941.0840000000009</xmax>
            <ymax>720.0</ymax>
        </bndbox>
    </object>    <object>
        <name>player</name>
        <pose>Unspecified</pose>
        <truncated>0</truncated>
        <difficult>0</difficult>
        <bndbox>
            <xmin>883.2091264204554</xmin>
            <ymin>334.5162464488636</ymin>
            <xmax>977.6163696289066</xmax>
            <ymax>450.36363636363717</ymax>
        </bndbox>
    </object>    <object>
        <name>keeper</name>
        <pose>Unspecified</pose>
        <truncated>0</truncated>
        <difficult>0</difficult>
        <bndbox>
            <xmin>510.0569921875</xmin>
            <ymin>271.8322265625</ymin>
            <xmax>606.364</xmax>
            <ymax>359.4320000000004</ymax>
        </bndbox>
    </object>    <object>
        <name>player</name>
        <pose>Unspecified</pose>
        <truncated>0</truncated>
        <difficult>0</difficult>
        <bndbox>
            <xmin>394.13352272727275</xmin>
            <ymin>293.4588068181818</ymin>
            <xmax>474.8818181818191</xmax>
            <ymax>408.445454545455</ymax>
        </bndbox>
    </object>    <object>
        <name>ref</name>
        <pose>Unspecified</pose>
        <truncated>0</truncated>
        <difficult>0</difficult>
        <bndbox>
            <xmin>0.0</xmin>
            <ymin>416.7978515625</ymin>
            <xmax>31.087011718751093</xmax>
            <ymax>518.5</ymax>
        </bndbox>
    </object>    <object>
        <name>player</name>
        <pose>Unspecified</pose>
        <truncated>0</truncated>
        <difficult>0</difficult>
        <bndbox>
            <xmin>475.51997514204544</xmin>
            <ymin>304.19850852272725</ymin>
            <xmax>565.267167524858</xmax>
            <ymax>434.2000000000007</ymax>
        </bndbox>
    </object>    <object>
        <name>player</name>
        <pose>Unspecified</pose>
        <truncated>0</truncated>
        <difficult>0</difficult>
        <bndbox>
            <xmin>335.8826349431818</xmin>
            <ymin>407.91574928977275</ymin>
            <xmax>439.925416193183</xmax>
            <ymax>524.8680852272734</ymax>
        </bndbox>
    </object>    <object>
        <name>player</name>
        <pose>Unspecified</pose>
        <truncated>0</truncated>
        <difficult>0</difficult>
        <bndbox>
            <xmin>276.3302734375</xmin>
            <ymin>256.966640625</ymin>
            <xmax>346.0945390625004</xmax>
            <ymax>367.94921093750105</ymax>
        </bndbox>
    </object>    <object>
        <name>player</name>
        <pose>Unspecified</pose>
        <truncated>0</truncated>
        <difficult>0</difficult>
        <bndbox>
            <xmin>246.2045276988647</xmin>
            <ymin>331.32546164772725</ymin>
            <xmax>328.7794045188212</xmax>
            <ymax>461.9818181818193</ymax>
        </bndbox>
    </object>    <object>
        <name>player</name>
        <pose>Unspecified</pose>
        <truncated>0</truncated>
        <difficult>0</difficult>
        <bndbox>
            <xmin>224.9857421875</xmin>
            <ymin>264.0781640625</ymin>
            <xmax>282.79845733642435</xmax>
            <ymax>375.38617187500034</ymax>
        </bndbox>
    </object>
</annotation>
