<annotation>
    <folder></folder>
    <filename>frame_000048</filename>
    <path></path>
    <source>
        <database>Unknown</database>
    </source>
    <size>
        <width>1280</width>
        <height>720</height>
        <depth>3</depth>
    </size>
    <segmented>0</segmented>
    <object>
        <name>player</name>
        <pose>Unspecified</pose>
        <truncated>0</truncated>
        <difficult>0</difficult>
        <bndbox>
            <xmin>123.9975</xmin>
            <ymin>475.01390625</ymin>
            <xmax>210.29175000000097</xmax>
            <ymax>575.9736953125006</ymax>
        </bndbox>
    </object>    <object>
        <name>player</name>
        <pose>Unspecified</pose>
        <truncated>0</truncated>
        <difficult>0</difficult>
        <bndbox>
            <xmin>877.18109375</xmin>
            <ymin>617.237578125</ymin>
            <xmax>966.1080000000011</xmax>
            <ymax>720.0</ymax>
        </bndbox>
    </object>    <object>
        <name>player</name>
        <pose>Unspecified</pose>
        <truncated>0</truncated>
        <difficult>0</difficult>
        <bndbox>
            <xmin>890.966796875</xmin>
            <ymin>340.7158203125</ymin>
            <xmax>965.8000000000011</xmax>
            <ymax>462.8000000000011</ymax>
        </bndbox>
    </object>    <object>
        <name>keeper</name>
        <pose>Unspecified</pose>
        <truncated>0</truncated>
        <difficult>0</difficult>
        <bndbox>
            <xmin>499.4329296875</xmin>
            <ymin>270.8041015625</ymin>
            <xmax>592.6680000000003</xmax>
            <ymax>354.98400000000055</ymax>
        </bndbox>
    </object>    <object>
        <name>player</name>
        <pose>Unspecified</pose>
        <truncated>0</truncated>
        <difficult>0</difficult>
        <bndbox>
            <xmin>394.4453125</xmin>
            <ymin>290.125</ymin>
            <xmax>479.10000000000036</xmax>
            <ymax>394.7000000000007</ymax>
        </bndbox>
    </object>    <object>
        <name>ref</name>
        <pose>Unspecified</pose>
        <truncated>0</truncated>
        <difficult>0</difficult>
        <bndbox>
            <xmin>0.0</xmin>
            <ymin>416.7978515625</ymin>
            <xmax>23.59003906250109</xmax>
            <ymax>518.5</ymax>
        </bndbox>
    </object>    <object>
        <name>player</name>
        <pose>Unspecified</pose>
        <truncated>0</truncated>
        <difficult>0</difficult>
        <bndbox>
            <xmin>495.5732421875</xmin>
            <ymin>306.66015625</ymin>
            <xmax>570.5</xmax>
            <ymax>426.2000000000007</ymax>
        </bndbox>
    </object>    <object>
        <name>player</name>
        <pose>Unspecified</pose>
        <truncated>0</truncated>
        <difficult>0</difficult>
        <bndbox>
            <xmin>340.462890625</xmin>
            <ymin>418.5400390625</ymin>
            <xmax>450.65985937500045</xmax>
            <ymax>538.9163125000014</ymax>
        </bndbox>
    </object>    <object>
        <name>player</name>
        <pose>Unspecified</pose>
        <truncated>0</truncated>
        <difficult>0</difficult>
        <bndbox>
            <xmin>290.7240234375</xmin>
            <ymin>256.281328125</ymin>
            <xmax>358.0799765625005</xmax>
            <ymax>366.24814843750096</ymax>
        </bndbox>
    </object>    <object>
        <name>player</name>
        <pose>Unspecified</pose>
        <truncated>0</truncated>
        <difficult>0</difficult>
        <bndbox>
            <xmin>263.0166015625</xmin>
            <ymin>331.873046875</ymin>
            <xmax>328.7000000000007</xmax>
            <ymax>459.8000000000011</ymax>
        </bndbox>
    </object>    <object>
        <name>player</name>
        <pose>Unspecified</pose>
        <truncated>0</truncated>
        <difficult>0</difficult>
        <bndbox>
            <xmin>228.0701171875</xmin>
            <ymin>262.3647265625</ymin>
            <xmax>285.8828323364243</xmax>
            <ymax>373.67273437500035</ymax>
        </bndbox>
    </object>
</annotation>
