<annotation>
    <folder></folder>
    <filename>frame_000003</filename>
    <path></path>
    <source>
        <database>Unknown</database>
    </source>
    <size>
        <width>1280</width>
        <height>720</height>
        <depth>3</depth>
    </size>
    <segmented>0</segmented>
    <object>
        <name>player</name>
        <pose>Unspecified</pose>
        <truncated>0</truncated>
        <difficult>0</difficult>
        <bndbox>
            <xmin>159.78402132601352</xmin>
            <ymin>471.9360483530405</ymin>
            <xmax>241.3176777607687</xmax>
            <ymax>591.4820950894743</ymax>
        </bndbox>
    </object>    <object>
        <name>player</name>
        <pose>Unspecified</pose>
        <truncated>0</truncated>
        <difficult>0</difficult>
        <bndbox>
            <xmin>777.2822265625</xmin>
            <ymin>613.74609375</ymin>
            <xmax>896.1587219238281</xmax>
            <ymax>720.0</ymax>
        </bndbox>
    </object>    <object>
        <name>player</name>
        <pose>Unspecified</pose>
        <truncated>0</truncated>
        <difficult>0</difficult>
        <bndbox>
            <xmin>970.3255468750001</xmin>
            <ymin>291.65576171875</ymin>
            <xmax>1043.628854370117</xmax>
            <ymax>397.2508140563965</ymax>
        </bndbox>
    </object>    <object>
        <name>keeper</name>
        <pose>Unspecified</pose>
        <truncated>0</truncated>
        <difficult>0</difficult>
        <bndbox>
            <xmin>545.3125</xmin>
            <ymin>274.198828125</ymin>
            <xmax>654.5503616333008</xmax>
            <ymax>370.58517303466795</ymax>
        </bndbox>
    </object>    <object>
        <name>player</name>
        <pose>Unspecified</pose>
        <truncated>0</truncated>
        <difficult>0</difficult>
        <bndbox>
            <xmin>382.88943359375014</xmin>
            <ymin>357.198876953125</ymin>
            <xmax>482.1789096832275</xmax>
            <ymax>478.16788238525396</ymax>
        </bndbox>
    </object>    <object>
        <name>ref</name>
        <pose>Unspecified</pose>
        <truncated>0</truncated>
        <difficult>0</difficult>
        <bndbox>
            <xmin>36.927734375</xmin>
            <ymin>442.71484375</ymin>
            <xmax>87.2628288269043</xmax>
            <ymax>542.3140716552734</ymax>
        </bndbox>
    </object>    <object>
        <name>player</name>
        <pose>Unspecified</pose>
        <truncated>0</truncated>
        <difficult>0</difficult>
        <bndbox>
            <xmin>433.56415039062523</xmin>
            <ymin>330.4244140625</ymin>
            <xmax>495.0837631225586</xmax>
            <ymax>436.55831291198746</ymax>
        </bndbox>
    </object>    <object>
        <name>player</name>
        <pose>Unspecified</pose>
        <truncated>0</truncated>
        <difficult>0</difficult>
        <bndbox>
            <xmin>235.70409179687522</xmin>
            <ymin>362.01511718750015</ymin>
            <xmax>343.703443145752</xmax>
            <ymax>489.08798294067384</ymax>
        </bndbox>
    </object>    <object>
        <name>player</name>
        <pose>Unspecified</pose>
        <truncated>0</truncated>
        <difficult>0</difficult>
        <bndbox>
            <xmin>257.27783203125</xmin>
            <ymin>269.539990234375</ymin>
            <xmax>349.37602226257343</xmax>
            <ymax>377.27606040954606</ymax>
        </bndbox>
    </object>    <object>
        <name>player</name>
        <pose>Unspecified</pose>
        <truncated>0</truncated>
        <difficult>0</difficult>
        <bndbox>
            <xmin>233.7216015625001</xmin>
            <ymin>321.695263671875</ymin>
            <xmax>318.47456031799345</xmax>
            <ymax>448.41904296875146</ymax>
        </bndbox>
    </object>    <object>
        <name>player</name>
        <pose>Unspecified</pose>
        <truncated>0</truncated>
        <difficult>0</difficult>
        <bndbox>
            <xmin>201.91107421875023</xmin>
            <ymin>288.924755859375</ymin>
            <xmax>264.0242889404297</xmax>
            <ymax>393.9264542388917</ymax>
        </bndbox>
    </object>
</annotation>
