<annotation>
    <folder></folder>
    <filename>frame_000047</filename>
    <path></path>
    <source>
        <database>Unknown</database>
    </source>
    <size>
        <width>1280</width>
        <height>720</height>
        <depth>3</depth>
    </size>
    <segmented>0</segmented>
    <object>
        <name>player</name>
        <pose>Unspecified</pose>
        <truncated>0</truncated>
        <difficult>0</difficult>
        <bndbox>
            <xmin>125.2826171875</xmin>
            <ymin>475.2708984375</ymin>
            <xmax>212.392500000001</xmax>
            <ymax>576.4033593750006</ymax>
        </bndbox>
    </object>    <object>
        <name>player</name>
        <pose>Unspecified</pose>
        <truncated>0</truncated>
        <difficult>0</difficult>
        <bndbox>
            <xmin>873.668359375</xmin>
            <ymin>617.7087890625</ymin>
            <xmax>962.980000000001</xmax>
            <ymax>720.0</ymax>
        </bndbox>
    </object>    <object>
        <name>player</name>
        <pose>Unspecified</pose>
        <truncated>0</truncated>
        <difficult>0</difficult>
        <bndbox>
            <xmin>889.9970880681819</xmin>
            <ymin>339.94087357954544</ymin>
            <xmax>967.2770462036143</xmax>
            <ymax>461.24545454545563</ymax>
        </bndbox>
    </object>    <object>
        <name>keeper</name>
        <pose>Unspecified</pose>
        <truncated>0</truncated>
        <difficult>0</difficult>
        <bndbox>
            <xmin>500.7609375</xmin>
            <ymin>270.9326171875</ymin>
            <xmax>594.3800000000003</xmax>
            <ymax>355.54000000000053</ymax>
        </bndbox>
    </object>    <object>
        <name>player</name>
        <pose>Unspecified</pose>
        <truncated>0</truncated>
        <difficult>0</difficult>
        <bndbox>
            <xmin>394.40633877840907</xmin>
            <ymin>290.54172585227275</ymin>
            <xmax>478.5727272727277</xmax>
            <ymax>396.4181818181825</ymax>
        </bndbox>
    </object>    <object>
        <name>ref</name>
        <pose>Unspecified</pose>
        <truncated>0</truncated>
        <difficult>0</difficult>
        <bndbox>
            <xmin>0.0</xmin>
            <ymin>416.7978515625</ymin>
            <xmax>23.59003906250109</xmax>
            <ymax>518.5</ymax>
        </bndbox>
    </object>    <object>
        <name>player</name>
        <pose>Unspecified</pose>
        <truncated>0</truncated>
        <difficult>0</difficult>
        <bndbox>
            <xmin>493.0665838068182</xmin>
            <ymin>306.35245028409093</ymin>
            <xmax>569.8458959406072</xmax>
            <ymax>427.2000000000007</ymax>
        </bndbox>
    </object>    <object>
        <name>player</name>
        <pose>Unspecified</pose>
        <truncated>0</truncated>
        <difficult>0</difficult>
        <bndbox>
            <xmin>339.89035866477275</xmin>
            <ymin>417.21200284090907</ymin>
            <xmax>449.3180539772733</xmax>
            <ymax>537.1602840909104</ymax>
        </bndbox>
    </object>    <object>
        <name>player</name>
        <pose>Unspecified</pose>
        <truncated>0</truncated>
        <difficult>0</difficult>
        <bndbox>
            <xmin>288.9248046875</xmin>
            <ymin>256.3669921875</ymin>
            <xmax>356.5817968750005</xmax>
            <ymax>366.46078125000093</ymax>
        </bndbox>
    </object>    <object>
        <name>player</name>
        <pose>Unspecified</pose>
        <truncated>0</truncated>
        <difficult>0</difficult>
        <bndbox>
            <xmin>260.9150923295456</xmin>
            <ymin>331.80459872159093</ymin>
            <xmax>328.7099255648533</xmax>
            <ymax>460.07272727272834</ymax>
        </bndbox>
    </object>    <object>
        <name>player</name>
        <pose>Unspecified</pose>
        <truncated>0</truncated>
        <difficult>0</difficult>
        <bndbox>
            <xmin>227.6845703125</xmin>
            <ymin>262.57890625</ymin>
            <xmax>285.4972854614243</xmax>
            <ymax>373.88691406250035</ymax>
        </bndbox>
    </object>
</annotation>
