<annotation>
    <folder></folder>
    <filename>frame_000292</filename>
    <path></path>
    <source>
        <database>Unknown</database>
    </source>
    <size>
        <width>1280</width>
        <height>720</height>
        <depth>3</depth>
    </size>
    <segmented>0</segmented>
    <object>
        <name>player</name>
        <pose>Unspecified</pose>
        <truncated>0</truncated>
        <difficult>0</difficult>
        <bndbox>
            <xmin>93.28725585937536</xmin>
            <ymin>326.297607421875</ymin>
            <xmax>152.35072281781277</xmax>
            <ymax>425.7743594898916</ymax>
        </bndbox>
    </object>    <object>
        <name>keeper</name>
        <pose>Unspecified</pose>
        <truncated>0</truncated>
        <difficult>0</difficult>
        <bndbox>
            <xmin>281.236083984375</xmin>
            <ymin>279.779541015625</ymin>
            <xmax>338.17104492187536</xmax>
            <ymax>399.7637207031257</ymax>
        </bndbox>
    </object>    <object>
        <name>player</name>
        <pose>Unspecified</pose>
        <truncated>0</truncated>
        <difficult>0</difficult>
        <bndbox>
            <xmin>489.27138671875036</xmin>
            <ymin>227.489990234375</ymin>
            <xmax>545.7128441081331</xmax>
            <ymax>329.92374482996274</ymax>
        </bndbox>
    </object>    <object>
        <name>player</name>
        <pose>Unspecified</pose>
        <truncated>0</truncated>
        <difficult>0</difficult>
        <bndbox>
            <xmin>578.375</xmin>
            <ymin>406.97119140625</ymin>
            <xmax>662.6968975067139</xmax>
            <ymax>548.5250000000015</ymax>
        </bndbox>
    </object>    <object>
        <name>player</name>
        <pose>Unspecified</pose>
        <truncated>0</truncated>
        <difficult>0</difficult>
        <bndbox>
            <xmin>205.167724609375</xmin>
            <ymin>272.729248046875</ymin>
            <xmax>268.9571371078491</xmax>
            <ymax>369.9499519348142</ymax>
        </bndbox>
    </object>    <object>
        <name>player</name>
        <pose>Unspecified</pose>
        <truncated>0</truncated>
        <difficult>0</difficult>
        <bndbox>
            <xmin>432.47500000000036</xmin>
            <ymin>318.446533203125</ymin>
            <xmax>505.07372093200684</xmax>
            <ymax>431.4500000000003</ymax>
        </bndbox>
    </object>    <object>
        <name>player</name>
        <pose>Unspecified</pose>
        <truncated>0</truncated>
        <difficult>0</difficult>
        <bndbox>
            <xmin>286.9354980468761</xmin>
            <ymin>225.9113281250011</ymin>
            <xmax>350.728759765625</xmax>
            <ymax>315.384521484375</ymax>
        </bndbox>
    </object>
</annotation>
