<annotation>
    <folder></folder>
    <filename>frame_000104</filename>
    <path></path>
    <source>
        <database>Unknown</database>
    </source>
    <size>
        <width>1280</width>
        <height>720</height>
        <depth>3</depth>
    </size>
    <segmented>0</segmented>
    <object>
        <name>ref</name>
        <pose>Unspecified</pose>
        <truncated>0</truncated>
        <difficult>0</difficult>
        <bndbox>
            <xmin>0.0</xmin>
            <ymin>399.5546875</ymin>
            <xmax>42.198977152506515</xmax>
            <ymax>505.3174865722659</ymax>
        </bndbox>
    </object>    <object>
        <name>player</name>
        <pose>Unspecified</pose>
        <truncated>0</truncated>
        <difficult>0</difficult>
        <bndbox>
            <xmin>86.90771484375</xmin>
            <ymin>433.9327799479167</ymin>
            <xmax>161.81689453125</xmax>
            <ymax>543.1911783854181</ymax>
        </bndbox>
    </object>    <object>
        <name>player</name>
        <pose>Unspecified</pose>
        <truncated>0</truncated>
        <difficult>0</difficult>
        <bndbox>
            <xmin>1184.2691731770835</xmin>
            <ymin>667.4010416666666</ymin>
            <xmax>1266.0412762959797</xmax>
            <ymax>720.0</ymax>
        </bndbox>
    </object>    <object>
        <name>player</name>
        <pose>Unspecified</pose>
        <truncated>0</truncated>
        <difficult>0</difficult>
        <bndbox>
            <xmin>1120.3933919270833</xmin>
            <ymin>443.3919270833333</ymin>
            <xmax>1212.6675437927245</xmax>
            <ymax>585.5864908854177</ymax>
        </bndbox>
    </object>    <object>
        <name>keeper</name>
        <pose>Unspecified</pose>
        <truncated>0</truncated>
        <difficult>0</difficult>
        <bndbox>
            <xmin>492.7529296875</xmin>
            <ymin>276.1458333333333</ymin>
            <xmax>586.2137044270834</xmax>
            <ymax>362.84042968750083</ymax>
        </bndbox>
    </object>    <object>
        <name>player</name>
        <pose>Unspecified</pose>
        <truncated>0</truncated>
        <difficult>0</difficult>
        <bndbox>
            <xmin>609.8147786458334</xmin>
            <ymin>270.2547200520833</ymin>
            <xmax>671.0558268229173</xmax>
            <ymax>371.6881184895844</ymax>
        </bndbox>
    </object>    <object>
        <name>player</name>
        <pose>Unspecified</pose>
        <truncated>0</truncated>
        <difficult>0</difficult>
        <bndbox>
            <xmin>695.0333333333338</xmin>
            <ymin>349.68359375</ymin>
            <xmax>808.3626963297526</xmax>
            <ymax>463.0000000000012</ymax>
        </bndbox>
    </object>    <object>
        <name>player</name>
        <pose>Unspecified</pose>
        <truncated>0</truncated>
        <difficult>0</difficult>
        <bndbox>
            <xmin>150.31754557291666</xmin>
            <ymin>472.6521809895833</ymin>
            <xmax>224.75</xmax>
            <ymax>568.7500000000003</ymax>
        </bndbox>
    </object>    <object>
        <name>player</name>
        <pose>Unspecified</pose>
        <truncated>0</truncated>
        <difficult>0</difficult>
        <bndbox>
            <xmin>411.2288411458333</xmin>
            <ymin>285.24658203125</ymin>
            <xmax>482.9294270833337</xmax>
            <ymax>395.5842773437507</ymax>
        </bndbox>
    </object>    <object>
        <name>player</name>
        <pose>Unspecified</pose>
        <truncated>0</truncated>
        <difficult>0</difficult>
        <bndbox>
            <xmin>402.6477864583333</xmin>
            <ymin>376.9495442708333</ymin>
            <xmax>483.8000000000011</xmax>
            <ymax>496.85000000000036</ymax>
        </bndbox>
    </object>    <object>
        <name>player</name>
        <pose>Unspecified</pose>
        <truncated>0</truncated>
        <difficult>0</difficult>
        <bndbox>
            <xmin>299.15234375</xmin>
            <ymin>285.7830403645833</ymin>
            <xmax>368.73398437500146</xmax>
            <ymax>402.4949544270833</ymax>
        </bndbox>
    </object>
</annotation>
