<annotation>
    <folder></folder>
    <filename>frame_000329</filename>
    <path></path>
    <source>
        <database>Unknown</database>
    </source>
    <size>
        <width>1280</width>
        <height>720</height>
        <depth>3</depth>
    </size>
    <segmented>0</segmented>
    <object>
        <name>player</name>
        <pose>Unspecified</pose>
        <truncated>0</truncated>
        <difficult>0</difficult>
        <bndbox>
            <xmin>979.8509765625</xmin>
            <ymin>478.64951171875</ymin>
            <xmax>1057.0800000000013</xmax>
            <ymax>644.270000000001</ymax>
        </bndbox>
    </object>    <object>
        <name>player</name>
        <pose>Unspecified</pose>
        <truncated>0</truncated>
        <difficult>0</difficult>
        <bndbox>
            <xmin>981.4077929687501</xmin>
            <ymin>234.73310546875</ymin>
            <xmax>1052.5072265625</xmax>
            <ymax>336.12000000000097</ymax>
        </bndbox>
    </object>    <object>
        <name>player</name>
        <pose>Unspecified</pose>
        <truncated>0</truncated>
        <difficult>0</difficult>
        <bndbox>
            <xmin>27.064453125</xmin>
            <ymin>205.46321614583334</ymin>
            <xmax>91.17460937500073</xmax>
            <ymax>293.27552083333404</ymax>
        </bndbox>
    </object>    <object>
        <name>player</name>
        <pose>Unspecified</pose>
        <truncated>0</truncated>
        <difficult>0</difficult>
        <bndbox>
            <xmin>434.3935546875</xmin>
            <ymin>366.12822265625</ymin>
            <xmax>558.8665093994141</xmax>
            <ymax>486.1100000000013</ymax>
        </bndbox>
    </object>    <object>
        <name>player</name>
        <pose>Unspecified</pose>
        <truncated>0</truncated>
        <difficult>0</difficult>
        <bndbox>
            <xmin>43.099609375</xmin>
            <ymin>276.2984375</ymin>
            <xmax>84.62000000000117</xmax>
            <ymax>373.4200000000001</ymax>
        </bndbox>
    </object>    <object>
        <name>player</name>
        <pose>Unspecified</pose>
        <truncated>0</truncated>
        <difficult>0</difficult>
        <bndbox>
            <xmin>233.537109375</xmin>
            <ymin>315.05859375</ymin>
            <xmax>307.0237458801257</xmax>
            <ymax>413.8825585937504</ymax>
        </bndbox>
    </object>
</annotation>
