<annotation>
    <folder></folder>
    <filename>frame_000019</filename>
    <path></path>
    <source>
        <database>Unknown</database>
    </source>
    <size>
        <width>1280</width>
        <height>720</height>
        <depth>3</depth>
    </size>
    <segmented>0</segmented>
    <object>
        <name>player</name>
        <pose>Unspecified</pose>
        <truncated>0</truncated>
        <difficult>0</difficult>
        <bndbox>
            <xmin>149.5956767314189</xmin>
            <ymin>474.7147645692568</ymin>
            <xmax>237.59171175570177</xmax>
            <ymax>586.4081679885455</ymax>
        </bndbox>
    </object>    <object>
        <name>player</name>
        <pose>Unspecified</pose>
        <truncated>0</truncated>
        <difficult>0</difficult>
        <bndbox>
            <xmin>787.5634765625</xmin>
            <ymin>618.88671875</ymin>
            <xmax>906.4399719238281</xmax>
            <ymax>720.0</ymax>
        </bndbox>
    </object>    <object>
        <name>player</name>
        <pose>Unspecified</pose>
        <truncated>0</truncated>
        <difficult>0</difficult>
        <bndbox>
            <xmin>924.9367968750004</xmin>
            <ymin>309.64794921875</ymin>
            <xmax>1000.7897918701171</xmax>
            <ymax>418.66181259155275</ymax>
        </bndbox>
    </object>    <object>
        <name>keeper</name>
        <pose>Unspecified</pose>
        <truncated>0</truncated>
        <difficult>0</difficult>
        <bndbox>
            <xmin>535.03125</xmin>
            <ymin>273.342578125</ymin>
            <xmax>644.2691116333008</xmax>
            <ymax>369.72892303466796</ymax>
        </bndbox>
    </object>    <object>
        <name>player</name>
        <pose>Unspecified</pose>
        <truncated>0</truncated>
        <difficult>0</difficult>
        <bndbox>
            <xmin>397.393496093751</xmin>
            <ymin>313.504345703125</ymin>
            <xmax>477.8956272125244</xmax>
            <ymax>445.63340484619175</ymax>
        </bndbox>
    </object>    <object>
        <name>ref</name>
        <pose>Unspecified</pose>
        <truncated>0</truncated>
        <difficult>0</difficult>
        <bndbox>
            <xmin>11.224609375</xmin>
            <ymin>432.43359375</ymin>
            <xmax>61.5597038269043</xmax>
            <ymax>532.0328216552734</ymax>
        </bndbox>
    </object>    <object>
        <name>player</name>
        <pose>Unspecified</pose>
        <truncated>0</truncated>
        <difficult>0</difficult>
        <bndbox>
            <xmin>449.88024414062636</xmin>
            <ymin>303.8650390625</ymin>
            <xmax>531.0681381225586</xmax>
            <ymax>439.1387242889415</ymax>
        </bndbox>
    </object>    <object>
        <name>player</name>
        <pose>Unspecified</pose>
        <truncated>0</truncated>
        <difficult>0</difficult>
        <bndbox>
            <xmin>282.0061230468764</xmin>
            <ymin>378.28324218750106</ymin>
            <xmax>389.1118782043457</xmax>
            <ymax>497.66399612426756</ymax>
        </bndbox>
    </object>    <object>
        <name>player</name>
        <pose>Unspecified</pose>
        <truncated>0</truncated>
        <difficult>0</difficult>
        <bndbox>
            <xmin>270.12939453125</xmin>
            <ymin>260.972021484375</ymin>
            <xmax>345.0691777801524</xmax>
            <ymax>372.12212120056256</ymax>
        </bndbox>
    </object>    <object>
        <name>player</name>
        <pose>Unspecified</pose>
        <truncated>0</truncated>
        <difficult>0</difficult>
        <bndbox>
            <xmin>229.46597656250069</xmin>
            <ymin>328.549169921875</ymin>
            <xmax>309.05034034729005</xmax>
            <ymax>462.98935546875146</ymax>
        </bndbox>
    </object>    <object>
        <name>player</name>
        <pose>Unspecified</pose>
        <truncated>0</truncated>
        <difficult>0</difficult>
        <bndbox>
            <xmin>216.4888867187514</xmin>
            <ymin>275.216162109375</ymin>
            <xmax>278.58913269042966</xmax>
            <ymax>386.18390907287665</ymax>
        </bndbox>
    </object>
</annotation>
