<annotation>
    <folder></folder>
    <filename>frame_000119</filename>
    <path></path>
    <source>
        <database>Unknown</database>
    </source>
    <size>
        <width>1280</width>
        <height>720</height>
        <depth>3</depth>
    </size>
    <segmented>0</segmented>
    <object>
        <name>ref</name>
        <pose>Unspecified</pose>
        <truncated>0</truncated>
        <difficult>0</difficult>
        <bndbox>
            <xmin>25.23431396484375</xmin>
            <ymin>399.5546875</ymin>
            <xmax>77.3625000000003</xmax>
            <ymax>507.20000000000095</ymax>
        </bndbox>
    </object>    <object>
        <name>player</name>
        <pose>Unspecified</pose>
        <truncated>0</truncated>
        <difficult>0</difficult>
        <bndbox>
            <xmin>108.88525390625</xmin>
            <ymin>422.21875</ymin>
            <xmax>173.38380126953155</xmax>
            <ymax>532.3155151367199</ymax>
        </bndbox>
    </object>    <object>
        <name>keeper</name>
        <pose>Unspecified</pose>
        <truncated>0</truncated>
        <difficult>0</difficult>
        <bndbox>
            <xmin>529.9249267578125</xmin>
            <ymin>276.5029296875</ymin>
            <xmax>622.1378173828125</xmax>
            <ymax>363.2000000000007</ymax>
        </bndbox>
    </object>    <object>
        <name>player</name>
        <pose>Unspecified</pose>
        <truncated>0</truncated>
        <difficult>0</difficult>
        <bndbox>
            <xmin>711.1541748046875</xmin>
            <ymin>275.297119140625</ymin>
            <xmax>775.4362060546882</xmax>
            <ymax>376.0209472656261</ymax>
        </bndbox>
    </object>    <object>
        <name>player</name>
        <pose>Unspecified</pose>
        <truncated>0</truncated>
        <difficult>0</difficult>
        <bndbox>
            <xmin>825.3937500000001</xmin>
            <ymin>362.57940673828125</ymin>
            <xmax>904.4583401679993</xmax>
            <ymax>480.39375000000086</ymax>
        </bndbox>
    </object>    <object>
        <name>player</name>
        <pose>Unspecified</pose>
        <truncated>0</truncated>
        <difficult>0</difficult>
        <bndbox>
            <xmin>131.7547607421875</xmin>
            <ymin>462.90216064453125</ymin>
            <xmax>204.5780029296875</xmax>
            <ymax>557.0285278320316</ymax>
        </bndbox>
    </object>    <object>
        <name>player</name>
        <pose>Unspecified</pose>
        <truncated>0</truncated>
        <difficult>0</difficult>
        <bndbox>
            <xmin>449.18084716796875</xmin>
            <ymin>308.96417236328125</ymin>
            <xmax>534.7674072265626</xmax>
            <ymax>413.190185546876</ymax>
        </bndbox>
    </object>    <object>
        <name>player</name>
        <pose>Unspecified</pose>
        <truncated>0</truncated>
        <difficult>0</difficult>
        <bndbox>
            <xmin>477.74884033203125</xmin>
            <ymin>389.30987548828125</ymin>
            <xmax>544.2562500000014</xmax>
            <ymax>513.7812500000013</ymax>
        </bndbox>
    </object>    <object>
        <name>player</name>
        <pose>Unspecified</pose>
        <truncated>0</truncated>
        <difficult>0</difficult>
        <bndbox>
            <xmin>356.75474853515743</xmin>
            <ymin>294.17193603515625</ymin>
            <xmax>429.82315797805813</xmax>
            <ymax>410.89178466796875</ymax>
        </bndbox>
    </object>
</annotation>
