<annotation>
    <folder></folder>
    <filename>frame_000064</filename>
    <path></path>
    <source>
        <database>Unknown</database>
    </source>
    <size>
        <width>1280</width>
        <height>720</height>
        <depth>3</depth>
    </size>
    <segmented>0</segmented>
    <object>
        <name>player</name>
        <pose>Unspecified</pose>
        <truncated>0</truncated>
        <difficult>0</difficult>
        <bndbox>
            <xmin>100.49066840277777</xmin>
            <ymin>468.36371527777777</ymin>
            <xmax>175.36605902777814</xmax>
            <ymax>566.9060980902782</ymax>
        </bndbox>
    </object>    <object>
        <name>player</name>
        <pose>Unspecified</pose>
        <truncated>0</truncated>
        <difficult>0</difficult>
        <bndbox>
            <xmin>936.9758831521739</xmin>
            <ymin>611.6649966032609</ymin>
            <xmax>1020.5165081521753</xmax>
            <ymax>720.0</ymax>
        </bndbox>
    </object>    <object>
        <name>player</name>
        <pose>Unspecified</pose>
        <truncated>0</truncated>
        <difficult>0</difficult>
        <bndbox>
            <xmin>895.0691189236111</xmin>
            <ymin>371.29481336805554</ymin>
            <xmax>982.8565931826977</xmax>
            <ymax>486.27622471316477</ymax>
        </bndbox>
    </object>    <object>
        <name>keeper</name>
        <pose>Unspecified</pose>
        <truncated>0</truncated>
        <difficult>0</difficult>
        <bndbox>
            <xmin>478.79207710597825</xmin>
            <ymin>269.28426460597825</ymin>
            <xmax>565.4391304347834</xmax>
            <ymax>348.0347826086964</ymax>
        </bndbox>
    </object>    <object>
        <name>player</name>
        <pose>Unspecified</pose>
        <truncated>0</truncated>
        <difficult>0</difficult>
        <bndbox>
            <xmin>438.67078993055554</xmin>
            <ymin>281.0193142361111</ymin>
            <xmax>503.3666654798722</xmax>
            <ymax>379.8888888888901</ymax>
        </bndbox>
    </object>    <object>
        <name>player</name>
        <pose>Unspecified</pose>
        <truncated>0</truncated>
        <difficult>0</difficult>
        <bndbox>
            <xmin>534.5555555555566</xmin>
            <ymin>319.66644965277777</ymin>
            <xmax>625.6988423665365</xmax>
            <ymax>424.6333333333344</ymax>
        </bndbox>
    </object>    <object>
        <name>player</name>
        <pose>Unspecified</pose>
        <truncated>0</truncated>
        <difficult>0</difficult>
        <bndbox>
            <xmin>302.36241319444446</xmin>
            <ymin>440.17393663194446</ymin>
            <xmax>421.9308159722225</xmax>
            <ymax>568.6806423611112</ymax>
        </bndbox>
    </object>    <object>
        <name>player</name>
        <pose>Unspecified</pose>
        <truncated>0</truncated>
        <difficult>0</difficult>
        <bndbox>
            <xmin>315.4267578125</xmin>
            <ymin>256.5822482638889</ymin>
            <xmax>383.1312717013898</xmax>
            <ymax>364.2554470486118</ymax>
        </bndbox>
    </object>    <object>
        <name>player</name>
        <pose>Unspecified</pose>
        <truncated>0</truncated>
        <difficult>0</difficult>
        <bndbox>
            <xmin>284.6247395833339</xmin>
            <ymin>347.1419270833333</ymin>
            <xmax>360.83101128472236</xmax>
            <ymax>469.0979407416453</ymax>
        </bndbox>
    </object>    <object>
        <name>player</name>
        <pose>Unspecified</pose>
        <truncated>0</truncated>
        <difficult>0</difficult>
        <bndbox>
            <xmin>234.58521569293478</xmin>
            <ymin>260.57680876358694</ymin>
            <xmax>293.4213156658658</xmax>
            <ymax>372.35472146739164</ymax>
        </bndbox>
    </object>
</annotation>
