<annotation>
    <folder></folder>
    <filename>frame_000315</filename>
    <path></path>
    <source>
        <database>Unknown</database>
    </source>
    <size>
        <width>1280</width>
        <height>720</height>
        <depth>3</depth>
    </size>
    <segmented>0</segmented>
    <object>
        <name>player</name>
        <pose>Unspecified</pose>
        <truncated>0</truncated>
        <difficult>0</difficult>
        <bndbox>
            <xmin>1143.2177455357148</xmin>
            <ymin>539.5408482142864</ymin>
            <xmax>1249.428486415318</xmax>
            <ymax>715.0856292724618</ymax>
        </bndbox>
    </object>    <object>
        <name>player</name>
        <pose>Unspecified</pose>
        <truncated>0</truncated>
        <difficult>0</difficult>
        <bndbox>
            <xmin>1234.1533203125</xmin>
            <ymin>257.009765625</ymin>
            <xmax>1280.0</xmax>
            <ymax>356.60000000000036</ymax>
        </bndbox>
    </object>    <object>
        <name>player</name>
        <pose>Unspecified</pose>
        <truncated>0</truncated>
        <difficult>0</difficult>
        <bndbox>
            <xmin>16.465680803571427</xmin>
            <ymin>345.9111328125</ymin>
            <xmax>65.76333934238833</xmax>
            <ymax>446.52792968750146</ymax>
        </bndbox>
    </object>    <object>
        <name>keeper</name>
        <pose>Unspecified</pose>
        <truncated>0</truncated>
        <difficult>0</difficult>
        <bndbox>
            <xmin>80.44294084821428</xmin>
            <ymin>279.86928013392856</ymin>
            <xmax>130.90212053571537</xmax>
            <ymax>399.8237723214289</ymax>
        </bndbox>
    </object>    <object>
        <name>player</name>
        <pose>Unspecified</pose>
        <truncated>0</truncated>
        <difficult>0</difficult>
        <bndbox>
            <xmin>209.65401785714286</xmin>
            <ymin>222.64913504464286</ymin>
            <xmax>272.76891642979274</xmax>
            <ymax>311.8285714285729</ymax>
        </bndbox>
    </object>    <object>
        <name>player</name>
        <pose>Unspecified</pose>
        <truncated>0</truncated>
        <difficult>0</difficult>
        <bndbox>
            <xmin>534.3714285714294</xmin>
            <ymin>385.87974330357144</ymin>
            <xmax>628.0814001900809</xmax>
            <ymax>510.55714285714305</ymax>
        </bndbox>
    </object>    <object>
        <name>player</name>
        <pose>Unspecified</pose>
        <truncated>0</truncated>
        <difficult>0</difficult>
        <bndbox>
            <xmin>142.33175223214286</xmin>
            <ymin>274.98228236607144</ymin>
            <xmax>196.73214285714286</xmax>
            <ymax>371.48228541782817</ymax>
        </bndbox>
    </object>    <object>
        <name>player</name>
        <pose>Unspecified</pose>
        <truncated>0</truncated>
        <difficult>0</difficult>
        <bndbox>
            <xmin>335.80926339285776</xmin>
            <ymin>314.88563058035754</ymin>
            <xmax>411.8358228410985</xmax>
            <ymax>419.9000008719314</ymax>
        </bndbox>
    </object>    <object>
        <name>player</name>
        <pose>Unspecified</pose>
        <truncated>0</truncated>
        <difficult>0</difficult>
        <bndbox>
            <xmin>162.630859375</xmin>
            <ymin>209.17661830357142</ymin>
            <xmax>224.86964111328155</xmax>
            <ymax>303.3857142857149</ymax>
        </bndbox>
    </object>
</annotation>
