<annotation>
    <folder></folder>
    <filename>frame_000422</filename>
    <path></path>
    <source>
        <database>Unknown</database>
    </source>
    <size>
        <width>1280</width>
        <height>720</height>
        <depth>3</depth>
    </size>
    <segmented>0</segmented>
    <object>
        <name>player</name>
        <pose>Unspecified</pose>
        <truncated>0</truncated>
        <difficult>0</difficult>
        <bndbox>
            <xmin>839.2666015625</xmin>
            <ymin>337.001953125</ymin>
            <xmax>904.6111625269841</xmax>
            <ymax>464.8976356907897</ymax>
        </bndbox>
    </object>    <object>
        <name>player</name>
        <pose>Unspecified</pose>
        <truncated>0</truncated>
        <difficult>0</difficult>
        <bndbox>
            <xmin>518.8000000000011</xmin>
            <ymin>216.70000000000073</ymin>
            <xmax>560.3533210754395</xmax>
            <ymax>305.5121078491211</ymax>
        </bndbox>
    </object>    <object>
        <name>player</name>
        <pose>Unspecified</pose>
        <truncated>0</truncated>
        <difficult>0</difficult>
        <bndbox>
            <xmin>1217.685546875</xmin>
            <ymin>440.921875</ymin>
            <xmax>1280.0</xmax>
            <ymax>592.281774259869</ymax>
        </bndbox>
    </object>    <object>
        <name>player</name>
        <pose>Unspecified</pose>
        <truncated>0</truncated>
        <difficult>0</difficult>
        <bndbox>
            <xmin>1129.2216796875</xmin>
            <ymin>281.068359375</ymin>
            <xmax>1188.455324835526</xmax>
            <ymax>392.8476459703961</ymax>
        </bndbox>
    </object>    <object>
        <name>player</name>
        <pose>Unspecified</pose>
        <truncated>0</truncated>
        <difficult>0</difficult>
        <bndbox>
            <xmin>110.80000000000109</xmin>
            <ymin>308.0712890625</ymin>
            <xmax>183.5360336303711</xmax>
            <ymax>426.60000000000036</ymax>
        </bndbox>
    </object>    <object>
        <name>player</name>
        <pose>Unspecified</pose>
        <truncated>0</truncated>
        <difficult>0</difficult>
        <bndbox>
            <xmin>0.0</xmin>
            <ymin>503.5439453125</ymin>
            <xmax>61.05</xmax>
            <ymax>604.0800000000008</ymax>
        </bndbox>
    </object>    <object>
        <name>player</name>
        <pose>Unspecified</pose>
        <truncated>0</truncated>
        <difficult>0</difficult>
        <bndbox>
            <xmin>501.04736842105297</xmin>
            <ymin>263.1294202302632</ymin>
            <xmax>571.5946056968287</xmax>
            <ymax>347.7105263157902</ymax>
        </bndbox>
    </object>    <object>
        <name>player</name>
        <pose>Unspecified</pose>
        <truncated>0</truncated>
        <difficult>0</difficult>
        <bndbox>
            <xmin>239.8000000000011</xmin>
            <ymin>390.421875</ymin>
            <xmax>322.71268463134766</xmax>
            <ymax>508.70732935855267</ymax>
        </bndbox>
    </object>
</annotation>
