<annotation>
    <folder></folder>
    <filename>frame_000226</filename>
    <path></path>
    <source>
        <database>Unknown</database>
    </source>
    <size>
        <width>1280</width>
        <height>720</height>
        <depth>3</depth>
    </size>
    <segmented>0</segmented>
    <object>
        <name>player</name>
        <pose>Unspecified</pose>
        <truncated>0</truncated>
        <difficult>0</difficult>
        <bndbox>
            <xmin>48.40869140625</xmin>
            <ymin>297.4703369140625</ymin>
            <xmax>114.87177734375109</xmax>
            <ymax>423.8338134765636</ymax>
        </bndbox>
    </object>    <object>
        <name>keeper</name>
        <pose>Unspecified</pose>
        <truncated>0</truncated>
        <difficult>0</difficult>
        <bndbox>
            <xmin>458.3167724609375</xmin>
            <ymin>276.1011962890625</ymin>
            <xmax>555.4068365097055</xmax>
            <ymax>377.8375000000012</ymax>
        </bndbox>
    </object>    <object>
        <name>player</name>
        <pose>Unspecified</pose>
        <truncated>0</truncated>
        <difficult>0</difficult>
        <bndbox>
            <xmin>980.0980224609375</xmin>
            <ymin>250.53076171875</ymin>
            <xmax>1055.6625000000001</xmax>
            <ymax>349.9750000000008</ymax>
        </bndbox>
    </object>    <object>
        <name>player</name>
        <pose>Unspecified</pose>
        <truncated>0</truncated>
        <difficult>0</difficult>
        <bndbox>
            <xmin>1081.9952392578125</xmin>
            <ymin>581.05712890625</ymin>
            <xmax>1198.3671874999998</xmax>
            <ymax>720.0</ymax>
        </bndbox>
    </object>    <object>
        <name>player</name>
        <pose>Unspecified</pose>
        <truncated>0</truncated>
        <difficult>0</difficult>
        <bndbox>
            <xmin>345.22500000000036</xmin>
            <ymin>437.5335693359375</ymin>
            <xmax>447.0322103500366</xmax>
            <ymax>574.5125000000005</ymax>
        </bndbox>
    </object>    <object>
        <name>player</name>
        <pose>Unspecified</pose>
        <truncated>0</truncated>
        <difficult>0</difficult>
        <bndbox>
            <xmin>118.775000000001</xmin>
            <ymin>292.83154296875</ymin>
            <xmax>216.4408016204834</xmax>
            <ymax>406.5625000000002</ymax>
        </bndbox>
    </object>    <object>
        <name>player</name>
        <pose>Unspecified</pose>
        <truncated>0</truncated>
        <difficult>0</difficult>
        <bndbox>
            <xmin>541.0697021484375</xmin>
            <ymin>336.4317626953125</ymin>
            <xmax>623.7125000000012</xmax>
            <ymax>478.1625000000006</ymax>
        </bndbox>
    </object>    <object>
        <name>player</name>
        <pose>Unspecified</pose>
        <truncated>0</truncated>
        <difficult>0</difficult>
        <bndbox>
            <xmin>326.6375000000003</xmin>
            <ymin>259.892578125</ymin>
            <xmax>397.9748034477234</xmax>
            <ymax>369.75</ymax>
        </bndbox>
    </object>
</annotation>
