<annotation>
    <folder></folder>
    <filename>frame_000310</filename>
    <path></path>
    <source>
        <database>Unknown</database>
    </source>
    <size>
        <width>1280</width>
        <height>720</height>
        <depth>3</depth>
    </size>
    <segmented>0</segmented>
    <object>
        <name>player</name>
        <pose>Unspecified</pose>
        <truncated>0</truncated>
        <difficult>0</difficult>
        <bndbox>
            <xmin>1201.2725260416676</xmin>
            <ymin>563.2712239583343</ymin>
            <xmax>1279.9998677571614</xmax>
            <ymax>719.9998677571615</ymax>
        </bndbox>
    </object>    <object>
        <name>player</name>
        <pose>Unspecified</pose>
        <truncated>0</truncated>
        <difficult>0</difficult>
        <bndbox>
            <xmin>42.91792968750014</xmin>
            <ymin>338.13896484375</ymin>
            <xmax>100.86011947631704</xmax>
            <ymax>438.75576171875144</ymax>
        </bndbox>
    </object>    <object>
        <name>keeper</name>
        <pose>Unspecified</pose>
        <truncated>0</truncated>
        <difficult>0</difficult>
        <bndbox>
            <xmin>136.51494140625</xmin>
            <ymin>278.32421875</ymin>
            <xmax>187.62169921875102</xmax>
            <ymax>398.2816796875004</ymax>
        </bndbox>
    </object>    <object>
        <name>player</name>
        <pose>Unspecified</pose>
        <truncated>0</truncated>
        <difficult>0</difficult>
        <bndbox>
            <xmin>271.39000000000016</xmin>
            <ymin>224.882421875</ymin>
            <xmax>337.6030838012695</xmax>
            <ymax>321.5800000000014</ymax>
        </bndbox>
    </object>    <object>
        <name>player</name>
        <pose>Unspecified</pose>
        <truncated>0</truncated>
        <difficult>0</difficult>
        <bndbox>
            <xmin>560.0</xmin>
            <ymin>390.0103515625</ymin>
            <xmax>643.9012802124023</xmax>
            <ymax>521.3900000000001</ymax>
        </bndbox>
    </object>    <object>
        <name>player</name>
        <pose>Unspecified</pose>
        <truncated>0</truncated>
        <difficult>0</difficult>
        <bndbox>
            <xmin>169.04423828125</xmin>
            <ymin>274.2630859375</ymin>
            <xmax>223.44462890625</xmax>
            <ymax>370.76308898925674</ymax>
        </bndbox>
    </object>    <object>
        <name>player</name>
        <pose>Unspecified</pose>
        <truncated>0</truncated>
        <difficult>0</difficult>
        <bndbox>
            <xmin>367.0000000000015</xmin>
            <ymin>312.54951171875</ymin>
            <xmax>441.63872756958006</xmax>
            <ymax>420.4400000000014</ymax>
        </bndbox>
    </object>    <object>
        <name>player</name>
        <pose>Unspecified</pose>
        <truncated>0</truncated>
        <difficult>0</difficult>
        <bndbox>
            <xmin>204.02900390625</xmin>
            <ymin>213.3072265625</ymin>
            <xmax>268.62423828125065</xmax>
            <ymax>310.0365234375</ymax>
        </bndbox>
    </object>
</annotation>
