<annotation>
    <folder></folder>
    <filename>frame_000053</filename>
    <path></path>
    <source>
        <database>Unknown</database>
    </source>
    <size>
        <width>1280</width>
        <height>720</height>
        <depth>3</depth>
    </size>
    <segmented>0</segmented>
    <object>
        <name>player</name>
        <pose>Unspecified</pose>
        <truncated>0</truncated>
        <difficult>0</difficult>
        <bndbox>
            <xmin>117.5719140625</xmin>
            <ymin>473.7289453125</ymin>
            <xmax>199.78800000000075</xmax>
            <ymax>573.8253750000005</ymax>
        </bndbox>
    </object>    <object>
        <name>player</name>
        <pose>Unspecified</pose>
        <truncated>0</truncated>
        <difficult>0</difficult>
        <bndbox>
            <xmin>894.744765625</xmin>
            <ymin>614.8815234375</ymin>
            <xmax>981.7480000000012</xmax>
            <ymax>720.0</ymax>
        </bndbox>
    </object>    <object>
        <name>player</name>
        <pose>Unspecified</pose>
        <truncated>0</truncated>
        <difficult>0</difficult>
        <bndbox>
            <xmin>890.5995396205357</xmin>
            <ymin>350.67606026785717</ymin>
            <xmax>969.6928571428581</xmax>
            <ymax>469.692857142858</ymax>
        </bndbox>
    </object>    <object>
        <name>keeper</name>
        <pose>Unspecified</pose>
        <truncated>0</truncated>
        <difficult>0</difficult>
        <bndbox>
            <xmin>492.792890625</xmin>
            <ymin>270.1615234375</ymin>
            <xmax>584.1080000000005</xmax>
            <ymax>352.2040000000006</ymax>
        </bndbox>
    </object>    <object>
        <name>player</name>
        <pose>Unspecified</pose>
        <truncated>0</truncated>
        <difficult>0</difficult>
        <bndbox>
            <xmin>407.6791294642857</xmin>
            <ymin>287.1722935267857</ymin>
            <xmax>486.95714231218636</xmax>
            <ymax>389.5928571428581</ymax>
        </bndbox>
    </object>    <object>
        <name>player</name>
        <pose>Unspecified</pose>
        <truncated>0</truncated>
        <difficult>0</difficult>
        <bndbox>
            <xmin>506.36851283482184</xmin>
            <ymin>310.80636160714283</ymin>
            <xmax>588.584602355957</xmax>
            <ymax>425.52142857142945</ymax>
        </bndbox>
    </object>    <object>
        <name>player</name>
        <pose>Unspecified</pose>
        <truncated>0</truncated>
        <difficult>0</difficult>
        <bndbox>
            <xmin>329.4165736607143</xmin>
            <ymin>425.17996651785717</ymin>
            <xmax>443.45990959821455</xmax>
            <ymax>547.696200892858</ymax>
        </bndbox>
    </object>    <object>
        <name>player</name>
        <pose>Unspecified</pose>
        <truncated>0</truncated>
        <difficult>0</difficult>
        <bndbox>
            <xmin>299.7201171875</xmin>
            <ymin>255.8530078125</ymin>
            <xmax>365.57087500000057</xmax>
            <ymax>365.18498437500085</ymax>
        </bndbox>
    </object>    <object>
        <name>player</name>
        <pose>Unspecified</pose>
        <truncated>0</truncated>
        <difficult>0</difficult>
        <bndbox>
            <xmin>270.0463867187503</xmin>
            <ymin>336.56124441964283</ymin>
            <xmax>339.0662806919648</xmax>
            <ymax>462.78374829973563</ymax>
        </bndbox>
    </object>    <object>
        <name>player</name>
        <pose>Unspecified</pose>
        <truncated>0</truncated>
        <difficult>0</difficult>
        <bndbox>
            <xmin>229.9978515625</xmin>
            <ymin>261.293828125</ymin>
            <xmax>287.8105667114243</xmax>
            <ymax>372.60183593750037</ymax>
        </bndbox>
    </object>
</annotation>
