<annotation>
    <folder></folder>
    <filename>frame_000203</filename>
    <path></path>
    <source>
        <database>Unknown</database>
    </source>
    <size>
        <width>1280</width>
        <height>720</height>
        <depth>3</depth>
    </size>
    <segmented>0</segmented>
    <object>
        <name>ref</name>
        <pose>Unspecified</pose>
        <truncated>0</truncated>
        <difficult>0</difficult>
        <bndbox>
            <xmin>7.059895833333334</xmin>
            <ymin>415.4108072916667</ymin>
            <xmax>52.35162760416703</xmax>
            <ymax>523.6561197916677</ymax>
        </bndbox>
    </object>    <object>
        <name>player</name>
        <pose>Unspecified</pose>
        <truncated>0</truncated>
        <difficult>0</difficult>
        <bndbox>
            <xmin>85.34225945723684</xmin>
            <ymin>312.2455283717105</ymin>
            <xmax>151.80534539473794</xmax>
            <ymax>438.6090049342116</ymax>
        </bndbox>
    </object>    <object>
        <name>keeper</name>
        <pose>Unspecified</pose>
        <truncated>0</truncated>
        <difficult>0</difficult>
        <bndbox>
            <xmin>550.1247430098684</xmin>
            <ymin>276.5029296875</ymin>
            <xmax>645.6214226973699</xmax>
            <ymax>371.8000000000011</ymax>
        </bndbox>
    </object>    <object>
        <name>player</name>
        <pose>Unspecified</pose>
        <truncated>0</truncated>
        <difficult>0</difficult>
        <bndbox>
            <xmin>1069.565583881579</xmin>
            <ymin>269.2300575657895</ymin>
            <xmax>1153.242105263159</xmax>
            <ymax>380.7789473684215</ymax>
        </bndbox>
    </object>    <object>
        <name>player</name>
        <pose>Unspecified</pose>
        <truncated>0</truncated>
        <difficult>0</difficult>
        <bndbox>
            <xmin>1118.2514905427631</xmin>
            <ymin>513.8048930921053</ymin>
            <xmax>1234.167105263158</xmax>
            <ymax>680.6838301809217</ymax>
        </bndbox>
    </object>    <object>
        <name>player</name>
        <pose>Unspecified</pose>
        <truncated>0</truncated>
        <difficult>0</difficult>
        <bndbox>
            <xmin>320.4030016447369</xmin>
            <ymin>445.7559107730263</ymin>
            <xmax>410.4435712312394</xmax>
            <ymax>598.0789473684224</ymax>
        </bndbox>
    </object>    <object>
        <name>player</name>
        <pose>Unspecified</pose>
        <truncated>0</truncated>
        <difficult>0</difficult>
        <bndbox>
            <xmin>195.03600945723693</xmin>
            <ymin>310.60079152960526</ymin>
            <xmax>276.37182681435</xmax>
            <ymax>426.00672286184215</ymax>
        </bndbox>
    </object>    <object>
        <name>player</name>
        <pose>Unspecified</pose>
        <truncated>0</truncated>
        <difficult>0</difficult>
        <bndbox>
            <xmin>640.9644839638158</xmin>
            <ymin>355.9350328947368</ymin>
            <xmax>732.0526315789481</xmax>
            <ymax>503.34736842105303</ymax>
        </bndbox>
    </object>    <object>
        <name>player</name>
        <pose>Unspecified</pose>
        <truncated>0</truncated>
        <difficult>0</difficult>
        <bndbox>
            <xmin>425.72764185855266</xmin>
            <ymin>271.41981907894734</ymin>
            <xmax>487.01959300794164</xmax>
            <ymax>378.8473684210536</ymax>
        </bndbox>
    </object>
</annotation>
