<annotation>
    <folder></folder>
    <filename>frame_000242</filename>
    <path></path>
    <source>
        <database>Unknown</database>
    </source>
    <size>
        <width>1280</width>
        <height>720</height>
        <depth>3</depth>
    </size>
    <segmented>0</segmented>
    <object>
        <name>player</name>
        <pose>Unspecified</pose>
        <truncated>0</truncated>
        <difficult>0</difficult>
        <bndbox>
            <xmin>38.63316865808862</xmin>
            <ymin>299.8245634191176</ymin>
            <xmax>102.05475643382424</xmax>
            <ymax>420.88275505514804</ymax>
        </bndbox>
    </object>    <object>
        <name>keeper</name>
        <pose>Unspecified</pose>
        <truncated>0</truncated>
        <difficult>0</difficult>
        <bndbox>
            <xmin>407.1841681985294</xmin>
            <ymin>275.431640625</ymin>
            <xmax>496.3472206564513</xmax>
            <ymax>387.5117647058837</ymax>
        </bndbox>
    </object>    <object>
        <name>player</name>
        <pose>Unspecified</pose>
        <truncated>0</truncated>
        <difficult>0</difficult>
        <bndbox>
            <xmin>884.0102251838235</xmin>
            <ymin>244.24672564338235</ymin>
            <xmax>953.2294117647065</xmax>
            <ymax>333.3058823529415</ymax>
        </bndbox>
    </object>    <object>
        <name>player</name>
        <pose>Unspecified</pose>
        <truncated>0</truncated>
        <difficult>0</difficult>
        <bndbox>
            <xmin>1137.4094094669117</xmin>
            <ymin>619.8405905330883</ymin>
            <xmax>1220.9709329044117</xmax>
            <ymax>720.0</ymax>
        </bndbox>
    </object>    <object>
        <name>player</name>
        <pose>Unspecified</pose>
        <truncated>0</truncated>
        <difficult>0</difficult>
        <bndbox>
            <xmin>381.81176470588287</xmin>
            <ymin>434.80124080882354</ymin>
            <xmax>491.86259011661303</xmax>
            <ymax>578.2352941176479</ymax>
        </bndbox>
    </object>    <object>
        <name>player</name>
        <pose>Unspecified</pose>
        <truncated>0</truncated>
        <difficult>0</difficult>
        <bndbox>
            <xmin>120.85882352941296</xmin>
            <ymin>279.2711397058824</ymin>
            <xmax>204.7708251055549</xmax>
            <ymax>391.59411764705897</ymax>
        </bndbox>
    </object>    <object>
        <name>player</name>
        <pose>Unspecified</pose>
        <truncated>0</truncated>
        <difficult>0</difficult>
        <bndbox>
            <xmin>503.94778262867646</xmin>
            <ymin>328.0533662683824</ymin>
            <xmax>572.5362591911779</xmax>
            <ymax>465.07621783088274</ymax>
        </bndbox>
    </object>    <object>
        <name>player</name>
        <pose>Unspecified</pose>
        <truncated>0</truncated>
        <difficult>0</difficult>
        <bndbox>
            <xmin>299.16470588235353</xmin>
            <ymin>248.0803653492647</ymin>
            <xmax>369.1374390546013</xmax>
            <ymax>355.31764705882404</ymax>
        </bndbox>
    </object>
</annotation>
