<annotation>
    <folder></folder>
    <filename>frame_000015</filename>
    <path></path>
    <source>
        <database>Unknown</database>
    </source>
    <size>
        <width>1280</width>
        <height>720</height>
        <depth>3</depth>
    </size>
    <segmented>0</segmented>
    <object>
        <name>player</name>
        <pose>Unspecified</pose>
        <truncated>0</truncated>
        <difficult>0</difficult>
        <bndbox>
            <xmin>152.14276288006758</xmin>
            <ymin>474.0200855152027</ymin>
            <xmax>238.5232032569685</xmax>
            <ymax>587.6766497637777</ymax>
        </bndbox>
    </object>    <object>
        <name>player</name>
        <pose>Unspecified</pose>
        <truncated>0</truncated>
        <difficult>0</difficult>
        <bndbox>
            <xmin>784.9931640625</xmin>
            <ymin>617.6015625</ymin>
            <xmax>903.8696594238281</xmax>
            <ymax>720.0</ymax>
        </bndbox>
    </object>    <object>
        <name>player</name>
        <pose>Unspecified</pose>
        <truncated>0</truncated>
        <difficult>0</difficult>
        <bndbox>
            <xmin>936.2839843750003</xmin>
            <ymin>305.14990234375</ymin>
            <xmax>1011.4995574951172</xmax>
            <ymax>413.3090629577637</ymax>
        </bndbox>
    </object>    <object>
        <name>keeper</name>
        <pose>Unspecified</pose>
        <truncated>0</truncated>
        <difficult>0</difficult>
        <bndbox>
            <xmin>537.6015625</xmin>
            <ymin>273.556640625</ymin>
            <xmax>646.8394241333008</xmax>
            <ymax>369.94298553466797</ymax>
        </bndbox>
    </object>    <object>
        <name>player</name>
        <pose>Unspecified</pose>
        <truncated>0</truncated>
        <difficult>0</difficult>
        <bndbox>
            <xmin>393.7674804687508</xmin>
            <ymin>324.427978515625</ymin>
            <xmax>478.9664478302002</xmax>
            <ymax>453.7670242309573</ymax>
        </bndbox>
    </object>    <object>
        <name>ref</name>
        <pose>Unspecified</pose>
        <truncated>0</truncated>
        <difficult>0</difficult>
        <bndbox>
            <xmin>17.650390625</xmin>
            <ymin>435.00390625</ymin>
            <xmax>67.9854850769043</xmax>
            <ymax>534.6031341552734</ymax>
        </bndbox>
    </object>    <object>
        <name>player</name>
        <pose>Unspecified</pose>
        <truncated>0</truncated>
        <difficult>0</difficult>
        <bndbox>
            <xmin>445.8012207031261</xmin>
            <ymin>310.5048828125</ymin>
            <xmax>522.0720443725586</xmax>
            <ymax>438.49362144470297</ymax>
        </bndbox>
    </object>    <object>
        <name>player</name>
        <pose>Unspecified</pose>
        <truncated>0</truncated>
        <difficult>0</difficult>
        <bndbox>
            <xmin>270.4306152343761</xmin>
            <ymin>374.2162109375008</ymin>
            <xmax>377.75976943969727</xmax>
            <ymax>495.51999282836914</ymax>
        </bndbox>
    </object>    <object>
        <name>player</name>
        <pose>Unspecified</pose>
        <truncated>0</truncated>
        <difficult>0</difficult>
        <bndbox>
            <xmin>266.91650390625</xmin>
            <ymin>263.114013671875</ymin>
            <xmax>346.14588890075765</xmax>
            <ymax>373.41060600280844</ymax>
        </bndbox>
    </object>    <object>
        <name>player</name>
        <pose>Unspecified</pose>
        <truncated>0</truncated>
        <difficult>0</difficult>
        <bndbox>
            <xmin>230.52988281250055</xmin>
            <ymin>326.835693359375</ymin>
            <xmax>311.4063953399659</xmax>
            <ymax>459.34677734375146</ymax>
        </bndbox>
    </object>    <object>
        <name>player</name>
        <pose>Unspecified</pose>
        <truncated>0</truncated>
        <difficult>0</difficult>
        <bndbox>
            <xmin>212.8444335937511</xmin>
            <ymin>278.643310546875</ymin>
            <xmax>274.9479217529297</xmax>
            <ymax>388.11954536438043</ymax>
        </bndbox>
    </object>
</annotation>
