<annotation>
    <folder></folder>
    <filename>frame_000173</filename>
    <path></path>
    <source>
        <database>Unknown</database>
    </source>
    <size>
        <width>1280</width>
        <height>720</height>
        <depth>3</depth>
    </size>
    <segmented>0</segmented>
    <object>
        <name>ref</name>
        <pose>Unspecified</pose>
        <truncated>0</truncated>
        <difficult>0</difficult>
        <bndbox>
            <xmin>57.05132378472222</xmin>
            <ymin>401.8186848958333</ymin>
            <xmax>110.59370659722259</xmax>
            <ymax>510.0639973958344</ymax>
        </bndbox>
    </object>    <object>
        <name>player</name>
        <pose>Unspecified</pose>
        <truncated>0</truncated>
        <difficult>0</difficult>
        <bndbox>
            <xmin>117.6337890625</xmin>
            <ymin>349.1591796875</ymin>
            <xmax>202.3888888888893</xmax>
            <ymax>472.93333333333374</ymax>
        </bndbox>
    </object>    <object>
        <name>keeper</name>
        <pose>Unspecified</pose>
        <truncated>0</truncated>
        <difficult>0</difficult>
        <bndbox>
            <xmin>591.49853515625</xmin>
            <ymin>275.473876953125</ymin>
            <xmax>693.2888826069079</xmax>
            <ymax>366.8014982524678</ymax>
        </bndbox>
    </object>    <object>
        <name>player</name>
        <pose>Unspecified</pose>
        <truncated>0</truncated>
        <difficult>0</difficult>
        <bndbox>
            <xmin>1035.401953125</xmin>
            <ymin>288.2819010416667</ymin>
            <xmax>1122.3800000000012</xmax>
            <ymax>408.4666666666678</ymax>
        </bndbox>
    </object>    <object>
        <name>player</name>
        <pose>Unspecified</pose>
        <truncated>0</truncated>
        <difficult>0</difficult>
        <bndbox>
            <xmin>1132.9029947916667</xmin>
            <ymin>444.99956597222223</ymin>
            <xmax>1216.1222222222234</xmax>
            <ymax>606.8555555555563</ymax>
        </bndbox>
    </object>    <object>
        <name>player</name>
        <pose>Unspecified</pose>
        <truncated>0</truncated>
        <difficult>0</difficult>
        <bndbox>
            <xmin>227.588671875</xmin>
            <ymin>434.07152343750056</ymin>
            <xmax>310.9262512207042</xmax>
            <ymax>572.362088623047</ymax>
        </bndbox>
    </object>    <object>
        <name>player</name>
        <pose>Unspecified</pose>
        <truncated>0</truncated>
        <difficult>0</difficult>
        <bndbox>
            <xmin>306.40711805555577</xmin>
            <ymin>344.56456163194446</ymin>
            <xmax>379.7915381537548</xmax>
            <ymax>461.2555555555559</ymax>
        </bndbox>
    </object>    <object>
        <name>player</name>
        <pose>Unspecified</pose>
        <truncated>0</truncated>
        <difficult>0</difficult>
        <bndbox>
            <xmin>684.5477430555555</xmin>
            <ymin>382.0075954861111</ymin>
            <xmax>773.7333333333348</xmax>
            <ymax>527.3000000000013</ymax>
        </bndbox>
    </object>    <object>
        <name>player</name>
        <pose>Unspecified</pose>
        <truncated>0</truncated>
        <difficult>0</difficult>
        <bndbox>
            <xmin>502.3899739583333</xmin>
            <ymin>289.5830078125</ymin>
            <xmax>585.3555555555564</xmax>
            <ymax>404.5222222222231</ymax>
        </bndbox>
    </object>
</annotation>
