<annotation>
    <folder></folder>
    <filename>frame_000039</filename>
    <path></path>
    <source>
        <database>Unknown</database>
    </source>
    <size>
        <width>1280</width>
        <height>720</height>
        <depth>3</depth>
    </size>
    <segmented>0</segmented>
    <object>
        <name>player</name>
        <pose>Unspecified</pose>
        <truncated>0</truncated>
        <difficult>0</difficult>
        <bndbox>
            <xmin>135.5635546875</xmin>
            <ymin>477.3268359375</ymin>
            <xmax>229.19850000000136</xmax>
            <ymax>579.8406718750007</ymax>
        </bndbox>
    </object>    <object>
        <name>player</name>
        <pose>Unspecified</pose>
        <truncated>0</truncated>
        <difficult>0</difficult>
        <bndbox>
            <xmin>845.566484375</xmin>
            <ymin>621.4784765625</ymin>
            <xmax>937.9560000000008</xmax>
            <ymax>720.0</ymax>
        </bndbox>
    </object>    <object>
        <name>player</name>
        <pose>Unspecified</pose>
        <truncated>0</truncated>
        <difficult>0</difficult>
        <bndbox>
            <xmin>882.2394176136372</xmin>
            <ymin>333.74129971590907</ymin>
            <xmax>979.0934158325198</xmax>
            <ymax>448.8090909090917</ymax>
        </bndbox>
    </object>    <object>
        <name>keeper</name>
        <pose>Unspecified</pose>
        <truncated>0</truncated>
        <difficult>0</difficult>
        <bndbox>
            <xmin>511.385</xmin>
            <ymin>271.9607421875</ymin>
            <xmax>608.076</xmax>
            <ymax>359.9880000000004</ymax>
        </bndbox>
    </object>    <object>
        <name>player</name>
        <pose>Unspecified</pose>
        <truncated>0</truncated>
        <difficult>0</difficult>
        <bndbox>
            <xmin>394.0945490056818</xmin>
            <ymin>293.87553267045456</ymin>
            <xmax>474.35454545454644</xmax>
            <ymax>410.1636363636368</ymax>
        </bndbox>
    </object>    <object>
        <name>ref</name>
        <pose>Unspecified</pose>
        <truncated>0</truncated>
        <difficult>0</difficult>
        <bndbox>
            <xmin>0.0</xmin>
            <ymin>416.7978515625</ymin>
            <xmax>32.15800781250109</xmax>
            <ymax>518.5</ymax>
        </bndbox>
    </object>    <object>
        <name>player</name>
        <pose>Unspecified</pose>
        <truncated>0</truncated>
        <difficult>0</difficult>
        <bndbox>
            <xmin>473.0133167613636</xmin>
            <ymin>303.8908025568182</ymin>
            <xmax>564.6130634654652</xmax>
            <ymax>435.2000000000007</ymax>
        </bndbox>
    </object>    <object>
        <name>player</name>
        <pose>Unspecified</pose>
        <truncated>0</truncated>
        <difficult>0</difficult>
        <bndbox>
            <xmin>335.31010298295456</xmin>
            <ymin>406.5877130681818</ymin>
            <xmax>438.5836107954558</xmax>
            <ymax>523.1120568181824</ymax>
        </bndbox>
    </object>    <object>
        <name>player</name>
        <pose>Unspecified</pose>
        <truncated>0</truncated>
        <difficult>0</difficult>
        <bndbox>
            <xmin>274.5310546875</xmin>
            <ymin>257.0523046875</ymin>
            <xmax>344.5963593750004</xmax>
            <ymax>368.1618437500011</ymax>
        </bndbox>
    </object>    <object>
        <name>player</name>
        <pose>Unspecified</pose>
        <truncated>0</truncated>
        <difficult>0</difficult>
        <bndbox>
            <xmin>244.10301846591028</xmin>
            <ymin>331.2570134943182</ymin>
            <xmax>328.7893300836738</xmax>
            <ymax>462.25454545454653</ymax>
        </bndbox>
    </object>    <object>
        <name>player</name>
        <pose>Unspecified</pose>
        <truncated>0</truncated>
        <difficult>0</difficult>
        <bndbox>
            <xmin>224.6001953125</xmin>
            <ymin>264.29234375</ymin>
            <xmax>282.4129104614243</xmax>
            <ymax>375.60035156250035</ymax>
        </bndbox>
    </object>
</annotation>
