<annotation>
    <folder></folder>
    <filename>frame_000063</filename>
    <path></path>
    <source>
        <database>Unknown</database>
    </source>
    <size>
        <width>1280</width>
        <height>720</height>
        <depth>3</depth>
    </size>
    <segmented>0</segmented>
    <object>
        <name>player</name>
        <pose>Unspecified</pose>
        <truncated>0</truncated>
        <difficult>0</difficult>
        <bndbox>
            <xmin>103.24826388888889</xmin>
            <ymin>469.8898654513889</ymin>
            <xmax>178.12365451388925</xmax>
            <ymax>568.4322482638893</ymax>
        </bndbox>
    </object>    <object>
        <name>player</name>
        <pose>Unspecified</pose>
        <truncated>0</truncated>
        <difficult>0</difficult>
        <bndbox>
            <xmin>931.667629076087</xmin>
            <ymin>611.1528108016304</ymin>
            <xmax>1015.2082540760885</xmax>
            <ymax>720.0</ymax>
        </bndbox>
    </object>    <object>
        <name>player</name>
        <pose>Unspecified</pose>
        <truncated>0</truncated>
        <difficult>0</difficult>
        <bndbox>
            <xmin>892.5037977430555</xmin>
            <ymin>369.94965277777777</ymin>
            <xmax>979.7782965913492</xmax>
            <ymax>484.18811235658256</ymax>
        </bndbox>
    </object>    <object>
        <name>keeper</name>
        <pose>Unspecified</pose>
        <truncated>0</truncated>
        <difficult>0</difficult>
        <bndbox>
            <xmin>479.8164487092391</xmin>
            <ymin>269.1445737092391</ymin>
            <xmax>567.069565217392</xmax>
            <ymax>347.6173913043486</ymax>
        </bndbox>
    </object>    <object>
        <name>player</name>
        <pose>Unspecified</pose>
        <truncated>0</truncated>
        <difficult>0</difficult>
        <bndbox>
            <xmin>435.08539496527777</xmin>
            <ymin>281.43836805555554</ymin>
            <xmax>502.2333319769966</xmax>
            <ymax>380.14444444444575</ymax>
        </bndbox>
    </object>    <object>
        <name>player</name>
        <pose>Unspecified</pose>
        <truncated>0</truncated>
        <difficult>0</difficult>
        <bndbox>
            <xmin>530.1777777777788</xmin>
            <ymin>318.9679904513889</ymin>
            <xmax>623.417864481608</xmax>
            <ymax>424.4666666666678</ymax>
        </bndbox>
    </object>    <object>
        <name>player</name>
        <pose>Unspecified</pose>
        <truncated>0</truncated>
        <difficult>0</difficult>
        <bndbox>
            <xmin>305.94780815972223</xmin>
            <ymin>438.65288628472223</ymin>
            <xmax>426.21540798611125</xmax>
            <ymax>566.0903211805556</ymax>
        </bndbox>
    </object>    <object>
        <name>player</name>
        <pose>Unspecified</pose>
        <truncated>0</truncated>
        <difficult>0</difficult>
        <bndbox>
            <xmin>315.669921875</xmin>
            <ymin>255.83213975694446</ymin>
            <xmax>381.09288194444525</xmax>
            <ymax>363.76336805555627</ymax>
        </bndbox>
    </object>    <object>
        <name>player</name>
        <pose>Unspecified</pose>
        <truncated>0</truncated>
        <difficult>0</difficult>
        <bndbox>
            <xmin>283.6623697916673</xmin>
            <ymin>346.0709635416667</ymin>
            <xmax>359.2782986111112</xmax>
            <ymax>468.62621799045155</ymax>
        </bndbox>
    </object>    <object>
        <name>player</name>
        <pose>Unspecified</pose>
        <truncated>0</truncated>
        <difficult>0</difficult>
        <bndbox>
            <xmin>234.0264945652174</xmin>
            <ymin>259.9715098505435</ymin>
            <xmax>292.35090212614506</xmax>
            <ymax>371.514470108696</ymax>
        </bndbox>
    </object>
</annotation>
