<annotation>
    <folder></folder>
    <filename>frame_000392</filename>
    <path></path>
    <source>
        <database>Unknown</database>
    </source>
    <size>
        <width>1280</width>
        <height>720</height>
        <depth>3</depth>
    </size>
    <segmented>0</segmented>
    <object>
        <name>player</name>
        <pose>Unspecified</pose>
        <truncated>0</truncated>
        <difficult>0</difficult>
        <bndbox>
            <xmin>809.691582031251</xmin>
            <ymin>368.12822265625</ymin>
            <xmax>873.701930541992</xmax>
            <ymax>503.4438476562511</ymax>
        </bndbox>
    </object>    <object>
        <name>player</name>
        <pose>Unspecified</pose>
        <truncated>0</truncated>
        <difficult>0</difficult>
        <bndbox>
            <xmin>575.74423828125</xmin>
            <ymin>219.3130859375</ymin>
            <xmax>650.0411746215821</xmax>
            <ymax>314.483515625001</ymax>
        </bndbox>
    </object>    <object>
        <name>player</name>
        <pose>Unspecified</pose>
        <truncated>0</truncated>
        <difficult>0</difficult>
        <bndbox>
            <xmin>1189.4775390625</xmin>
            <ymin>458.8701171875</ymin>
            <xmax>1280.0</xmax>
            <ymax>624.5857142857154</ymax>
        </bndbox>
    </object>    <object>
        <name>player</name>
        <pose>Unspecified</pose>
        <truncated>0</truncated>
        <difficult>0</difficult>
        <bndbox>
            <xmin>1163.2548828125</xmin>
            <ymin>275.0021484375</ymin>
            <xmax>1217.8400000000008</xmax>
            <ymax>388.14000000000124</ymax>
        </bndbox>
    </object>    <object>
        <name>player</name>
        <pose>Unspecified</pose>
        <truncated>0</truncated>
        <difficult>0</difficult>
        <bndbox>
            <xmin>13.774553571428571</xmin>
            <ymin>311.88839285714283</ymin>
            <xmax>91.8030415126268</xmax>
            <ymax>415.87779017857247</ymax>
        </bndbox>
    </object>    <object>
        <name>player</name>
        <pose>Unspecified</pose>
        <truncated>0</truncated>
        <difficult>0</difficult>
        <bndbox>
            <xmin>450.25072265625005</xmin>
            <ymin>285.80595703125</ymin>
            <xmax>523.4696290588392</xmax>
            <ymax>392.6600000000011</ymax>
        </bndbox>
    </object>    <object>
        <name>player</name>
        <pose>Unspecified</pose>
        <truncated>0</truncated>
        <difficult>0</difficult>
        <bndbox>
            <xmin>148.18000000000137</xmin>
            <ymin>361.64619140625</ymin>
            <xmax>258.5439842224121</xmax>
            <ymax>467.9100000000011</ymax>
        </bndbox>
    </object>
</annotation>
