<annotation>
    <folder></folder>
    <filename>frame_000421</filename>
    <path></path>
    <source>
        <database>Unknown</database>
    </source>
    <size>
        <width>1280</width>
        <height>720</height>
        <depth>3</depth>
    </size>
    <segmented>0</segmented>
    <object>
        <name>player</name>
        <pose>Unspecified</pose>
        <truncated>0</truncated>
        <difficult>0</difficult>
        <bndbox>
            <xmin>838.970703125</xmin>
            <ymin>337.8286946614583</ymin>
            <xmax>904.2040797183389</xmax>
            <ymax>466.3427057634323</ymax>
        </bndbox>
    </object>    <object>
        <name>player</name>
        <pose>Unspecified</pose>
        <truncated>0</truncated>
        <difficult>0</difficult>
        <bndbox>
            <xmin>522.0996256510426</xmin>
            <ymin>216.757063802084</ymin>
            <xmax>565.2572109858196</xmax>
            <ymax>306.0194321950277</ymax>
        </bndbox>
    </object>    <object>
        <name>player</name>
        <pose>Unspecified</pose>
        <truncated>0</truncated>
        <difficult>0</difficult>
        <bndbox>
            <xmin>1217.8592936197917</xmin>
            <ymin>441.4995930989583</ymin>
            <xmax>1280.0</xmax>
            <ymax>593.3666264048801</ymax>
        </bndbox>
    </object>    <object>
        <name>player</name>
        <pose>Unspecified</pose>
        <truncated>0</truncated>
        <difficult>0</difficult>
        <bndbox>
            <xmin>1131.4152018229167</xmin>
            <ymin>280.5985514322917</ymin>
            <xmax>1190.3673810992323</xmax>
            <ymax>392.8853421395299</ymax>
        </bndbox>
    </object>    <object>
        <name>player</name>
        <pose>Unspecified</pose>
        <truncated>0</truncated>
        <difficult>0</difficult>
        <bndbox>
            <xmin>109.06666666666766</xmin>
            <ymin>308.4659016927083</ymin>
            <xmax>180.55798212687176</xmax>
            <ymax>426.31666666666706</ymax>
        </bndbox>
    </object>    <object>
        <name>player</name>
        <pose>Unspecified</pose>
        <truncated>0</truncated>
        <difficult>0</difficult>
        <bndbox>
            <xmin>0.0</xmin>
            <ymin>503.5439453125</ymin>
            <xmax>55.7</xmax>
            <ymax>601.6200000000008</ymax>
        </bndbox>
    </object>    <object>
        <name>player</name>
        <pose>Unspecified</pose>
        <truncated>0</truncated>
        <difficult>0</difficult>
        <bndbox>
            <xmin>499.4684210526319</xmin>
            <ymin>263.9749177631579</ymin>
            <xmax>570.6364127711246</xmax>
            <ymax>348.7263157894745</ymax>
        </bndbox>
    </object>    <object>
        <name>player</name>
        <pose>Unspecified</pose>
        <truncated>0</truncated>
        <difficult>0</difficult>
        <bndbox>
            <xmin>236.50000000000108</xmin>
            <ymin>390.031982421875</ymin>
            <xmax>319.2930564880371</xmax>
            <ymax>507.64005191200675</ymax>
        </bndbox>
    </object>
</annotation>
