<annotation>
    <folder></folder>
    <filename>frame_000211</filename>
    <path></path>
    <source>
        <database>Unknown</database>
    </source>
    <size>
        <width>1280</width>
        <height>720</height>
        <depth>3</depth>
    </size>
    <segmented>0</segmented>
    <object>
        <name>player</name>
        <pose>Unspecified</pose>
        <truncated>0</truncated>
        <difficult>0</difficult>
        <bndbox>
            <xmin>71.3636410361842</xmin>
            <ymin>305.48154810855266</ymin>
            <xmax>137.8267269736853</xmax>
            <ymax>431.84502467105375</ymax>
        </bndbox>
    </object>    <object>
        <name>keeper</name>
        <pose>Unspecified</pose>
        <truncated>0</truncated>
        <difficult>0</difficult>
        <bndbox>
            <xmin>519.0104337993421</xmin>
            <ymin>276.5029296875</ymin>
            <xmax>614.5071134868435</xmax>
            <ymax>371.8000000000011</ymax>
        </bndbox>
    </object>    <object>
        <name>player</name>
        <pose>Unspecified</pose>
        <truncated>0</truncated>
        <difficult>0</difficult>
        <bndbox>
            <xmin>1042.9607319078948</xmin>
            <ymin>261.56435032894734</ymin>
            <xmax>1123.01052631579</xmax>
            <ymax>369.494736842106</ymax>
        </bndbox>
    </object>    <object>
        <name>player</name>
        <pose>Unspecified</pose>
        <truncated>0</truncated>
        <difficult>0</difficult>
        <bndbox>
            <xmin>1093.4410464638158</xmin>
            <ymin>537.7041529605264</ymin>
            <xmax>1218.8355263157894</xmax>
            <ymax>699.1855571546056</ymax>
        </bndbox>
    </object>    <object>
        <name>player</name>
        <pose>Unspecified</pose>
        <truncated>0</truncated>
        <difficult>0</difficult>
        <bndbox>
            <xmin>329.4368832236844</xmin>
            <ymin>441.69752261513156</ymin>
            <xmax>419.9131442421359</xmax>
            <ymax>586.7947368421061</ymax>
        </bndbox>
    </object>    <object>
        <name>player</name>
        <pose>Unspecified</pose>
        <truncated>0</truncated>
        <difficult>0</difficult>
        <bndbox>
            <xmin>161.2308285361846</xmin>
            <ymin>305.6406763980263</ymin>
            <xmax>251.57084061472023</xmax>
            <ymax>419.6976768092107</ymax>
        </bndbox>
    </object>    <object>
        <name>player</name>
        <pose>Unspecified</pose>
        <truncated>0</truncated>
        <difficult>0</difficult>
        <bndbox>
            <xmin>600.381013569079</xmin>
            <ymin>348.2689144736842</ymin>
            <xmax>691.4631578947377</xmax>
            <ymax>494.3368421052637</ymax>
        </bndbox>
    </object>    <object>
        <name>player</name>
        <pose>Unspecified</pose>
        <truncated>0</truncated>
        <difficult>0</difficult>
        <bndbox>
            <xmin>385.1499280427632</xmin>
            <ymin>268.2631578947368</ymin>
            <xmax>452.29796503970533</xmax>
            <ymax>377.0368421052637</ymax>
        </bndbox>
    </object>
</annotation>
