<annotation>
    <folder></folder>
    <filename>frame_000431</filename>
    <path></path>
    <source>
        <database>Unknown</database>
    </source>
    <size>
        <width>1280</width>
        <height>720</height>
        <depth>3</depth>
    </size>
    <segmented>0</segmented>
    <object>
        <name>player</name>
        <pose>Unspecified</pose>
        <truncated>0</truncated>
        <difficult>0</difficult>
        <bndbox>
            <xmin>815.6971905048077</xmin>
            <ymin>320.9725811298077</ymin>
            <xmax>881.3230769230776</xmax>
            <ymax>443.72307692307703</ymax>
        </bndbox>
    </object>    <object>
        <name>player</name>
        <pose>Unspecified</pose>
        <truncated>0</truncated>
        <difficult>0</difficult>
        <bndbox>
            <xmin>446.7682542067308</xmin>
            <ymin>207.2518028846154</ymin>
            <xmax>507.57599158653915</xmax>
            <ymax>301.9672776442311</ymax>
        </bndbox>
    </object>    <object>
        <name>player</name>
        <pose>Unspecified</pose>
        <truncated>0</truncated>
        <difficult>0</difficult>
        <bndbox>
            <xmin>1196.2910907451924</xmin>
            <ymin>428.16518930288464</ymin>
            <xmax>1268.3018329326924</xmax>
            <ymax>575.975150240385</ymax>
        </bndbox>
    </object>    <object>
        <name>player</name>
        <pose>Unspecified</pose>
        <truncated>0</truncated>
        <difficult>0</difficult>
        <bndbox>
            <xmin>1089.8036358173076</xmin>
            <ymin>276.9141376201923</ymin>
            <xmax>1151.0075420673083</xmax>
            <ymax>385.1408954326934</ymax>
        </bndbox>
    </object>    <object>
        <name>player</name>
        <pose>Unspecified</pose>
        <truncated>0</truncated>
        <difficult>0</difficult>
        <bndbox>
            <xmin>117.96478365384708</xmin>
            <ymin>304.1561748798077</ymin>
            <xmax>186.4368702815129</xmax>
            <ymax>427.44615384615423</ymax>
        </bndbox>
    </object>    <object>
        <name>player</name>
        <pose>Unspecified</pose>
        <truncated>0</truncated>
        <difficult>0</difficult>
        <bndbox>
            <xmin>3.123076923077091</xmin>
            <ymin>504.6973407451923</ymin>
            <xmax>102.28951322115384</xmax>
            <ymax>621.7923076923087</ymax>
        </bndbox>
    </object>    <object>
        <name>player</name>
        <pose>Unspecified</pose>
        <truncated>0</truncated>
        <difficult>0</difficult>
        <bndbox>
            <xmin>507.9923076923082</xmin>
            <ymin>254.4100060096154</ymin>
            <xmax>572.2057125384991</xmax>
            <ymax>338.9538461538467</ymax>
        </bndbox>
    </object>    <object>
        <name>player</name>
        <pose>Unspecified</pose>
        <truncated>0</truncated>
        <difficult>0</difficult>
        <bndbox>
            <xmin>230.1615384615396</xmin>
            <ymin>382.53087439903845</ymin>
            <xmax>332.09498302753155</xmax>
            <ymax>505.8846153846162</ymax>
        </bndbox>
    </object>
</annotation>
