<annotation>
    <folder></folder>
    <filename>frame_000249</filename>
    <path></path>
    <source>
        <database>Unknown</database>
    </source>
    <size>
        <width>1280</width>
        <height>720</height>
        <depth>3</depth>
    </size>
    <segmented>0</segmented>
    <object>
        <name>player</name>
        <pose>Unspecified</pose>
        <truncated>0</truncated>
        <difficult>0</difficult>
        <bndbox>
            <xmin>41.28478860294201</xmin>
            <ymin>303.35230928308823</ymin>
            <xmax>101.1579618566179</xmax>
            <ymax>418.22100183823613</ymax>
        </bndbox>
    </object>    <object>
        <name>keeper</name>
        <pose>Unspecified</pose>
        <truncated>0</truncated>
        <difficult>0</difficult>
        <bndbox>
            <xmin>397.4823644301471</xmin>
            <ymin>275.431640625</ymin>
            <xmax>474.29898932961913</xmax>
            <ymax>387.05882352941296</ymax>
        </bndbox>
    </object>    <object>
        <name>player</name>
        <pose>Unspecified</pose>
        <truncated>0</truncated>
        <difficult>0</difficult>
        <bndbox>
            <xmin>835.9427274816177</xmin>
            <ymin>241.60081571691177</ymin>
            <xmax>898.5470588235303</xmax>
            <ymax>327.1294117647062</ymax>
        </bndbox>
    </object>    <object>
        <name>player</name>
        <pose>Unspecified</pose>
        <truncated>0</truncated>
        <difficult>0</difficult>
        <bndbox>
            <xmin>1170.0421645220588</xmin>
            <ymin>633.0701401654412</ymin>
            <xmax>1253.6036879595588</xmax>
            <ymax>720.0</ymax>
        </bndbox>
    </object>    <object>
        <name>player</name>
        <pose>Unspecified</pose>
        <truncated>0</truncated>
        <difficult>0</difficult>
        <bndbox>
            <xmin>413.5588235294124</xmin>
            <ymin>430.8323759191176</ymin>
            <xmax>512.1478733735926</xmax>
            <ymax>581.7764705882363</ymax>
        </bndbox>
    </object>    <object>
        <name>player</name>
        <pose>Unspecified</pose>
        <truncated>0</truncated>
        <difficult>0</difficult>
        <bndbox>
            <xmin>131.89411764705972</xmin>
            <ymin>277.50706571691177</ymin>
            <xmax>205.21210434857537</xmax>
            <ymax>385.8705882352944</ymax>
        </bndbox>
    </object>    <object>
        <name>player</name>
        <pose>Unspecified</pose>
        <truncated>0</truncated>
        <difficult>0</difficult>
        <bndbox>
            <xmin>487.1900850183824</xmin>
            <ymin>324.52562040441177</ymin>
            <xmax>555.7785615808838</xmax>
            <ymax>461.54847196691213</ymax>
        </bndbox>
    </object>    <object>
        <name>player</name>
        <pose>Unspecified</pose>
        <truncated>0</truncated>
        <difficult>0</difficult>
        <bndbox>
            <xmin>292.12352941176516</xmin>
            <ymin>243.67038143382354</ymin>
            <xmax>365.1686558442957</xmax>
            <ymax>348.6882352941188</ymax>
        </bndbox>
    </object>
</annotation>
