<annotation>
    <folder></folder>
    <filename>frame_000307</filename>
    <path></path>
    <source>
        <database>Unknown</database>
    </source>
    <size>
        <width>1280</width>
        <height>720</height>
        <depth>3</depth>
    </size>
    <segmented>0</segmented>
    <object>
        <name>player</name>
        <pose>Unspecified</pose>
        <truncated>0</truncated>
        <difficult>0</difficult>
        <bndbox>
            <xmin>56.41195312500058</xmin>
            <ymin>336.8537109375</ymin>
            <xmax>114.35414291381748</xmax>
            <ymax>437.47050781250147</ymax>
        </bndbox>
    </object>    <object>
        <name>keeper</name>
        <pose>Unspecified</pose>
        <truncated>0</truncated>
        <difficult>0</difficult>
        <bndbox>
            <xmin>167.0373046875</xmin>
            <ymin>277.3603515625</ymin>
            <xmax>220.0867968750008</xmax>
            <ymax>397.3267187500005</ymax>
        </bndbox>
    </object>    <object>
        <name>player</name>
        <pose>Unspecified</pose>
        <truncated>0</truncated>
        <difficult>0</difficult>
        <bndbox>
            <xmin>311.56000000000057</xmin>
            <ymin>224.2396484375</ymin>
            <xmax>374.2299201965332</xmax>
            <ymax>325.12000000000114</ymax>
        </bndbox>
    </object>    <object>
        <name>player</name>
        <pose>Unspecified</pose>
        <truncated>0</truncated>
        <difficult>0</difficult>
        <bndbox>
            <xmin>569.0</xmin>
            <ymin>393.223046875</ymin>
            <xmax>650.9697372436524</xmax>
            <ymax>530.0600000000006</ymax>
        </bndbox>
    </object>    <object>
        <name>player</name>
        <pose>Unspecified</pose>
        <truncated>0</truncated>
        <difficult>0</difficult>
        <bndbox>
            <xmin>181.253125</xmin>
            <ymin>273.9419921875</ymin>
            <xmax>235.653515625</xmax>
            <ymax>370.4419952392567</ymax>
        </bndbox>
    </object>    <object>
        <name>player</name>
        <pose>Unspecified</pose>
        <truncated>0</truncated>
        <difficult>0</difficult>
        <bndbox>
            <xmin>385.30000000000143</xmin>
            <ymin>314.7986328125</ymin>
            <xmax>455.7752319335938</xmax>
            <ymax>422.0600000000013</ymax>
        </bndbox>
    </object>    <object>
        <name>player</name>
        <pose>Unspecified</pose>
        <truncated>0</truncated>
        <difficult>0</difficult>
        <bndbox>
            <xmin>221.7</xmin>
            <ymin>216.519921875</ymin>
            <xmax>287.89695312500044</xmax>
            <ymax>311.64609375</ymax>
        </bndbox>
    </object>
</annotation>
