<annotation>
    <folder></folder>
    <filename>frame_000100</filename>
    <path></path>
    <source>
        <database>Unknown</database>
    </source>
    <size>
        <width>1280</width>
        <height>720</height>
        <depth>3</depth>
    </size>
    <segmented>0</segmented>
    <object>
        <name>ref</name>
        <pose>Unspecified</pose>
        <truncated>0</truncated>
        <difficult>0</difficult>
        <bndbox>
            <xmin>0.0</xmin>
            <ymin>399.5546875</ymin>
            <xmax>34.59693145751953</xmax>
            <ymax>506.752459716797</ymax>
        </bndbox>
    </object>    <object>
        <name>player</name>
        <pose>Unspecified</pose>
        <truncated>0</truncated>
        <difficult>0</difficult>
        <bndbox>
            <xmin>82.98095703125</xmin>
            <ymin>438.21630859375</ymin>
            <xmax>157.89013671875</xmax>
            <ymax>547.4747070312515</ymax>
        </bndbox>
    </object>    <object>
        <name>player</name>
        <pose>Unspecified</pose>
        <truncated>0</truncated>
        <difficult>0</difficult>
        <bndbox>
            <xmin>1149.6415039062504</xmin>
            <ymin>656.69140625</ymin>
            <xmax>1238.1238288879395</xmax>
            <ymax>720.0</ymax>
        </bndbox>
    </object>    <object>
        <name>player</name>
        <pose>Unspecified</pose>
        <truncated>0</truncated>
        <difficult>0</difficult>
        <bndbox>
            <xmin>1082.18017578125</xmin>
            <ymin>436.609375</ymin>
            <xmax>1176.9686500549315</xmax>
            <ymax>574.1594726562507</ymax>
        </bndbox>
    </object>    <object>
        <name>keeper</name>
        <pose>Unspecified</pose>
        <truncated>0</truncated>
        <difficult>0</difficult>
        <bndbox>
            <xmin>484.5419921875</xmin>
            <ymin>275.431640625</ymin>
            <xmax>580.49853515625</xmax>
            <ymax>362.1212890625011</ymax>
        </bndbox>
    </object>    <object>
        <name>player</name>
        <pose>Unspecified</pose>
        <truncated>0</truncated>
        <difficult>0</difficult>
        <bndbox>
            <xmin>591.6083984375</xmin>
            <ymin>270.61181640625</ymin>
            <xmax>646.7674804687504</xmax>
            <ymax>373.4643554687509</ymax>
        </bndbox>
    </object>    <object>
        <name>player</name>
        <pose>Unspecified</pose>
        <truncated>0</truncated>
        <difficult>0</difficult>
        <bndbox>
            <xmin>677.9000000000005</xmin>
            <ymin>348.255859375</ymin>
            <xmax>778.0185546875</xmax>
            <ymax>461.2000000000007</ymax>
        </bndbox>
    </object>    <object>
        <name>player</name>
        <pose>Unspecified</pose>
        <truncated>0</truncated>
        <difficult>0</difficult>
        <bndbox>
            <xmin>159.59912109375</xmin>
            <ymin>473.00927734375</ymin>
            <xmax>237.25</xmax>
            <ymax>573.0500000000002</ymax>
        </bndbox>
    </object>    <object>
        <name>player</name>
        <pose>Unspecified</pose>
        <truncated>0</truncated>
        <difficult>0</difficult>
        <bndbox>
            <xmin>396.2353515625</xmin>
            <ymin>281.31982421875</ymin>
            <xmax>467.93593750000036</xmax>
            <ymax>391.6575195312507</ymax>
        </bndbox>
    </object>    <object>
        <name>player</name>
        <pose>Unspecified</pose>
        <truncated>0</truncated>
        <difficult>0</difficult>
        <bndbox>
            <xmin>381.228515625</xmin>
            <ymin>376.5927734375</ymin>
            <xmax>463.8000000000011</xmax>
            <ymax>494.35000000000036</ymax>
        </bndbox>
    </object>    <object>
        <name>player</name>
        <pose>Unspecified</pose>
        <truncated>0</truncated>
        <difficult>0</difficult>
        <bndbox>
            <xmin>284.873046875</xmin>
            <ymin>282.92724609375</ymin>
            <xmax>354.45468750000146</xmax>
            <ymax>399.63916015625</ymax>
        </bndbox>
    </object>
</annotation>
