<annotation>
    <folder></folder>
    <filename>frame_000089</filename>
    <path></path>
    <source>
        <database>Unknown</database>
    </source>
    <size>
        <width>1280</width>
        <height>720</height>
        <depth>3</depth>
    </size>
    <segmented>0</segmented>
    <object>
        <name>player</name>
        <pose>Unspecified</pose>
        <truncated>0</truncated>
        <difficult>0</difficult>
        <bndbox>
            <xmin>77.68543836805556</xmin>
            <ymin>447.6168619791667</ymin>
            <xmax>152.57584635416686</xmax>
            <ymax>550.9219184027786</ymax>
        </bndbox>
    </object>    <object>
        <name>player</name>
        <pose>Unspecified</pose>
        <truncated>0</truncated>
        <difficult>0</difficult>
        <bndbox>
            <xmin>1070.3384548611114</xmin>
            <ymin>630.5124782986111</ymin>
            <xmax>1160.548872205947</xmax>
            <ymax>720.0</ymax>
        </bndbox>
    </object>    <object>
        <name>player</name>
        <pose>Unspecified</pose>
        <truncated>0</truncated>
        <difficult>0</difficult>
        <bndbox>
            <xmin>993.3268229166669</xmin>
            <ymin>414.5361328125</ymin>
            <xmax>1091.8867808024088</xmax>
            <ymax>545.1195312500004</ymax>
        </bndbox>
    </object>    <object>
        <name>keeper</name>
        <pose>Unspecified</pose>
        <truncated>0</truncated>
        <difficult>0</difficult>
        <bndbox>
            <xmin>463.9226345486111</xmin>
            <ymin>273.17003038194446</ymin>
            <xmax>549.3003472222226</xmax>
            <ymax>358.68559027777906</ymax>
        </bndbox>
    </object>    <object>
        <name>player</name>
        <pose>Unspecified</pose>
        <truncated>0</truncated>
        <difficult>0</difficult>
        <bndbox>
            <xmin>536.3349609375</xmin>
            <ymin>271.74262152777777</ymin>
            <xmax>582.37109375</xmax>
            <ymax>376.7238715277785</ymax>
        </bndbox>
    </object>    <object>
        <name>player</name>
        <pose>Unspecified</pose>
        <truncated>0</truncated>
        <difficult>0</difficult>
        <bndbox>
            <xmin>624.2210503472226</xmin>
            <ymin>339.5696614583333</ymin>
            <xmax>699.7788187662762</xmax>
            <ymax>450.777777777778</ymax>
        </bndbox>
    </object>    <object>
        <name>player</name>
        <pose>Unspecified</pose>
        <truncated>0</truncated>
        <difficult>0</difficult>
        <bndbox>
            <xmin>189.5859375</xmin>
            <ymin>468.1901041666667</ymin>
            <xmax>273.83333333333354</xmax>
            <ymax>588.4444444444447</ymax>
        </bndbox>
    </object>    <object>
        <name>player</name>
        <pose>Unspecified</pose>
        <truncated>0</truncated>
        <difficult>0</difficult>
        <bndbox>
            <xmin>358.27528211805554</xmin>
            <ymin>270.67003038194446</ymin>
            <xmax>429.9758680555559</xmax>
            <ymax>381.0077256944452</ymax>
        </bndbox>
    </object>    <object>
        <name>player</name>
        <pose>Unspecified</pose>
        <truncated>0</truncated>
        <difficult>0</difficult>
        <bndbox>
            <xmin>333.63031684027777</xmin>
            <ymin>372.48773871527777</ymin>
            <xmax>412.9558159722223</xmax>
            <ymax>491.8146284315323</ymax>
        </bndbox>
    </object>    <object>
        <name>player</name>
        <pose>Unspecified</pose>
        <truncated>0</truncated>
        <difficult>0</difficult>
        <bndbox>
            <xmin>253.93424479166666</xmin>
            <ymin>275.6682942708333</ymin>
            <xmax>323.51588541666814</xmax>
            <ymax>392.3802083333333</ymax>
        </bndbox>
    </object>
</annotation>
