<annotation>
    <folder></folder>
    <filename>frame_000142</filename>
    <path></path>
    <source>
        <database>Unknown</database>
    </source>
    <size>
        <width>1280</width>
        <height>720</height>
        <depth>3</depth>
    </size>
    <segmented>0</segmented>
    <object>
        <name>ref</name>
        <pose>Unspecified</pose>
        <truncated>0</truncated>
        <difficult>0</difficult>
        <bndbox>
            <xmin>42.3623046875</xmin>
            <ymin>399.5546875</ymin>
            <xmax>95.90468750000036</xmax>
            <ymax>507.8000000000011</ymax>
        </bndbox>
    </object>    <object>
        <name>player</name>
        <pose>Unspecified</pose>
        <truncated>0</truncated>
        <difficult>0</difficult>
        <bndbox>
            <xmin>106.02224864130561</xmin>
            <ymin>399.4798743206522</ymin>
            <xmax>178.38261134935468</xmax>
            <ymax>530.3003423276143</ymax>
        </bndbox>
    </object>    <object>
        <name>keeper</name>
        <pose>Unspecified</pose>
        <truncated>0</truncated>
        <difficult>0</difficult>
        <bndbox>
            <xmin>568.9705946180555</xmin>
            <ymin>278.2878689236111</ymin>
            <xmax>663.8113064236111</xmax>
            <ymax>365.69891493055627</ymax>
        </bndbox>
    </object>    <object>
        <name>player</name>
        <pose>Unspecified</pose>
        <truncated>0</truncated>
        <difficult>0</difficult>
        <bndbox>
            <xmin>859.5266927083334</xmin>
            <ymin>290.78125</ymin>
            <xmax>919.5263020833348</xmax>
            <ymax>401.1277343750007</ymax>
        </bndbox>
    </object>    <object>
        <name>player</name>
        <pose>Unspecified</pose>
        <truncated>0</truncated>
        <difficult>0</difficult>
        <bndbox>
            <xmin>985.228515625</xmin>
            <ymin>386.4534505208333</ymin>
            <xmax>1061.300000000001</xmax>
            <ymax>523.1333333333338</ymax>
        </bndbox>
    </object>    <object>
        <name>player</name>
        <pose>Unspecified</pose>
        <truncated>0</truncated>
        <difficult>0</difficult>
        <bndbox>
            <xmin>134.1287788722826</xmin>
            <ymin>455.1057235054348</ymin>
            <xmax>220.00416100543572</xmax>
            <ymax>550.1938773777174</ymax>
        </bndbox>
    </object>    <object>
        <name>player</name>
        <pose>Unspecified</pose>
        <truncated>0</truncated>
        <difficult>0</difficult>
        <bndbox>
            <xmin>426.2213541666667</xmin>
            <ymin>338.2581380208333</ymin>
            <xmax>523.2000000000002</xmax>
            <ymax>450.3666666666674</ymax>
        </bndbox>
    </object>    <object>
        <name>player</name>
        <pose>Unspecified</pose>
        <truncated>0</truncated>
        <difficult>0</difficult>
        <bndbox>
            <xmin>580.7838541666666</xmin>
            <ymin>392.8352864583333</ymin>
            <xmax>645.4333333333343</xmax>
            <ymax>532.0333333333347</ymax>
        </bndbox>
    </object>    <object>
        <name>player</name>
        <pose>Unspecified</pose>
        <truncated>0</truncated>
        <difficult>0</difficult>
        <bndbox>
            <xmin>445.8671875</xmin>
            <ymin>293.2723958333336</ymin>
            <xmax>517.5476562500007</xmax>
            <ymax>413.21497395833285</ymax>
        </bndbox>
    </object>
</annotation>
