<annotation>
    <folder></folder>
    <filename>frame_000120</filename>
    <path></path>
    <source>
        <database>Unknown</database>
    </source>
    <size>
        <width>1280</width>
        <height>720</height>
        <depth>3</depth>
    </size>
    <segmented>0</segmented>
    <object>
        <name>ref</name>
        <pose>Unspecified</pose>
        <truncated>0</truncated>
        <difficult>0</difficult>
        <bndbox>
            <xmin>27.1754150390625</xmin>
            <ymin>399.5546875</ymin>
            <xmax>79.77500000000032</xmax>
            <ymax>507.400000000001</ymax>
        </bndbox>
    </object>    <object>
        <name>player</name>
        <pose>Unspecified</pose>
        <truncated>0</truncated>
        <difficult>0</difficult>
        <bndbox>
            <xmin>110.4248046875</xmin>
            <ymin>421.482421875</ymin>
            <xmax>174.12253417968782</xmax>
            <ymax>531.6436767578136</ymax>
        </bndbox>
    </object>    <object>
        <name>keeper</name>
        <pose>Unspecified</pose>
        <truncated>0</truncated>
        <difficult>0</difficult>
        <bndbox>
            <xmin>532.468505859375</xmin>
            <ymin>276.5029296875</ymin>
            <xmax>624.681396484375</xmax>
            <ymax>363.2000000000007</ymax>
        </bndbox>
    </object>    <object>
        <name>player</name>
        <pose>Unspecified</pose>
        <truncated>0</truncated>
        <difficult>0</difficult>
        <bndbox>
            <xmin>718.249267578125</xmin>
            <ymin>275.69873046875</ymin>
            <xmax>782.5312988281257</xmax>
            <ymax>376.4225585937511</ymax>
        </bndbox>
    </object>    <object>
        <name>player</name>
        <pose>Unspecified</pose>
        <truncated>0</truncated>
        <difficult>0</difficult>
        <bndbox>
            <xmin>834.7625</xmin>
            <ymin>363.5164794921875</ymin>
            <xmax>910.6832304000854</xmax>
            <ymax>481.6625000000008</ymax>
        </bndbox>
    </object>    <object>
        <name>player</name>
        <pose>Unspecified</pose>
        <truncated>0</truncated>
        <difficult>0</difficult>
        <bndbox>
            <xmin>130.683837890625</xmin>
            <ymin>462.1658935546875</ymin>
            <xmax>203.507080078125</xmax>
            <ymax>556.2922607421879</ymax>
        </bndbox>
    </object>    <object>
        <name>player</name>
        <pose>Unspecified</pose>
        <truncated>0</truncated>
        <difficult>0</difficult>
        <bndbox>
            <xmin>451.5235595703125</xmin>
            <ymin>310.6375732421875</ymin>
            <xmax>538.178271484375</xmax>
            <ymax>414.39345703125105</ymax>
        </bndbox>
    </object>    <object>
        <name>player</name>
        <pose>Unspecified</pose>
        <truncated>0</truncated>
        <difficult>0</difficult>
        <bndbox>
            <xmin>482.7020263671875</xmin>
            <ymin>390.2469482421875</ymin>
            <xmax>548.1375000000014</xmax>
            <ymax>514.9875000000013</ymax>
        </bndbox>
    </object>    <object>
        <name>player</name>
        <pose>Unspecified</pose>
        <truncated>0</truncated>
        <difficult>0</difficult>
        <bndbox>
            <xmin>360.6364990234388</xmin>
            <ymin>294.7073974609375</ymin>
            <xmax>433.9731214523317</xmax>
            <ymax>411.4278564453125</ymax>
        </bndbox>
    </object>
</annotation>
