<annotation>
    <folder></folder>
    <filename>frame_000347</filename>
    <path></path>
    <source>
        <database>Unknown</database>
    </source>
    <size>
        <width>1280</width>
        <height>720</height>
        <depth>3</depth>
    </size>
    <segmented>0</segmented>
    <object>
        <name>player</name>
        <pose>Unspecified</pose>
        <truncated>0</truncated>
        <difficult>0</difficult>
        <bndbox>
            <xmin>822.9113498263889</xmin>
            <ymin>429.92719184027777</ymin>
            <xmax>896.4806674533421</xmax>
            <ymax>576.272433317551</ymax>
        </bndbox>
    </object>    <object>
        <name>player</name>
        <pose>Unspecified</pose>
        <truncated>0</truncated>
        <difficult>0</difficult>
        <bndbox>
            <xmin>732.3397352430555</xmin>
            <ymin>230.20366753472223</ymin>
            <xmax>812.3486328124995</xmax>
            <ymax>324.29032118055574</ymax>
        </bndbox>
    </object>    <object>
        <name>player</name>
        <pose>Unspecified</pose>
        <truncated>0</truncated>
        <difficult>0</difficult>
        <bndbox>
            <xmin>1165.9889322916667</xmin>
            <ymin>510.771484375</ymin>
            <xmax>1263.8414893872816</xmax>
            <ymax>676.7846590909098</ymax>
        </bndbox>
    </object>    <object>
        <name>player</name>
        <pose>Unspecified</pose>
        <truncated>0</truncated>
        <difficult>0</difficult>
        <bndbox>
            <xmin>1194.6180555555557</xmin>
            <ymin>285.1984592013889</ymin>
            <xmax>1247.0000000000007</xmax>
            <ymax>387.94444444444525</ymax>
        </bndbox>
    </object>    <object>
        <name>player</name>
        <pose>Unspecified</pose>
        <truncated>0</truncated>
        <difficult>0</difficult>
        <bndbox>
            <xmin>387.158203125</xmin>
            <ymin>341.14637586805554</ymin>
            <xmax>454.59353693181765</xmax>
            <ymax>469.65555555555574</ymax>
        </bndbox>
    </object>    <object>
        <name>player</name>
        <pose>Unspecified</pose>
        <truncated>0</truncated>
        <difficult>0</difficult>
        <bndbox>
            <xmin>130.63910590277777</xmin>
            <ymin>320.7380642361111</ymin>
            <xmax>203.1862630208339</xmax>
            <ymax>424.3738281250007</ymax>
        </bndbox>
    </object>
</annotation>
