<annotation>
    <folder></folder>
    <filename>frame_000464</filename>
    <path></path>
    <source>
        <database>Unknown</database>
    </source>
    <size>
        <width>1280</width>
        <height>720</height>
        <depth>3</depth>
    </size>
    <segmented>0</segmented>
    <object>
        <name>player</name>
        <pose>Unspecified</pose>
        <truncated>0</truncated>
        <difficult>0</difficult>
        <bndbox>
            <xmin>695.2288161057693</xmin>
            <ymin>263.6340144230769</ymin>
            <xmax>748.0768629807703</xmax>
            <ymax>374.40042067307735</ymax>
        </bndbox>
    </object>    <object>
        <name>player</name>
        <pose>Unspecified</pose>
        <truncated>0</truncated>
        <difficult>0</difficult>
        <bndbox>
            <xmin>224.46057692307744</xmin>
            <ymin>217.87830528846155</ymin>
            <xmax>278.3714864877559</xmax>
            <ymax>308.93076923076984</ymax>
        </bndbox>
    </object>    <object>
        <name>player</name>
        <pose>Unspecified</pose>
        <truncated>0</truncated>
        <difficult>0</difficult>
        <bndbox>
            <xmin>1090.8981119791667</xmin>
            <ymin>385.73828125</ymin>
            <xmax>1153.300000000001</xmax>
            <ymax>522.1000000000009</ymax>
        </bndbox>
    </object>    <object>
        <name>player</name>
        <pose>Unspecified</pose>
        <truncated>0</truncated>
        <difficult>0</difficult>
        <bndbox>
            <xmin>959.8058894230769</xmin>
            <ymin>262.9362229567308</ymin>
            <xmax>1009.2670873397451</xmax>
            <ymax>360.43335837339845</ymax>
        </bndbox>
    </object>    <object>
        <name>player</name>
        <pose>Unspecified</pose>
        <truncated>0</truncated>
        <difficult>0</difficult>
        <bndbox>
            <xmin>161.67059795673077</xmin>
            <ymin>279.63423978365387</ymin>
            <xmax>215.2054940443777</xmax>
            <ymax>402.60865384615414</ymax>
        </bndbox>
    </object>    <object>
        <name>player</name>
        <pose>Unspecified</pose>
        <truncated>0</truncated>
        <difficult>0</difficult>
        <bndbox>
            <xmin>127.03333333333346</xmin>
            <ymin>530.6748046875</ymin>
            <xmax>212.3777313232422</xmax>
            <ymax>664.8666666666668</ymax>
        </bndbox>
    </object>    <object>
        <name>ref</name>
        <pose>Unspecified</pose>
        <truncated>0</truncated>
        <difficult>0</difficult>
        <bndbox>
            <xmin>1136.5234375</xmin>
            <ymin>196.5751953125</ymin>
            <xmax>1186.7014973958344</xmax>
            <ymax>296.133007812501</ymax>
        </bndbox>
    </object>    <object>
        <name>player</name>
        <pose>Unspecified</pose>
        <truncated>0</truncated>
        <difficult>0</difficult>
        <bndbox>
            <xmin>485.3850260416669</xmin>
            <ymin>226.5107421875</ymin>
            <xmax>534.3925829569489</xmax>
            <ymax>321.68841145833477</ymax>
        </bndbox>
    </object>    <object>
        <name>player</name>
        <pose>Unspecified</pose>
        <truncated>0</truncated>
        <difficult>0</difficult>
        <bndbox>
            <xmin>290.1666666666679</xmin>
            <ymin>372.8919270833333</ymin>
            <xmax>362.35670216878253</xmax>
            <ymax>499.10000000000036</ymax>
        </bndbox>
    </object>
</annotation>
