<annotation>
    <folder></folder>
    <filename>frame_000157</filename>
    <path></path>
    <source>
        <database>Unknown</database>
    </source>
    <size>
        <width>1280</width>
        <height>720</height>
        <depth>3</depth>
    </size>
    <segmented>0</segmented>
    <object>
        <name>ref</name>
        <pose>Unspecified</pose>
        <truncated>0</truncated>
        <difficult>0</difficult>
        <bndbox>
            <xmin>46.52734375</xmin>
            <ymin>399.5546875</ymin>
            <xmax>100.06972656250036</xmax>
            <ymax>507.8000000000011</ymax>
        </bndbox>
    </object>    <object>
        <name>player</name>
        <pose>Unspecified</pose>
        <truncated>0</truncated>
        <difficult>0</difficult>
        <bndbox>
            <xmin>110.61250000000048</xmin>
            <ymin>372.8391927083333</ymin>
            <xmax>190.93333435058594</xmax>
            <ymax>503.16679789225236</ymax>
        </bndbox>
    </object>    <object>
        <name>keeper</name>
        <pose>Unspecified</pose>
        <truncated>0</truncated>
        <difficult>0</difficult>
        <bndbox>
            <xmin>583.2501085069445</xmin>
            <ymin>274.7179904513889</ymin>
            <xmax>684.6603732638889</xmax>
            <ymax>363.9139756944452</ymax>
        </bndbox>
    </object>    <object>
        <name>player</name>
        <pose>Unspecified</pose>
        <truncated>0</truncated>
        <difficult>0</difficult>
        <bndbox>
            <xmin>955.19921875</xmin>
            <ymin>292.9228515625</ymin>
            <xmax>1015.1988281250015</xmax>
            <ymax>403.2693359375007</ymax>
        </bndbox>
    </object>    <object>
        <name>player</name>
        <pose>Unspecified</pose>
        <truncated>0</truncated>
        <difficult>0</difficult>
        <bndbox>
            <xmin>1069.4778645833333</xmin>
            <ymin>413.5846354166667</ymin>
            <xmax>1150.2000000000014</xmax>
            <ymax>559.9333333333343</ymax>
        </bndbox>
    </object>    <object>
        <name>player</name>
        <pose>Unspecified</pose>
        <truncated>0</truncated>
        <difficult>0</difficult>
        <bndbox>
            <xmin>172.12226562500047</xmin>
            <ymin>445.6998697916667</ymin>
            <xmax>259.21276245117224</xmax>
            <ymax>555.2333333333336</ymax>
        </bndbox>
    </object>    <object>
        <name>player</name>
        <pose>Unspecified</pose>
        <truncated>0</truncated>
        <difficult>0</difficult>
        <bndbox>
            <xmin>371.6022135416667</xmin>
            <ymin>346.4684244791667</ymin>
            <xmax>447.8666666666674</xmax>
            <ymax>462.90000000000083</ymax>
        </bndbox>
    </object>    <object>
        <name>player</name>
        <pose>Unspecified</pose>
        <truncated>0</truncated>
        <difficult>0</difficult>
        <bndbox>
            <xmin>634.6884765625</xmin>
            <ymin>392.4788411458333</ymin>
            <xmax>721.8333333333345</xmax>
            <ymax>531.0000000000013</ymax>
        </bndbox>
    </object>    <object>
        <name>player</name>
        <pose>Unspecified</pose>
        <truncated>0</truncated>
        <difficult>0</difficult>
        <bndbox>
            <xmin>486.5638020833333</xmin>
            <ymin>296.1282552083333</ymin>
            <xmax>572.5238281250009</xmax>
            <ymax>410.36705729166715</ymax>
        </bndbox>
    </object>
</annotation>
