<annotation>
    <folder></folder>
    <filename>frame_000163</filename>
    <path></path>
    <source>
        <database>Unknown</database>
    </source>
    <size>
        <width>1280</width>
        <height>720</height>
        <depth>3</depth>
    </size>
    <segmented>0</segmented>
    <object>
        <name>ref</name>
        <pose>Unspecified</pose>
        <truncated>0</truncated>
        <difficult>0</difficult>
        <bndbox>
            <xmin>48.193359375</xmin>
            <ymin>399.5546875</ymin>
            <xmax>101.73574218750036</xmax>
            <ymax>507.8000000000011</ymax>
        </bndbox>
    </object>    <object>
        <name>player</name>
        <pose>Unspecified</pose>
        <truncated>0</truncated>
        <difficult>0</difficult>
        <bndbox>
            <xmin>113.46875</xmin>
            <ymin>361.05859375</ymin>
            <xmax>197.0</xmax>
            <ymax>489.60000000000036</ymax>
        </bndbox>
    </object>    <object>
        <name>keeper</name>
        <pose>Unspecified</pose>
        <truncated>0</truncated>
        <difficult>0</difficult>
        <bndbox>
            <xmin>588.9619140625</xmin>
            <ymin>273.2900390625</ymin>
            <xmax>693.0</xmax>
            <ymax>363.2000000000007</ymax>
        </bndbox>
    </object>    <object>
        <name>player</name>
        <pose>Unspecified</pose>
        <truncated>0</truncated>
        <difficult>0</difficult>
        <bndbox>
            <xmin>993.75390625</xmin>
            <ymin>293.63671875</ymin>
            <xmax>1053.7535156250015</xmax>
            <ymax>403.9832031250007</ymax>
        </bndbox>
    </object>    <object>
        <name>player</name>
        <pose>Unspecified</pose>
        <truncated>0</truncated>
        <difficult>0</difficult>
        <bndbox>
            <xmin>1101.9638671875</xmin>
            <ymin>425.365234375</ymin>
            <xmax>1183.4000000000015</xmax>
            <ymax>575.3000000000011</ymax>
        </bndbox>
    </object>    <object>
        <name>player</name>
        <pose>Unspecified</pose>
        <truncated>0</truncated>
        <difficult>0</difficult>
        <bndbox>
            <xmin>190.70000000000073</xmin>
            <ymin>441.416015625</ymin>
            <xmax>277.4191436767578</xmax>
            <ymax>558.1000000000004</ymax>
        </bndbox>
    </object>    <object>
        <name>player</name>
        <pose>Unspecified</pose>
        <truncated>0</truncated>
        <difficult>0</difficult>
        <bndbox>
            <xmin>348.041015625</xmin>
            <ymin>349.32421875</ymin>
            <xmax>414.3000000000011</xmax>
            <ymax>467.2000000000007</ymax>
        </bndbox>
    </object>    <object>
        <name>player</name>
        <pose>Unspecified</pose>
        <truncated>0</truncated>
        <difficult>0</difficult>
        <bndbox>
            <xmin>655.3935546875</xmin>
            <ymin>392.1220703125</ymin>
            <xmax>752.9000000000015</xmax>
            <ymax>530.3000000000011</ymax>
        </bndbox>
    </object>    <object>
        <name>player</name>
        <pose>Unspecified</pose>
        <truncated>0</truncated>
        <difficult>0</difficult>
        <bndbox>
            <xmin>501.2001953125</xmin>
            <ymin>297.9130859375</ymin>
            <xmax>594.3000000000011</xmax>
            <ymax>409.3000000000011</ymax>
        </bndbox>
    </object>
</annotation>
