<annotation>
    <folder></folder>
    <filename>frame_000423</filename>
    <path></path>
    <source>
        <database>Unknown</database>
    </source>
    <size>
        <width>1280</width>
        <height>720</height>
        <depth>3</depth>
    </size>
    <segmented>0</segmented>
    <object>
        <name>player</name>
        <pose>Unspecified</pose>
        <truncated>0</truncated>
        <difficult>0</difficult>
        <bndbox>
            <xmin>837.3823939732143</xmin>
            <ymin>335.20633370535717</ymin>
            <xmax>902.8381393088437</xmax>
            <ymax>462.4836877349626</ymax>
        </bndbox>
    </object>    <object>
        <name>player</name>
        <pose>Unspecified</pose>
        <truncated>0</truncated>
        <difficult>0</difficult>
        <bndbox>
            <xmin>511.1459542410724</xmin>
            <ymin>215.4208705357149</ymin>
            <xmax>555.4494426182339</xmax>
            <ymax>305.0048536028181</ymax>
        </bndbox>
    </object>    <object>
        <name>player</name>
        <pose>Unspecified</pose>
        <truncated>0</truncated>
        <difficult>0</difficult>
        <bndbox>
            <xmin>1216.3003627232142</xmin>
            <ymin>439.61732700892856</ymin>
            <xmax>1280.0</xmax>
            <ymax>590.4700922227449</ymax>
        </bndbox>
    </object>    <object>
        <name>player</name>
        <pose>Unspecified</pose>
        <truncated>0</truncated>
        <difficult>0</difficult>
        <bndbox>
            <xmin>1125.332310267857</xmin>
            <ymin>280.56905691964283</ymin>
            <xmax>1184.8474212875938</xmax>
            <ymax>391.8408394031968</ymax>
        </bndbox>
    </object>    <object>
        <name>player</name>
        <pose>Unspecified</pose>
        <truncated>0</truncated>
        <difficult>0</difficult>
        <bndbox>
            <xmin>111.80000000000109</xmin>
            <ymin>307.6767578125</ymin>
            <xmax>184.09165627615792</xmax>
            <ymax>426.88571428571464</ymax>
        </bndbox>
    </object>    <object>
        <name>player</name>
        <pose>Unspecified</pose>
        <truncated>0</truncated>
        <difficult>0</difficult>
        <bndbox>
            <xmin>0.0</xmin>
            <ymin>503.5439453125</ymin>
            <xmax>66.4</xmax>
            <ymax>606.5400000000009</ymax>
        </bndbox>
    </object>    <object>
        <name>player</name>
        <pose>Unspecified</pose>
        <truncated>0</truncated>
        <difficult>0</difficult>
        <bndbox>
            <xmin>502.62631578947406</xmin>
            <ymin>262.28392269736844</ymin>
            <xmax>572.5527986225329</xmax>
            <ymax>346.69473684210595</ymax>
        </bndbox>
    </object>    <object>
        <name>player</name>
        <pose>Unspecified</pose>
        <truncated>0</truncated>
        <difficult>0</difficult>
        <bndbox>
            <xmin>238.7285714285725</xmin>
            <ymin>389.6005859375</ymin>
            <xmax>324.19424329485213</xmax>
            <ymax>508.5634251644738</ymax>
        </bndbox>
    </object>
</annotation>
