<annotation>
    <folder></folder>
    <filename>frame_000066</filename>
    <path></path>
    <source>
        <database>Unknown</database>
    </source>
    <size>
        <width>1280</width>
        <height>720</height>
        <depth>3</depth>
    </size>
    <segmented>0</segmented>
    <object>
        <name>player</name>
        <pose>Unspecified</pose>
        <truncated>0</truncated>
        <difficult>0</difficult>
        <bndbox>
            <xmin>94.97547743055556</xmin>
            <ymin>465.31141493055554</ymin>
            <xmax>169.8508680555559</xmax>
            <ymax>563.8537977430559</ymax>
        </bndbox>
    </object>    <object>
        <name>player</name>
        <pose>Unspecified</pose>
        <truncated>0</truncated>
        <difficult>0</difficult>
        <bndbox>
            <xmin>947.5923913043479</xmin>
            <ymin>612.6893682065217</ymin>
            <xmax>1031.1330163043492</xmax>
            <ymax>720.0</ymax>
        </bndbox>
    </object>    <object>
        <name>player</name>
        <pose>Unspecified</pose>
        <truncated>0</truncated>
        <difficult>0</difficult>
        <bndbox>
            <xmin>900.1997612847222</xmin>
            <ymin>373.9851345486111</ymin>
            <xmax>989.0131863653946</xmax>
            <ymax>490.4524494263292</ymax>
        </bndbox>
    </object>    <object>
        <name>keeper</name>
        <pose>Unspecified</pose>
        <truncated>0</truncated>
        <difficult>0</difficult>
        <bndbox>
            <xmin>476.7433338994565</xmin>
            <ymin>269.5636463994565</ymin>
            <xmax>562.178260869566</xmax>
            <ymax>348.8695652173921</ymax>
        </bndbox>
    </object>    <object>
        <name>player</name>
        <pose>Unspecified</pose>
        <truncated>0</truncated>
        <difficult>0</difficult>
        <bndbox>
            <xmin>445.8415798611111</xmin>
            <ymin>280.18120659722223</ymin>
            <xmax>505.6333324856233</xmax>
            <ymax>379.37777777777876</ymax>
        </bndbox>
    </object>    <object>
        <name>player</name>
        <pose>Unspecified</pose>
        <truncated>0</truncated>
        <difficult>0</difficult>
        <bndbox>
            <xmin>543.311111111112</xmin>
            <ymin>321.06336805555554</ymin>
            <xmax>630.2607981363932</xmax>
            <ymax>424.9666666666678</ymax>
        </bndbox>
    </object>    <object>
        <name>player</name>
        <pose>Unspecified</pose>
        <truncated>0</truncated>
        <difficult>0</difficult>
        <bndbox>
            <xmin>295.1916232638889</xmin>
            <ymin>443.2160373263889</ymin>
            <xmax>413.3616319444449</xmax>
            <ymax>573.8612847222224</ymax>
        </bndbox>
    </object>    <object>
        <name>player</name>
        <pose>Unspecified</pose>
        <truncated>0</truncated>
        <difficult>0</difficult>
        <bndbox>
            <xmin>314.9404296875</xmin>
            <ymin>258.08246527777777</ymin>
            <xmax>387.20805121527883</xmax>
            <ymax>365.23960503472296</ymax>
        </bndbox>
    </object>    <object>
        <name>player</name>
        <pose>Unspecified</pose>
        <truncated>0</truncated>
        <difficult>0</difficult>
        <bndbox>
            <xmin>286.5494791666671</xmin>
            <ymin>349.2838541666667</ymin>
            <xmax>363.9364366319448</xmax>
            <ymax>470.04138624403276</ymax>
        </bndbox>
    </object>    <object>
        <name>player</name>
        <pose>Unspecified</pose>
        <truncated>0</truncated>
        <difficult>0</difficult>
        <bndbox>
            <xmin>235.70265794836956</xmin>
            <ymin>261.78740658967394</ymin>
            <xmax>295.5621427453073</xmax>
            <ymax>374.0352241847829</ymax>
        </bndbox>
    </object>
</annotation>
