<annotation>
    <folder></folder>
    <filename>frame_000016</filename>
    <path></path>
    <source>
        <database>Unknown</database>
    </source>
    <size>
        <width>1280</width>
        <height>720</height>
        <depth>3</depth>
    </size>
    <segmented>0</segmented>
    <object>
        <name>player</name>
        <pose>Unspecified</pose>
        <truncated>0</truncated>
        <difficult>0</difficult>
        <bndbox>
            <xmin>151.50599134290542</xmin>
            <ymin>474.1937552787162</ymin>
            <xmax>238.2903303816518</xmax>
            <ymax>587.3595293199697</ymax>
        </bndbox>
    </object>    <object>
        <name>player</name>
        <pose>Unspecified</pose>
        <truncated>0</truncated>
        <difficult>0</difficult>
        <bndbox>
            <xmin>785.6357421875</xmin>
            <ymin>617.9228515625</ymin>
            <xmax>904.5122375488281</xmax>
            <ymax>720.0</ymax>
        </bndbox>
    </object>    <object>
        <name>player</name>
        <pose>Unspecified</pose>
        <truncated>0</truncated>
        <difficult>0</difficult>
        <bndbox>
            <xmin>933.4471875000003</xmin>
            <ymin>306.2744140625</ymin>
            <xmax>1008.8221160888672</xmax>
            <ymax>414.6472503662109</ymax>
        </bndbox>
    </object>    <object>
        <name>keeper</name>
        <pose>Unspecified</pose>
        <truncated>0</truncated>
        <difficult>0</difficult>
        <bndbox>
            <xmin>536.958984375</xmin>
            <ymin>273.503125</ymin>
            <xmax>646.1968460083008</xmax>
            <ymax>369.889469909668</ymax>
        </bndbox>
    </object>    <object>
        <name>player</name>
        <pose>Unspecified</pose>
        <truncated>0</truncated>
        <difficult>0</difficult>
        <bndbox>
            <xmin>394.6739843750009</xmin>
            <ymin>321.6970703125</ymin>
            <xmax>478.69874267578126</xmax>
            <ymax>451.7336193847659</ymax>
        </bndbox>
    </object>    <object>
        <name>ref</name>
        <pose>Unspecified</pose>
        <truncated>0</truncated>
        <difficult>0</difficult>
        <bndbox>
            <xmin>16.0439453125</xmin>
            <ymin>434.361328125</ymin>
            <xmax>66.3790397644043</xmax>
            <ymax>533.9605560302734</ymax>
        </bndbox>
    </object>    <object>
        <name>player</name>
        <pose>Unspecified</pose>
        <truncated>0</truncated>
        <difficult>0</difficult>
        <bndbox>
            <xmin>446.8209765625012</xmin>
            <ymin>308.844921875</ymin>
            <xmax>524.3210678100586</xmax>
            <ymax>438.65489715576257</ymax>
        </bndbox>
    </object>    <object>
        <name>player</name>
        <pose>Unspecified</pose>
        <truncated>0</truncated>
        <difficult>0</difficult>
        <bndbox>
            <xmin>273.32449218750116</xmin>
            <ymin>375.23296875000085</ymin>
            <xmax>380.59779663085936</xmax>
            <ymax>496.0559936523438</ymax>
        </bndbox>
    </object>    <object>
        <name>player</name>
        <pose>Unspecified</pose>
        <truncated>0</truncated>
        <difficult>0</difficult>
        <bndbox>
            <xmin>267.7197265625</xmin>
            <ymin>262.578515625</ymin>
            <xmax>345.87671112060633</xmax>
            <ymax>373.08848480224697</ymax>
        </bndbox>
    </object>    <object>
        <name>player</name>
        <pose>Unspecified</pose>
        <truncated>0</truncated>
        <difficult>0</difficult>
        <bndbox>
            <xmin>230.2639062500006</xmin>
            <ymin>327.2640625</ymin>
            <xmax>310.81738159179696</xmax>
            <ymax>460.25742187500146</ymax>
        </bndbox>
    </object>    <object>
        <name>player</name>
        <pose>Unspecified</pose>
        <truncated>0</truncated>
        <difficult>0</difficult>
        <bndbox>
            <xmin>213.75554687500116</xmin>
            <ymin>277.7865234375</ymin>
            <xmax>275.8582244873047</xmax>
            <ymax>387.6356362915045</ymax>
        </bndbox>
    </object>
</annotation>
