<annotation>
    <folder></folder>
    <filename>frame_000451</filename>
    <path></path>
    <source>
        <database>Unknown</database>
    </source>
    <size>
        <width>1280</width>
        <height>720</height>
        <depth>3</depth>
    </size>
    <segmented>0</segmented>
    <object>
        <name>player</name>
        <pose>Unspecified</pose>
        <truncated>0</truncated>
        <difficult>0</difficult>
        <bndbox>
            <xmin>723.7601412259615</xmin>
            <ymin>283.40625</ymin>
            <xmax>776.9846153846158</xmax>
            <ymax>402.4076923076925</ymax>
        </bndbox>
    </object>    <object>
        <name>player</name>
        <pose>Unspecified</pose>
        <truncated>0</truncated>
        <difficult>0</difficult>
        <bndbox>
            <xmin>281.51111778846155</xmin>
            <ymin>208.24015925480768</ymin>
            <xmax>340.8846153846165</xmax>
            <ymax>304.9769230769238</ymax>
        </bndbox>
    </object>    <object>
        <name>player</name>
        <pose>Unspecified</pose>
        <truncated>0</truncated>
        <difficult>0</difficult>
        <bndbox>
            <xmin>1104.5184795673076</xmin>
            <ymin>394.88266225961536</ymin>
            <xmax>1170.61905048077</xmax>
            <ymax>538.2195312500008</ymax>
        </bndbox>
    </object>    <object>
        <name>player</name>
        <pose>Unspecified</pose>
        <truncated>0</truncated>
        <difficult>0</difficult>
        <bndbox>
            <xmin>987.1568509615385</xmin>
            <ymin>268.09878305288464</ymin>
            <xmax>1040.230468750001</xmax>
            <ymax>373.3356370192316</ymax>
        </bndbox>
    </object>    <object>
        <name>player</name>
        <pose>Unspecified</pose>
        <truncated>0</truncated>
        <difficult>0</difficult>
        <bndbox>
            <xmin>126.28568209134616</xmin>
            <ymin>291.1395733173077</ymin>
            <xmax>188.4076923076928</xmax>
            <ymax>414.45384615384626</ymax>
        </bndbox>
    </object>    <object>
        <name>player</name>
        <pose>Unspecified</pose>
        <truncated>0</truncated>
        <difficult>0</difficult>
        <bndbox>
            <xmin>58.8615384615388</xmin>
            <ymin>525.8695162259615</ymin>
            <xmax>139.4428464449369</xmax>
            <ymax>645.2692307692307</ymax>
        </bndbox>
    </object>    <object>
        <name>ref</name>
        <pose>Unspecified</pose>
        <truncated>0</truncated>
        <difficult>0</difficult>
        <bndbox>
            <xmin>1206.601649305556</xmin>
            <ymin>203.23980034722223</ymin>
            <xmax>1249.055555555556</xmax>
            <ymax>306.9617750379778</ymax>
        </bndbox>
    </object>    <object>
        <name>player</name>
        <pose>Unspecified</pose>
        <truncated>0</truncated>
        <difficult>0</difficult>
        <bndbox>
            <xmin>475.76137319711586</xmin>
            <ymin>233.07361778846155</ymin>
            <xmax>529.0377457251906</xmax>
            <ymax>323.968734975963</ymax>
        </bndbox>
    </object>    <object>
        <name>player</name>
        <pose>Unspecified</pose>
        <truncated>0</truncated>
        <difficult>0</difficult>
        <bndbox>
            <xmin>244.3615384615399</xmin>
            <ymin>370.75</ymin>
            <xmax>328.88219393216644</xmax>
            <ymax>498.1153846153853</ymax>
        </bndbox>
    </object>
</annotation>
