<annotation>
    <folder></folder>
    <filename>frame_000426</filename>
    <path></path>
    <source>
        <database>Unknown</database>
    </source>
    <size>
        <width>1280</width>
        <height>720</height>
        <depth>3</depth>
    </size>
    <segmented>0</segmented>
    <object>
        <name>player</name>
        <pose>Unspecified</pose>
        <truncated>0</truncated>
        <difficult>0</difficult>
        <bndbox>
            <xmin>831.7297712053571</xmin>
            <ymin>329.81947544642856</ymin>
            <xmax>897.5190696544222</xmax>
            <ymax>455.2418438674813</ymax>
        </bndbox>
    </object>    <object>
        <name>player</name>
        <pose>Unspecified</pose>
        <truncated>0</truncated>
        <difficult>0</difficult>
        <bndbox>
            <xmin>488.18381696428617</xmin>
            <ymin>211.58348214285746</ymin>
            <xmax>540.7378072466173</xmax>
            <ymax>303.48309086390924</ymax>
        </bndbox>
    </object>    <object>
        <name>player</name>
        <pose>Unspecified</pose>
        <truncated>0</truncated>
        <difficult>0</difficult>
        <bndbox>
            <xmin>1212.144810267857</xmin>
            <ymin>435.7036830357143</ymin>
            <xmax>1280.0</xmax>
            <ymax>585.0350461113727</ymax>
        </bndbox>
    </object>    <object>
        <name>player</name>
        <pose>Unspecified</pose>
        <truncated>0</truncated>
        <difficult>0</difficult>
        <bndbox>
            <xmin>1113.6642020089287</xmin>
            <ymin>279.07114955357144</ymin>
            <xmax>1174.0237106437974</xmax>
            <ymax>388.82041970159895</ymax>
        </bndbox>
    </object>    <object>
        <name>player</name>
        <pose>Unspecified</pose>
        <truncated>0</truncated>
        <difficult>0</difficult>
        <bndbox>
            <xmin>114.80000000000109</xmin>
            <ymin>306.4931640625</ymin>
            <xmax>185.75852421351843</xmax>
            <ymax>427.74285714285753</ymax>
        </bndbox>
    </object>    <object>
        <name>player</name>
        <pose>Unspecified</pose>
        <truncated>0</truncated>
        <difficult>0</difficult>
        <bndbox>
            <xmin>0.0</xmin>
            <ymin>503.5439453125</ymin>
            <xmax>82.44999999999999</xmax>
            <ymax>613.920000000001</ymax>
        </bndbox>
    </object>    <object>
        <name>player</name>
        <pose>Unspecified</pose>
        <truncated>0</truncated>
        <difficult>0</difficult>
        <bndbox>
            <xmin>507.3631578947372</xmin>
            <ymin>259.7474300986842</ymin>
            <xmax>575.4273773996454</xmax>
            <ymax>343.64736842105316</ymax>
        </bndbox>
    </object>    <object>
        <name>player</name>
        <pose>Unspecified</pose>
        <truncated>0</truncated>
        <difficult>0</difficult>
        <bndbox>
            <xmin>235.5142857142868</xmin>
            <ymin>387.13671875</ymin>
            <xmax>328.6389192853655</xmax>
            <ymax>508.1317125822373</ymax>
        </bndbox>
    </object>
</annotation>
