<annotation>
    <folder></folder>
    <filename>frame_000378</filename>
    <path></path>
    <source>
        <database>Unknown</database>
    </source>
    <size>
        <width>1280</width>
        <height>720</height>
        <depth>3</depth>
    </size>
    <segmented>0</segmented>
    <object>
        <name>player</name>
        <pose>Unspecified</pose>
        <truncated>0</truncated>
        <difficult>0</difficult>
        <bndbox>
            <xmin>793.9360000000006</xmin>
            <ymin>387.9621875</ymin>
            <xmax>869.2681610107422</xmax>
            <ymax>522.2640000000007</ymax>
        </bndbox>
    </object>    <object>
        <name>player</name>
        <pose>Unspecified</pose>
        <truncated>0</truncated>
        <difficult>0</difficult>
        <bndbox>
            <xmin>610.3227272727277</xmin>
            <ymin>225.0004971590911</ymin>
            <xmax>684.8257487903942</xmax>
            <ymax>318.40196380615276</ymax>
        </bndbox>
    </object>    <object>
        <name>player</name>
        <pose>Unspecified</pose>
        <truncated>0</truncated>
        <difficult>0</difficult>
        <bndbox>
            <xmin>1169.703051757813</xmin>
            <ymin>474.4502360026042</ymin>
            <xmax>1266.7336676915486</xmax>
            <ymax>632.2000000000013</ymax>
        </bndbox>
    </object>    <object>
        <name>player</name>
        <pose>Unspecified</pose>
        <truncated>0</truncated>
        <difficult>0</difficult>
        <bndbox>
            <xmin>1169.2522786458333</xmin>
            <ymin>274.66885850694445</ymin>
            <xmax>1222.8488888888894</xmax>
            <ymax>384.12666666666803</ymax>
        </bndbox>
    </object>    <object>
        <name>player</name>
        <pose>Unspecified</pose>
        <truncated>0</truncated>
        <difficult>0</difficult>
        <bndbox>
            <xmin>0.28541666666666665</xmin>
            <ymin>313.30657552083335</ymin>
            <xmax>45.53838485717812</xmax>
            <ymax>402.08987599690784</ymax>
        </bndbox>
    </object>    <object>
        <name>player</name>
        <pose>Unspecified</pose>
        <truncated>0</truncated>
        <difficult>0</difficult>
        <bndbox>
            <xmin>429.2341953125005</xmin>
            <ymin>299.0215234375</ymin>
            <xmax>501.92331250000075</xmax>
            <ymax>412.23600000000056</ymax>
        </bndbox>
    </object>    <object>
        <name>player</name>
        <pose>Unspecified</pose>
        <truncated>0</truncated>
        <difficult>0</difficult>
        <bndbox>
            <xmin>119.45524680397813</xmin>
            <ymin>352.8795276988636</ymin>
            <xmax>227.18603064797142</xmax>
            <ymax>460.40454545454617</ymax>
        </bndbox>
    </object>
</annotation>
