<annotation>
    <folder></folder>
    <filename>frame_000086</filename>
    <path></path>
    <source>
        <database>Unknown</database>
    </source>
    <size>
        <width>1280</width>
        <height>720</height>
        <depth>3</depth>
    </size>
    <segmented>0</segmented>
    <object>
        <name>player</name>
        <pose>Unspecified</pose>
        <truncated>0</truncated>
        <difficult>0</difficult>
        <bndbox>
            <xmin>78.04220920138889</xmin>
            <ymin>449.4020182291667</ymin>
            <xmax>152.921354166667</xmax>
            <ymax>549.135069444445</ymax>
        </bndbox>
    </object>    <object>
        <name>player</name>
        <pose>Unspecified</pose>
        <truncated>0</truncated>
        <difficult>0</difficult>
        <bndbox>
            <xmin>1053.9215277777778</xmin>
            <ymin>624.4437934027778</ymin>
            <xmax>1139.129600863988</xmax>
            <ymax>720.0</ymax>
        </bndbox>
    </object>    <object>
        <name>player</name>
        <pose>Unspecified</pose>
        <truncated>0</truncated>
        <difficult>0</difficult>
        <bndbox>
            <xmin>974.406705729167</xmin>
            <ymin>407.396484375</ymin>
            <xmax>1072.9666636149088</xmax>
            <ymax>537.9798828125004</ymax>
        </bndbox>
    </object>    <object>
        <name>keeper</name>
        <pose>Unspecified</pose>
        <truncated>0</truncated>
        <difficult>0</difficult>
        <bndbox>
            <xmin>458.94086371527777</xmin>
            <ymin>272.4558376736111</ymin>
            <xmax>535.7250868055562</xmax>
            <ymax>357.2713975694456</ymax>
        </bndbox>
    </object>    <object>
        <name>player</name>
        <pose>Unspecified</pose>
        <truncated>0</truncated>
        <difficult>0</difficult>
        <bndbox>
            <xmin>519.556640625</xmin>
            <ymin>272.09971788194446</ymin>
            <xmax>565.5927734375</xmax>
            <ymax>377.0809678819452</ymax>
        </bndbox>
    </object>    <object>
        <name>player</name>
        <pose>Unspecified</pose>
        <truncated>0</truncated>
        <difficult>0</difficult>
        <bndbox>
            <xmin>607.4336805555556</xmin>
            <ymin>335.6429036458333</ymin>
            <xmax>680.1447046915694</xmax>
            <ymax>446.1444444444448</ymax>
        </bndbox>
    </object>    <object>
        <name>player</name>
        <pose>Unspecified</pose>
        <truncated>0</truncated>
        <difficult>0</difficult>
        <bndbox>
            <xmin>199.224609375</xmin>
            <ymin>464.9772135416667</ymin>
            <xmax>284.53333333333364</xmax>
            <ymax>593.8111111111115</ymax>
        </bndbox>
    </object>    <object>
        <name>player</name>
        <pose>Unspecified</pose>
        <truncated>0</truncated>
        <difficult>0</difficult>
        <bndbox>
            <xmin>348.9933810763889</xmin>
            <ymin>267.8142361111111</ymin>
            <xmax>420.6939670138893</xmax>
            <ymax>378.1519314236118</ymax>
        </bndbox>
    </object>    <object>
        <name>player</name>
        <pose>Unspecified</pose>
        <truncated>0</truncated>
        <difficult>0</difficult>
        <bndbox>
            <xmin>324.34874131944446</xmin>
            <ymin>370.34581163194446</ymin>
            <xmax>400.44930555555504</xmax>
            <ymax>492.54340549045145</ymax>
        </bndbox>
    </object>    <object>
        <name>player</name>
        <pose>Unspecified</pose>
        <truncated>0</truncated>
        <difficult>0</difficult>
        <bndbox>
            <xmin>248.22233072916666</xmin>
            <ymin>273.8831380208333</ymin>
            <xmax>317.80397135416814</xmax>
            <ymax>390.5950520833333</ymax>
        </bndbox>
    </object>
</annotation>
