<annotation>
    <folder></folder>
    <filename>frame_000425</filename>
    <path></path>
    <source>
        <database>Unknown</database>
    </source>
    <size>
        <width>1280</width>
        <height>720</height>
        <depth>3</depth>
    </size>
    <segmented>0</segmented>
    <object>
        <name>player</name>
        <pose>Unspecified</pose>
        <truncated>0</truncated>
        <difficult>0</difficult>
        <bndbox>
            <xmin>833.6139787946429</xmin>
            <ymin>331.61509486607144</ymin>
            <xmax>899.2920928725626</xmax>
            <ymax>457.6557918233084</ymax>
        </bndbox>
    </object>    <object>
        <name>player</name>
        <pose>Unspecified</pose>
        <truncated>0</truncated>
        <difficult>0</difficult>
        <bndbox>
            <xmin>495.8378627232149</xmin>
            <ymin>212.86261160714326</ymin>
            <xmax>545.6416857038229</xmax>
            <ymax>303.9903451102122</ymax>
        </bndbox>
    </object>    <object>
        <name>player</name>
        <pose>Unspecified</pose>
        <truncated>0</truncated>
        <difficult>0</difficult>
        <bndbox>
            <xmin>1213.529994419643</xmin>
            <ymin>437.0082310267857</ymin>
            <xmax>1280.0</xmax>
            <ymax>586.8467281484967</ymax>
        </bndbox>
    </object>    <object>
        <name>player</name>
        <pose>Unspecified</pose>
        <truncated>0</truncated>
        <difficult>0</difficult>
        <bndbox>
            <xmin>1117.5535714285713</xmin>
            <ymin>279.57045200892856</ymin>
            <xmax>1177.6316141917293</xmax>
            <ymax>389.82722626879826</ymax>
        </bndbox>
    </object>    <object>
        <name>player</name>
        <pose>Unspecified</pose>
        <truncated>0</truncated>
        <difficult>0</difficult>
        <bndbox>
            <xmin>113.80000000000109</xmin>
            <ymin>306.8876953125</ymin>
            <xmax>185.20290156773157</xmax>
            <ymax>427.4571428571432</ymax>
        </bndbox>
    </object>    <object>
        <name>player</name>
        <pose>Unspecified</pose>
        <truncated>0</truncated>
        <difficult>0</difficult>
        <bndbox>
            <xmin>0.0</xmin>
            <ymin>503.5439453125</ymin>
            <xmax>77.1</xmax>
            <ymax>611.460000000001</ymax>
        </bndbox>
    </object>    <object>
        <name>player</name>
        <pose>Unspecified</pose>
        <truncated>0</truncated>
        <difficult>0</difficult>
        <bndbox>
            <xmin>505.78421052631614</xmin>
            <ymin>260.59292763157896</ymin>
            <xmax>574.4691844739413</xmax>
            <ymax>344.6631578947374</ymax>
        </bndbox>
    </object>    <object>
        <name>player</name>
        <pose>Unspecified</pose>
        <truncated>0</truncated>
        <difficult>0</difficult>
        <bndbox>
            <xmin>236.58571428571537</xmin>
            <ymin>387.9580078125</ymin>
            <xmax>327.1573606218611</xmax>
            <ymax>508.2756167763161</ymax>
        </bndbox>
    </object>
</annotation>
