<annotation>
    <folder></folder>
    <filename>frame_000320</filename>
    <path></path>
    <source>
        <database>Unknown</database>
    </source>
    <size>
        <width>1280</width>
        <height>720</height>
        <depth>3</depth>
    </size>
    <segmented>0</segmented>
    <object>
        <name>player</name>
        <pose>Unspecified</pose>
        <truncated>0</truncated>
        <difficult>0</difficult>
        <bndbox>
            <xmin>1082.0198567708333</xmin>
            <ymin>517.91796875</ymin>
            <xmax>1195.7666666666676</xmax>
            <ymax>697.8666666666674</ymax>
        </bndbox>
    </object>    <object>
        <name>player</name>
        <pose>Unspecified</pose>
        <truncated>0</truncated>
        <difficult>0</difficult>
        <bndbox>
            <xmin>1147.58349609375</xmin>
            <ymin>249.86946614583334</ymin>
            <xmax>1205.916666666667</xmax>
            <ymax>349.4333333333334</ymax>
        </bndbox>
    </object>    <object>
        <name>player</name>
        <pose>Unspecified</pose>
        <truncated>0</truncated>
        <difficult>0</difficult>
        <bndbox>
            <xmin>0.0</xmin>
            <ymin>352.490234375</ymin>
            <xmax>25.678517913816904</xmax>
            <ymax>453.10703125000146</ymax>
        </bndbox>
    </object>    <object>
        <name>keeper</name>
        <pose>Unspecified</pose>
        <truncated>0</truncated>
        <difficult>0</difficult>
        <bndbox>
            <xmin>17.460286458333332</xmin>
            <ymin>278.64453125</ymin>
            <xmax>67.90345052083467</xmax>
            <ymax>402.1996744791668</ymax>
        </bndbox>
    </object>    <object>
        <name>player</name>
        <pose>Unspecified</pose>
        <truncated>0</truncated>
        <difficult>0</difficult>
        <bndbox>
            <xmin>144.8359375</xmin>
            <ymin>216.52962239583334</ymin>
            <xmax>207.56666666666752</xmax>
            <ymax>303.2666666666676</ymax>
        </bndbox>
    </object>    <object>
        <name>player</name>
        <pose>Unspecified</pose>
        <truncated>0</truncated>
        <difficult>0</difficult>
        <bndbox>
            <xmin>501.0000000000012</xmin>
            <ymin>379.3011067708333</ymin>
            <xmax>606.5600357055664</xmax>
            <ymax>501.7333333333342</ymax>
        </bndbox>
    </object>    <object>
        <name>player</name>
        <pose>Unspecified</pose>
        <truncated>0</truncated>
        <difficult>0</difficult>
        <bndbox>
            <xmin>111.78385416666667</xmin>
            <ymin>275.44140625</ymin>
            <xmax>166.18424479166666</xmax>
            <ymax>371.9414093017567</ymax>
        </bndbox>
    </object>    <object>
        <name>player</name>
        <pose>Unspecified</pose>
        <truncated>0</truncated>
        <difficult>0</difficult>
        <bndbox>
            <xmin>306.2637369791676</xmin>
            <ymin>317.2001302083336</ymin>
            <xmax>380.8797485351558</xmax>
            <ymax>417.03333384195986</ymax>
        </bndbox>
    </object>    <object>
        <name>player</name>
        <pose>Unspecified</pose>
        <truncated>0</truncated>
        <difficult>0</difficult>
        <bndbox>
            <xmin>117.466796875</xmin>
            <ymin>206.16764322916666</ymin>
            <xmax>171.1572906494148</xmax>
            <ymax>295.20000000000135</ymax>
        </bndbox>
    </object>
</annotation>
