<annotation>
    <folder></folder>
    <filename>frame_000061</filename>
    <path></path>
    <source>
        <database>Unknown</database>
    </source>
    <size>
        <width>1280</width>
        <height>720</height>
        <depth>3</depth>
    </size>
    <segmented>0</segmented>
    <object>
        <name>player</name>
        <pose>Unspecified</pose>
        <truncated>0</truncated>
        <difficult>0</difficult>
        <bndbox>
            <xmin>107.29097656249999</xmin>
            <ymin>471.6730078125</ymin>
            <xmax>182.98200000000043</xmax>
            <ymax>570.3880625000004</ymax>
        </bndbox>
    </object>    <object>
        <name>player</name>
        <pose>Unspecified</pose>
        <truncated>0</truncated>
        <difficult>0</difficult>
        <bndbox>
            <xmin>922.846640625</xmin>
            <ymin>611.1118359375</ymin>
            <xmax>1006.7720000000014</xmax>
            <ymax>720.0</ymax>
        </bndbox>
    </object>    <object>
        <name>player</name>
        <pose>Unspecified</pose>
        <truncated>0</truncated>
        <difficult>0</difficult>
        <bndbox>
            <xmin>890.0119280133929</xmin>
            <ymin>366.61244419642856</ymin>
            <xmax>975.9214285714294</xmax>
            <ymax>480.721428571429</ymax>
        </bndbox>
    </object>    <object>
        <name>keeper</name>
        <pose>Unspecified</pose>
        <truncated>0</truncated>
        <difficult>0</difficult>
        <bndbox>
            <xmin>482.168828125</xmin>
            <ymin>269.1333984375</ymin>
            <xmax>570.4120000000007</xmax>
            <ymax>347.7560000000007</ymax>
        </bndbox>
    </object>    <object>
        <name>player</name>
        <pose>Unspecified</pose>
        <truncated>0</truncated>
        <difficult>0</difficult>
        <bndbox>
            <xmin>428.85323660714283</xmin>
            <ymin>282.44796316964283</ymin>
            <xmax>499.5285700116839</xmax>
            <ymax>381.42142857143</ymax>
        </bndbox>
    </object>    <object>
        <name>player</name>
        <pose>Unspecified</pose>
        <truncated>0</truncated>
        <difficult>0</difficult>
        <bndbox>
            <xmin>523.6409458705367</xmin>
            <ymin>317.44029017857144</ymin>
            <xmax>617.5199661254883</xmax>
            <ymax>424.43571428571533</ymax>
        </bndbox>
    </object>    <object>
        <name>player</name>
        <pose>Unspecified</pose>
        <truncated>0</truncated>
        <difficult>0</difficult>
        <bndbox>
            <xmin>311.74246651785717</xmin>
            <ymin>435.80385044642856</ymin>
            <xmax>431.9399899553572</xmax>
            <ymax>561.7440223214287</ymax>
        </bndbox>
    </object>    <object>
        <name>player</name>
        <pose>Unspecified</pose>
        <truncated>0</truncated>
        <difficult>0</difficult>
        <bndbox>
            <xmin>314.1138671875</xmin>
            <ymin>255.1676953125</ymin>
            <xmax>377.55631250000073</xmax>
            <ymax>363.48392187500076</ymax>
        </bndbox>
    </object>    <object>
        <name>player</name>
        <pose>Unspecified</pose>
        <truncated>0</truncated>
        <difficult>0</difficult>
        <bndbox>
            <xmin>281.29404296875066</xmin>
            <ymin>344.06236049107144</ymin>
            <xmax>355.6523297991072</xmax>
            <ymax>467.5577455793109</ymax>
        </bndbox>
    </object>    <object>
        <name>player</name>
        <pose>Unspecified</pose>
        <truncated>0</truncated>
        <difficult>0</difficult>
        <bndbox>
            <xmin>233.0822265625</xmin>
            <ymin>259.580390625</ymin>
            <xmax>290.89494171142434</xmax>
            <ymax>370.88839843750037</ymax>
        </bndbox>
    </object>
</annotation>
