<annotation>
    <folder></folder>
    <filename>frame_000194</filename>
    <path></path>
    <source>
        <database>Unknown</database>
    </source>
    <size>
        <width>1280</width>
        <height>720</height>
        <depth>3</depth>
    </size>
    <segmented>0</segmented>
    <object>
        <name>ref</name>
        <pose>Unspecified</pose>
        <truncated>0</truncated>
        <difficult>0</difficult>
        <bndbox>
            <xmin>29.331591796874996</xmin>
            <ymin>410.591357421875</ymin>
            <xmax>82.87397460937535</xmax>
            <ymax>518.8366699218761</ymax>
        </bndbox>
    </object>    <object>
        <name>player</name>
        <pose>Unspecified</pose>
        <truncated>0</truncated>
        <difficult>0</difficult>
        <bndbox>
            <xmin>100.08203125</xmin>
            <ymin>322.9326171875</ymin>
            <xmax>173.29000000000096</xmax>
            <ymax>447.05500000000086</ymax>
        </bndbox>
    </object>    <object>
        <name>keeper</name>
        <pose>Unspecified</pose>
        <truncated>0</truncated>
        <difficult>0</difficult>
        <bndbox>
            <xmin>569.0769708806819</xmin>
            <ymin>276.5924183238636</ymin>
            <xmax>666.1470675089723</xmax>
            <ymax>370.89712638307515</ymax>
        </bndbox>
    </object>    <object>
        <name>player</name>
        <pose>Unspecified</pose>
        <truncated>0</truncated>
        <difficult>0</difficult>
        <bndbox>
            <xmin>1083.1422230113637</xmin>
            <ymin>273.5999644886364</ymin>
            <xmax>1161.1846292669125</xmax>
            <ymax>387.9190696022731</ymax>
        </bndbox>
    </object>    <object>
        <name>player</name>
        <pose>Unspecified</pose>
        <truncated>0</truncated>
        <difficult>0</difficult>
        <bndbox>
            <xmin>1142.2076526988637</xmin>
            <ymin>491.33682528409093</ymin>
            <xmax>1245.6384827769898</xmax>
            <ymax>660.6727725497155</ymax>
        </bndbox>
    </object>    <object>
        <name>player</name>
        <pose>Unspecified</pose>
        <truncated>0</truncated>
        <difficult>0</difficult>
        <bndbox>
            <xmin>277.0052379261364</xmin>
            <ymin>445.6463068181818</ymin>
            <xmax>391.4816299438475</xmax>
            <ymax>594.2181818181833</ymax>
        </bndbox>
    </object>    <object>
        <name>player</name>
        <pose>Unspecified</pose>
        <truncated>0</truncated>
        <difficult>0</difficult>
        <bndbox>
            <xmin>227.85182883522728</xmin>
            <ymin>321.9611150568182</ymin>
            <xmax>304.8625721324575</xmax>
            <ymax>436.31235795454614</ymax>
        </bndbox>
    </object>    <object>
        <name>player</name>
        <pose>Unspecified</pose>
        <truncated>0</truncated>
        <difficult>0</difficult>
        <bndbox>
            <xmin>681.9037642045455</xmin>
            <ymin>361.4298650568182</ymin>
            <xmax>762.4782434636899</xmax>
            <ymax>509.60909090909195</ymax>
        </bndbox>
    </object>    <object>
        <name>player</name>
        <pose>Unspecified</pose>
        <truncated>0</truncated>
        <difficult>0</difficult>
        <bndbox>
            <xmin>466.9830433238636</xmin>
            <ymin>276.638671875</ymin>
            <xmax>530.0000000000005</xmax>
            <ymax>392.2181818181825</ymax>
        </bndbox>
    </object>
</annotation>
