<annotation>
    <folder></folder>
    <filename>frame_000380</filename>
    <path></path>
    <source>
        <database>Unknown</database>
    </source>
    <size>
        <width>1280</width>
        <height>720</height>
        <depth>3</depth>
    </size>
    <segmented>0</segmented>
    <object>
        <name>player</name>
        <pose>Unspecified</pose>
        <truncated>0</truncated>
        <difficult>0</difficult>
        <bndbox>
            <xmin>796.0800000000006</xmin>
            <ymin>385.04921875</ymin>
            <xmax>869.5251922607422</xmax>
            <ymax>519.5200000000008</ymax>
        </bndbox>
    </object>    <object>
        <name>player</name>
        <pose>Unspecified</pose>
        <truncated>0</truncated>
        <difficult>0</difficult>
        <bndbox>
            <xmin>605.2954545454551</xmin>
            <ymin>224.68927556818207</ymin>
            <xmax>679.5995414040306</xmax>
            <ymax>317.80226593017613</ymax>
        </bndbox>
    </object>    <object>
        <name>player</name>
        <pose>Unspecified</pose>
        <truncated>0</truncated>
        <difficult>0</difficult>
        <bndbox>
            <xmin>1172.380444335938</xmin>
            <ymin>471.9512939453125</ymin>
            <xmax>1269.145728111267</xmax>
            <ymax>631.4000000000012</ymax>
        </bndbox>
    </object>    <object>
        <name>player</name>
        <pose>Unspecified</pose>
        <truncated>0</truncated>
        <difficult>0</difficult>
        <bndbox>
            <xmin>1168.3955078125</xmin>
            <ymin>274.7164713541667</ymin>
            <xmax>1222.133333333334</xmax>
            <ymax>384.70000000000135</ymax>
        </bndbox>
    </object>    <object>
        <name>player</name>
        <pose>Unspecified</pose>
        <truncated>0</truncated>
        <difficult>0</difficult>
        <bndbox>
            <xmin>0.428125</xmin>
            <ymin>313.0208984375</ymin>
            <xmax>52.25328079223691</xmax>
            <ymax>404.37488433837933</ymax>
        </bndbox>
    </object>    <object>
        <name>player</name>
        <pose>Unspecified</pose>
        <truncated>0</truncated>
        <difficult>0</difficult>
        <bndbox>
            <xmin>432.14714843750045</xmin>
            <ymin>297.0509765625</ymin>
            <xmax>504.8360937500009</xmax>
            <ymax>409.58000000000067</ymax>
        </bndbox>
    </object>    <object>
        <name>player</name>
        <pose>Unspecified</pose>
        <truncated>0</truncated>
        <difficult>0</difficult>
        <bndbox>
            <xmin>119.22074751420554</xmin>
            <ymin>354.90846946022725</ymin>
            <xmax>231.9838815168901</xmax>
            <ymax>462.35909090909166</ymax>
        </bndbox>
    </object>
</annotation>
