<annotation>
    <folder></folder>
    <filename>frame_000398</filename>
    <path></path>
    <source>
        <database>Unknown</database>
    </source>
    <size>
        <width>1280</width>
        <height>720</height>
        <depth>3</depth>
    </size>
    <segmented>0</segmented>
    <object>
        <name>player</name>
        <pose>Unspecified</pose>
        <truncated>0</truncated>
        <difficult>0</difficult>
        <bndbox>
            <xmin>818.3663281250007</xmin>
            <ymin>361.059765625</ymin>
            <xmax>882.3766766357418</xmax>
            <ymax>496.3753906250011</ymax>
        </bndbox>
    </object>    <object>
        <name>player</name>
        <pose>Unspecified</pose>
        <truncated>0</truncated>
        <difficult>0</difficult>
        <bndbox>
            <xmin>569.961328125</xmin>
            <ymin>218.6703125</ymin>
            <xmax>639.760783081055</xmax>
            <ymax>313.5223437500008</ymax>
        </bndbox>
    </object>    <object>
        <name>player</name>
        <pose>Unspecified</pose>
        <truncated>0</truncated>
        <difficult>0</difficult>
        <bndbox>
            <xmin>1199.5751953125</xmin>
            <ymin>455.1982421875</ymin>
            <xmax>1280.0</xmax>
            <ymax>618.157142857144</ymax>
        </bndbox>
    </object>    <object>
        <name>player</name>
        <pose>Unspecified</pose>
        <truncated>0</truncated>
        <difficult>0</difficult>
        <bndbox>
            <xmin>1160.6845703125</xmin>
            <ymin>275.1449869791667</ymin>
            <xmax>1215.6933333333343</xmax>
            <ymax>389.8600000000012</ymax>
        </bndbox>
    </object>    <object>
        <name>player</name>
        <pose>Unspecified</pose>
        <truncated>0</truncated>
        <difficult>0</difficult>
        <bndbox>
            <xmin>39.183035714285715</xmin>
            <ymin>312.19447544642856</ymin>
            <xmax>110.4684995378775</xmax>
            <ymax>418.3185267857152</ymax>
        </bndbox>
    </object>    <object>
        <name>player</name>
        <pose>Unspecified</pose>
        <truncated>0</truncated>
        <difficult>0</difficult>
        <bndbox>
            <xmin>460.86714843750013</xmin>
            <ymin>281.6291015625</ymin>
            <xmax>535.6785162353524</xmax>
            <ymax>381.74000000000126</ymax>
        </bndbox>
    </object>    <object>
        <name>player</name>
        <pose>Unspecified</pose>
        <truncated>0</truncated>
        <difficult>0</difficult>
        <bndbox>
            <xmin>165.52000000000118</xmin>
            <ymin>369.678515625</ymin>
            <xmax>266.2550384521484</xmax>
            <ymax>477.24000000000126</ymax>
        </bndbox>
    </object>
</annotation>
