<annotation>
    <folder></folder>
    <filename>frame_000384</filename>
    <path></path>
    <source>
        <database>Unknown</database>
    </source>
    <size>
        <width>1280</width>
        <height>720</height>
        <depth>3</depth>
    </size>
    <segmented>0</segmented>
    <object>
        <name>player</name>
        <pose>Unspecified</pose>
        <truncated>0</truncated>
        <difficult>0</difficult>
        <bndbox>
            <xmin>800.3680000000008</xmin>
            <ymin>379.22328125</ymin>
            <xmax>870.0392547607422</xmax>
            <ymax>514.032000000001</ymax>
        </bndbox>
    </object>    <object>
        <name>player</name>
        <pose>Unspecified</pose>
        <truncated>0</truncated>
        <difficult>0</difficult>
        <bndbox>
            <xmin>595.2409090909098</xmin>
            <ymin>224.06683238636396</ymin>
            <xmax>669.1471266313033</xmax>
            <ymax>316.6028701782228</ymax>
        </bndbox>
    </object>    <object>
        <name>player</name>
        <pose>Unspecified</pose>
        <truncated>0</truncated>
        <difficult>0</difficult>
        <bndbox>
            <xmin>1177.7352294921877</xmin>
            <ymin>466.9534098307292</ymin>
            <xmax>1273.9698489507039</xmax>
            <ymax>629.8000000000012</ymax>
        </bndbox>
    </object>    <object>
        <name>player</name>
        <pose>Unspecified</pose>
        <truncated>0</truncated>
        <difficult>0</difficult>
        <bndbox>
            <xmin>1166.6819661458333</xmin>
            <ymin>274.8116970486111</ymin>
            <xmax>1220.7022222222229</xmax>
            <ymax>385.84666666666794</ymax>
        </bndbox>
    </object>    <object>
        <name>player</name>
        <pose>Unspecified</pose>
        <truncated>0</truncated>
        <difficult>0</difficult>
        <bndbox>
            <xmin>0.7135416666666666</xmin>
            <ymin>312.4495442708333</ymin>
            <xmax>65.68307266235449</xmax>
            <ymax>408.9449010213223</ymax>
        </bndbox>
    </object>    <object>
        <name>player</name>
        <pose>Unspecified</pose>
        <truncated>0</truncated>
        <difficult>0</difficult>
        <bndbox>
            <xmin>437.9730546875003</xmin>
            <ymin>293.1098828125</ymin>
            <xmax>510.6616562500011</xmax>
            <ymax>404.2680000000008</ymax>
        </bndbox>
    </object>    <object>
        <name>player</name>
        <pose>Unspecified</pose>
        <truncated>0</truncated>
        <difficult>0</difficult>
        <bndbox>
            <xmin>118.75174893466034</xmin>
            <ymin>358.96635298295456</ymin>
            <xmax>241.57958325472745</xmax>
            <ymax>466.26818181818254</ymax>
        </bndbox>
    </object>
</annotation>
