<annotation>
    <folder></folder>
    <filename>frame_000396</filename>
    <path></path>
    <source>
        <database>Unknown</database>
    </source>
    <size>
        <width>1280</width>
        <height>720</height>
        <depth>3</depth>
    </size>
    <segmented>0</segmented>
    <object>
        <name>player</name>
        <pose>Unspecified</pose>
        <truncated>0</truncated>
        <difficult>0</difficult>
        <bndbox>
            <xmin>815.4747460937508</xmin>
            <ymin>363.41591796875</ymin>
            <xmax>879.4850946044919</xmax>
            <ymax>498.7315429687511</ymax>
        </bndbox>
    </object>    <object>
        <name>player</name>
        <pose>Unspecified</pose>
        <truncated>0</truncated>
        <difficult>0</difficult>
        <bndbox>
            <xmin>571.88896484375</xmin>
            <ymin>218.8845703125</ymin>
            <xmax>643.1875802612307</xmax>
            <ymax>313.8427343750009</ymax>
        </bndbox>
    </object>    <object>
        <name>player</name>
        <pose>Unspecified</pose>
        <truncated>0</truncated>
        <difficult>0</difficult>
        <bndbox>
            <xmin>1196.2093098958333</xmin>
            <ymin>456.4222005208333</ymin>
            <xmax>1280.0</xmax>
            <ymax>620.3000000000011</ymax>
        </bndbox>
    </object>    <object>
        <name>player</name>
        <pose>Unspecified</pose>
        <truncated>0</truncated>
        <difficult>0</difficult>
        <bndbox>
            <xmin>1161.5413411458333</xmin>
            <ymin>275.09737413194443</ymin>
            <xmax>1216.4088888888898</xmax>
            <ymax>389.2866666666679</ymax>
        </bndbox>
    </object>    <object>
        <name>player</name>
        <pose>Unspecified</pose>
        <truncated>0</truncated>
        <difficult>0</difficult>
        <bndbox>
            <xmin>30.713541666666664</xmin>
            <ymin>312.0924479166667</ymin>
            <xmax>104.24668019612727</xmax>
            <ymax>417.5049479166676</ymax>
        </bndbox>
    </object>    <object>
        <name>player</name>
        <pose>Unspecified</pose>
        <truncated>0</truncated>
        <difficult>0</difficult>
        <bndbox>
            <xmin>457.3283398437501</xmin>
            <ymin>283.02138671875</ymin>
            <xmax>531.6088871765147</xmax>
            <ymax>385.3800000000012</ymax>
        </bndbox>
    </object>    <object>
        <name>player</name>
        <pose>Unspecified</pose>
        <truncated>0</truncated>
        <difficult>0</difficult>
        <bndbox>
            <xmin>159.74000000000123</xmin>
            <ymin>367.00107421875</ymin>
            <xmax>263.6846870422363</xmax>
            <ymax>474.1300000000012</ymax>
        </bndbox>
    </object>
</annotation>
