<annotation>
    <folder></folder>
    <filename>frame_000442</filename>
    <path></path>
    <source>
        <database>Unknown</database>
    </source>
    <size>
        <width>1280</width>
        <height>720</height>
        <depth>3</depth>
    </size>
    <segmented>0</segmented>
    <object>
        <name>player</name>
        <pose>Unspecified</pose>
        <truncated>0</truncated>
        <difficult>0</difficult>
        <bndbox>
            <xmin>758.607421875</xmin>
            <ymin>301.9423828125</ymin>
            <xmax>821.5</xmax>
            <ymax>420.2000000000007</ymax>
        </bndbox>
    </object>    <object>
        <name>player</name>
        <pose>Unspecified</pose>
        <truncated>0</truncated>
        <difficult>0</difficult>
        <bndbox>
            <xmin>345.2744140625</xmin>
            <ymin>204.533203125</ymin>
            <xmax>406.10000000000036</xmax>
            <ymax>302.0</ymax>
        </bndbox>
    </object>    <object>
        <name>player</name>
        <pose>Unspecified</pose>
        <truncated>0</truncated>
        <difficult>0</difficult>
        <bndbox>
            <xmin>1131.951171875</xmin>
            <ymin>408.228515625</ymin>
            <xmax>1203.9619140625</xmax>
            <ymax>556.0384765625004</ymax>
        </bndbox>
    </object>    <object>
        <name>player</name>
        <pose>Unspecified</pose>
        <truncated>0</truncated>
        <difficult>0</difficult>
        <bndbox>
            <xmin>1022.7451171875</xmin>
            <ymin>273.2890625</ymin>
            <xmax>1083.9490234375007</xmax>
            <ymax>381.5158203125011</ymax>
        </bndbox>
    </object>    <object>
        <name>player</name>
        <pose>Unspecified</pose>
        <truncated>0</truncated>
        <difficult>0</difficult>
        <bndbox>
            <xmin>118.87109375</xmin>
            <ymin>297.8125</ymin>
            <xmax>181.0</xmax>
            <ymax>421.10000000000036</ymax>
        </bndbox>
    </object>    <object>
        <name>player</name>
        <pose>Unspecified</pose>
        <truncated>0</truncated>
        <difficult>0</difficult>
        <bndbox>
            <xmin>20.30000000000109</xmin>
            <ymin>511.041015625</ymin>
            <xmax>123.1318359375</xmax>
            <ymax>624.5</ymax>
        </bndbox>
    </object>    <object>
        <name>player</name>
        <pose>Unspecified</pose>
        <truncated>0</truncated>
        <difficult>0</difficult>
        <bndbox>
            <xmin>485.40000000000146</xmin>
            <ymin>239.0048828125</ymin>
            <xmax>538.6763725280762</xmax>
            <ymax>329.90000000000146</ymax>
        </bndbox>
    </object>    <object>
        <name>player</name>
        <pose>Unspecified</pose>
        <truncated>0</truncated>
        <difficult>0</difficult>
        <bndbox>
            <xmin>218.40000000000146</xmin>
            <ymin>370.75</ymin>
            <xmax>326.6576156616211</xmax>
            <ymax>495.90000000000146</ymax>
        </bndbox>
    </object>
</annotation>
