<annotation>
    <folder></folder>
    <filename>frame_000402</filename>
    <path></path>
    <source>
        <database>Unknown</database>
    </source>
    <size>
        <width>1280</width>
        <height>720</height>
        <depth>3</depth>
    </size>
    <segmented>0</segmented>
    <object>
        <name>player</name>
        <pose>Unspecified</pose>
        <truncated>0</truncated>
        <difficult>0</difficult>
        <bndbox>
            <xmin>824.1494921875004</xmin>
            <ymin>356.3474609375</ymin>
            <xmax>888.1598406982415</xmax>
            <ymax>491.6630859375011</ymax>
        </bndbox>
    </object>    <object>
        <name>player</name>
        <pose>Unspecified</pose>
        <truncated>0</truncated>
        <difficult>0</difficult>
        <bndbox>
            <xmin>566.1060546875</xmin>
            <ymin>218.241796875</ymin>
            <xmax>632.9071887207035</xmax>
            <ymax>312.88156250000065</ymax>
        </bndbox>
    </object>    <object>
        <name>player</name>
        <pose>Unspecified</pose>
        <truncated>0</truncated>
        <difficult>0</difficult>
        <bndbox>
            <xmin>1206.3069661458333</xmin>
            <ymin>452.7503255208333</ymin>
            <xmax>1280.0</xmax>
            <ymax>613.8714285714296</ymax>
        </bndbox>
    </object>    <object>
        <name>player</name>
        <pose>Unspecified</pose>
        <truncated>0</truncated>
        <difficult>0</difficult>
        <bndbox>
            <xmin>1158.9710286458333</xmin>
            <ymin>275.2402126736111</ymin>
            <xmax>1214.2622222222235</xmax>
            <ymax>391.0066666666678</ymax>
        </bndbox>
    </object>    <object>
        <name>player</name>
        <pose>Unspecified</pose>
        <truncated>0</truncated>
        <difficult>0</difficult>
        <bndbox>
            <xmin>56.12202380952381</xmin>
            <ymin>312.3985305059524</ymin>
            <xmax>122.91213822137797</xmax>
            <ymax>419.94568452381037</ymax>
        </bndbox>
    </object>    <object>
        <name>player</name>
        <pose>Unspecified</pose>
        <truncated>0</truncated>
        <difficult>0</difficult>
        <bndbox>
            <xmin>467.94476562500023</xmin>
            <ymin>278.84453125</ymin>
            <xmax>543.817774353028</xmax>
            <ymax>374.4600000000013</ymax>
        </bndbox>
    </object>    <object>
        <name>player</name>
        <pose>Unspecified</pose>
        <truncated>0</truncated>
        <difficult>0</difficult>
        <bndbox>
            <xmin>177.080000000001</xmin>
            <ymin>375.0333984375</ymin>
            <xmax>271.39574127197267</xmax>
            <ymax>483.4600000000013</ymax>
        </bndbox>
    </object>
</annotation>
