<annotation>
    <folder></folder>
    <filename>frame_000490</filename>
    <path></path>
    <source>
        <database>Unknown</database>
    </source>
    <size>
        <width>1280</width>
        <height>720</height>
        <depth>3</depth>
    </size>
    <segmented>0</segmented>
    <object>
        <name>player</name>
        <pose>Unspecified</pose>
        <truncated>0</truncated>
        <difficult>0</difficult>
        <bndbox>
            <xmin>670.3171875</xmin>
            <ymin>246.38078125</ymin>
            <xmax>728.952000000001</xmax>
            <ymax>336.6040000000006</ymax>
        </bndbox>
    </object>    <object>
        <name>player</name>
        <pose>Unspecified</pose>
        <truncated>0</truncated>
        <difficult>0</difficult>
        <bndbox>
            <xmin>138.40206250000026</xmin>
            <ymin>228.9080078125</ymin>
            <xmax>198.1639780883788</xmax>
            <ymax>313.56875000000144</ymax>
        </bndbox>
    </object>    <object>
        <name>player</name>
        <pose>Unspecified</pose>
        <truncated>0</truncated>
        <difficult>0</difficult>
        <bndbox>
            <xmin>1052.0576171875</xmin>
            <ymin>383.0821875</ymin>
            <xmax>1117.8040000000008</xmax>
            <ymax>503.97200000000083</ymax>
        </bndbox>
    </object>    <object>
        <name>player</name>
        <pose>Unspecified</pose>
        <truncated>0</truncated>
        <difficult>0</difficult>
        <bndbox>
            <xmin>923.01796875</xmin>
            <ymin>256.538984375</ymin>
            <xmax>976.2520000000005</xmax>
            <ymax>338.47600000000125</ymax>
        </bndbox>
    </object>    <object>
        <name>player</name>
        <pose>Unspecified</pose>
        <truncated>0</truncated>
        <difficult>0</difficult>
        <bndbox>
            <xmin>231.32806250000075</xmin>
            <ymin>255.5312890625</ymin>
            <xmax>270.1014223937993</xmax>
            <ymax>374.3760000000007</ymax>
        </bndbox>
    </object>    <object>
        <name>player</name>
        <pose>Unspecified</pose>
        <truncated>0</truncated>
        <difficult>0</difficult>
        <bndbox>
            <xmin>289.05294117647077</xmin>
            <ymin>535.5107421875</ymin>
            <xmax>387.9372693230124</xmax>
            <ymax>677.1294117647062</ymax>
        </bndbox>
    </object>    <object>
        <name>ref</name>
        <pose>Unspecified</pose>
        <truncated>0</truncated>
        <difficult>0</difficult>
        <bndbox>
            <xmin>1012.3445703125</xmin>
            <ymin>186.06546875</ymin>
            <xmax>1065.9040000000011</xmax>
            <ymax>279.2</ymax>
        </bndbox>
    </object>    <object>
        <name>player</name>
        <pose>Unspecified</pose>
        <truncated>0</truncated>
        <difficult>0</difficult>
        <bndbox>
            <xmin>504.9760000000005</xmin>
            <ymin>217.6291015625</ymin>
            <xmax>550.5859254455567</xmax>
            <ymax>322.40000000000146</ymax>
        </bndbox>
    </object>    <object>
        <name>player</name>
        <pose>Unspecified</pose>
        <truncated>0</truncated>
        <difficult>0</difficult>
        <bndbox>
            <xmin>367.5960000000005</xmin>
            <ymin>379.91734375</ymin>
            <xmax>434.52494171142575</xmax>
            <ymax>505.2760000000007</ymax>
        </bndbox>
    </object>
</annotation>
