<annotation>
    <folder></folder>
    <filename>frame_000050</filename>
    <path></path>
    <source>
        <database>Unknown</database>
    </source>
    <size>
        <width>1280</width>
        <height>720</height>
        <depth>3</depth>
    </size>
    <segmented>0</segmented>
    <object>
        <name>player</name>
        <pose>Unspecified</pose>
        <truncated>0</truncated>
        <difficult>0</difficult>
        <bndbox>
            <xmin>121.427265625</xmin>
            <ymin>474.499921875</ymin>
            <xmax>206.09025000000088</xmax>
            <ymax>575.1143671875005</ymax>
        </bndbox>
    </object>    <object>
        <name>player</name>
        <pose>Unspecified</pose>
        <truncated>0</truncated>
        <difficult>0</difficult>
        <bndbox>
            <xmin>884.2065625</xmin>
            <ymin>616.29515625</ymin>
            <xmax>972.364000000001</xmax>
            <ymax>720.0</ymax>
        </bndbox>
    </object>    <object>
        <name>player</name>
        <pose>Unspecified</pose>
        <truncated>0</truncated>
        <difficult>0</difficult>
        <bndbox>
            <xmin>890.8198939732143</xmin>
            <ymin>344.69991629464283</ymin>
            <xmax>967.3571428571439</xmax>
            <ymax>465.55714285714384</ymax>
        </bndbox>
    </object>    <object>
        <name>keeper</name>
        <pose>Unspecified</pose>
        <truncated>0</truncated>
        <difficult>0</difficult>
        <bndbox>
            <xmin>496.7769140625</xmin>
            <ymin>270.5470703125</ymin>
            <xmax>589.2440000000004</xmax>
            <ymax>353.8720000000005</ymax>
        </bndbox>
    </object>    <object>
        <name>player</name>
        <pose>Unspecified</pose>
        <truncated>0</truncated>
        <difficult>0</difficult>
        <bndbox>
            <xmin>399.7388392857143</xmin>
            <ymin>288.9439174107143</ymin>
            <xmax>482.24285692487473</xmax>
            <ymax>392.6571428571437</ymax>
        </bndbox>
    </object>    <object>
        <name>player</name>
        <pose>Unspecified</pose>
        <truncated>0</truncated>
        <difficult>0</difficult>
        <bndbox>
            <xmin>499.8913504464287</xmin>
            <ymin>308.31863839285717</ymin>
            <xmax>577.7338409423828</xmax>
            <ymax>425.9285714285722</ymax>
        </bndbox>
    </object>    <object>
        <name>player</name>
        <pose>Unspecified</pose>
        <truncated>0</truncated>
        <difficult>0</difficult>
        <bndbox>
            <xmin>336.0443638392857</xmin>
            <ymin>421.19601004464283</ymin>
            <xmax>447.7798794642861</xmax>
            <ymax>542.4282678571441</ymax>
        </bndbox>
    </object>    <object>
        <name>player</name>
        <pose>Unspecified</pose>
        <truncated>0</truncated>
        <difficult>0</difficult>
        <bndbox>
            <xmin>294.3224609375</xmin>
            <ymin>256.11</ymin>
            <xmax>361.0763359375006</xmax>
            <ymax>365.8228828125009</ymax>
        </bndbox>
    </object>    <object>
        <name>player</name>
        <pose>Unspecified</pose>
        <truncated>0</truncated>
        <difficult>0</difficult>
        <bndbox>
            <xmin>265.8285156250001</xmin>
            <ymin>333.74832589285717</ymin>
            <xmax>332.8465122767863</xmax>
            <ymax>460.9934993198949</ymax>
        </bndbox>
    </object>    <object>
        <name>player</name>
        <pose>Unspecified</pose>
        <truncated>0</truncated>
        <difficult>0</difficult>
        <bndbox>
            <xmin>228.8412109375</xmin>
            <ymin>261.9363671875</ymin>
            <xmax>286.65392608642435</xmax>
            <ymax>373.2443750000004</ymax>
        </bndbox>
    </object>
</annotation>
