<annotation>
    <folder></folder>
    <filename>frame_000073</filename>
    <path></path>
    <source>
        <database>Unknown</database>
    </source>
    <size>
        <width>1280</width>
        <height>720</height>
        <depth>3</depth>
    </size>
    <segmented>0</segmented>
    <object>
        <name>player</name>
        <pose>Unspecified</pose>
        <truncated>0</truncated>
        <difficult>0</difficult>
        <bndbox>
            <xmin>80.75516183035714</xmin>
            <ymin>456.5830078125</ymin>
            <xmax>155.6305524553575</xmax>
            <ymax>555.1253906250004</ymax>
        </bndbox>
    </object>    <object>
        <name>player</name>
        <pose>Unspecified</pose>
        <truncated>0</truncated>
        <difficult>0</difficult>
        <bndbox>
            <xmin>984.7501698369565</xmin>
            <ymin>616.2746688179348</ymin>
            <xmax>1068.290794836958</xmax>
            <ymax>720.0</ymax>
        </bndbox>
    </object>    <object>
        <name>player</name>
        <pose>Unspecified</pose>
        <truncated>0</truncated>
        <difficult>0</difficult>
        <bndbox>
            <xmin>920.8940290178572</xmin>
            <ymin>384.1831752232143</ymin>
            <xmax>1013.2982819740807</xmax>
            <ymax>505.85115246506314</ymax>
        </bndbox>
    </object>    <object>
        <name>keeper</name>
        <pose>Unspecified</pose>
        <truncated>0</truncated>
        <difficult>0</difficult>
        <bndbox>
            <xmin>469.57273267663044</xmin>
            <ymin>270.54148267663044</ymin>
            <xmax>550.7652173913051</xmax>
            <ymax>351.791304347827</ymax>
        </bndbox>
    </object>    <object>
        <name>player</name>
        <pose>Unspecified</pose>
        <truncated>0</truncated>
        <difficult>0</difficult>
        <bndbox>
            <xmin>470.93931361607144</xmin>
            <ymin>277.24776785714283</ymin>
            <xmax>518.2571428571438</xmax>
            <ymax>377.971428571429</ymax>
        </bndbox>
    </object>    <object>
        <name>player</name>
        <pose>Unspecified</pose>
        <truncated>0</truncated>
        <difficult>0</difficult>
        <bndbox>
            <xmin>570.4339843750006</xmin>
            <ymin>325.9525669642857</ymin>
            <xmax>646.2277321951731</xmax>
            <ymax>428.4857142857153</ymax>
        </bndbox>
    </object>    <object>
        <name>player</name>
        <pose>Unspecified</pose>
        <truncated>0</truncated>
        <difficult>0</difficult>
        <bndbox>
            <xmin>266.57505580357144</xmin>
            <ymin>452.69056919642856</ymin>
            <xmax>377.1045758928581</xmax>
            <ymax>588.068191964286</ymax>
        </bndbox>
    </object>    <object>
        <name>player</name>
        <pose>Unspecified</pose>
        <truncated>0</truncated>
        <difficult>0</difficult>
        <bndbox>
            <xmin>318.32101004464283</xmin>
            <ymin>262.55147879464283</ymin>
            <xmax>400.2857142857156</xmax>
            <ymax>369.05714285714356</ymax>
        </bndbox>
    </object>    <object>
        <name>player</name>
        <pose>Unspecified</pose>
        <truncated>0</truncated>
        <difficult>0</difficult>
        <bndbox>
            <xmin>295.6318359375</xmin>
            <ymin>356.78055245535717</ymin>
            <xmax>375.2114955357148</xmax>
            <ymax>475.31233302525237</ymax>
        </bndbox>
    </object>    <object>
        <name>player</name>
        <pose>Unspecified</pose>
        <truncated>0</truncated>
        <difficult>0</difficult>
        <bndbox>
            <xmin>239.6137058423913</xmin>
            <ymin>266.02449898097825</ymin>
            <xmax>303.0550375233525</xmax>
            <ymax>379.9169836956524</ymax>
        </bndbox>
    </object>
</annotation>
