<annotation>
    <folder></folder>
    <filename>frame_000333</filename>
    <path></path>
    <source>
        <database>Unknown</database>
    </source>
    <size>
        <width>1280</width>
        <height>720</height>
        <depth>3</depth>
    </size>
    <segmented>0</segmented>
    <object>
        <name>player</name>
        <pose>Unspecified</pose>
        <truncated>0</truncated>
        <difficult>0</difficult>
        <bndbox>
            <xmin>939.5830078125</xmin>
            <ymin>465.79833984375</ymin>
            <xmax>1013.8000000000011</xmax>
            <ymax>624.1500000000005</ymax>
        </bndbox>
    </object>    <object>
        <name>player</name>
        <pose>Unspecified</pose>
        <truncated>0</truncated>
        <difficult>0</difficult>
        <bndbox>
            <xmin>912.8709960937504</xmin>
            <ymin>231.30615234375</ymin>
            <xmax>986.5361328125</xmax>
            <ymax>331.40000000000055</ymax>
        </bndbox>
    </object>    <object>
        <name>player</name>
        <pose>Unspecified</pose>
        <truncated>0</truncated>
        <difficult>0</difficult>
        <bndbox>
            <xmin>0.0</xmin>
            <ymin>198.3232421875</ymin>
            <xmax>30.844531250000728</xmax>
            <ymax>286.1355468750007</ymax>
        </bndbox>
    </object>    <object>
        <name>player</name>
        <pose>Unspecified</pose>
        <truncated>0</truncated>
        <difficult>0</difficult>
        <bndbox>
            <xmin>427.9677734375</xmin>
            <ymin>360.55908203125</ymin>
            <xmax>532.303616333008</xmax>
            <ymax>480.9500000000007</ymax>
        </bndbox>
    </object>    <object>
        <name>player</name>
        <pose>Unspecified</pose>
        <truncated>0</truncated>
        <difficult>0</difficult>
        <bndbox>
            <xmin>9.685546875</xmin>
            <ymin>275.44140625</ymin>
            <xmax>55.5</xmax>
            <ymax>375.10000000000036</ymax>
        </bndbox>
    </object>    <object>
        <name>player</name>
        <pose>Unspecified</pose>
        <truncated>0</truncated>
        <difficult>0</difficult>
        <bndbox>
            <xmin>203.978515625</xmin>
            <ymin>315.05859375</ymin>
            <xmax>275.7687477111813</xmax>
            <ymax>415.57919921875055</ymax>
        </bndbox>
    </object>
</annotation>
