<annotation>
    <folder></folder>
    <filename>frame_000054</filename>
    <path></path>
    <source>
        <database>Unknown</database>
    </source>
    <size>
        <width>1280</width>
        <height>720</height>
        <depth>3</depth>
    </size>
    <segmented>0</segmented>
    <object>
        <name>player</name>
        <pose>Unspecified</pose>
        <truncated>0</truncated>
        <difficult>0</difficult>
        <bndbox>
            <xmin>116.286796875</xmin>
            <ymin>473.471953125</ymin>
            <xmax>197.68725000000072</xmax>
            <ymax>573.3957109375004</ymax>
        </bndbox>
    </object>    <object>
        <name>player</name>
        <pose>Unspecified</pose>
        <truncated>0</truncated>
        <difficult>0</difficult>
        <bndbox>
            <xmin>898.2575</xmin>
            <ymin>614.4103125</ymin>
            <xmax>984.8760000000012</xmax>
            <ymax>720.0</ymax>
        </bndbox>
    </object>    <object>
        <name>player</name>
        <pose>Unspecified</pose>
        <truncated>0</truncated>
        <difficult>0</difficult>
        <bndbox>
            <xmin>890.5260881696429</xmin>
            <ymin>352.66810825892856</ymin>
            <xmax>970.4714285714296</xmax>
            <ymax>471.07142857142935</ymax>
        </bndbox>
    </object>    <object>
        <name>keeper</name>
        <pose>Unspecified</pose>
        <truncated>0</truncated>
        <difficult>0</difficult>
        <bndbox>
            <xmin>491.4648828125</xmin>
            <ymin>270.0330078125</ymin>
            <xmax>582.3960000000005</xmax>
            <ymax>351.6480000000006</ymax>
        </bndbox>
    </object>    <object>
        <name>player</name>
        <pose>Unspecified</pose>
        <truncated>0</truncated>
        <difficult>0</difficult>
        <bndbox>
            <xmin>410.32589285714283</xmin>
            <ymin>286.58175223214283</ymin>
            <xmax>488.5285707746235</xmax>
            <ymax>388.57142857142964</ymax>
        </bndbox>
    </object>    <object>
        <name>player</name>
        <pose>Unspecified</pose>
        <truncated>0</truncated>
        <difficult>0</difficult>
        <bndbox>
            <xmin>508.52756696428617</xmin>
            <ymin>311.63560267857144</ymin>
            <xmax>592.2015228271484</xmax>
            <ymax>425.38571428571515</ymax>
        </bndbox>
    </object>    <object>
        <name>player</name>
        <pose>Unspecified</pose>
        <truncated>0</truncated>
        <difficult>0</difficult>
        <bndbox>
            <xmin>327.20731026785717</xmin>
            <ymin>426.50795200892856</ymin>
            <xmax>442.0199196428574</xmax>
            <ymax>549.4521785714294</ymax>
        </bndbox>
    </object>    <object>
        <name>player</name>
        <pose>Unspecified</pose>
        <truncated>0</truncated>
        <difficult>0</difficult>
        <bndbox>
            <xmin>301.5193359375</xmin>
            <ymin>255.76734375</ymin>
            <xmax>367.0690546875006</xmax>
            <ymax>364.9723515625008</ymax>
        </bndbox>
    </object>    <object>
        <name>player</name>
        <pose>Unspecified</pose>
        <truncated>0</truncated>
        <difficult>0</difficult>
        <bndbox>
            <xmin>271.4523437500003</xmin>
            <ymin>337.49888392857144</ymin>
            <xmax>341.13953683035754</xmax>
            <ymax>463.38049795968254</ymax>
        </bndbox>
    </object>    <object>
        <name>player</name>
        <pose>Unspecified</pose>
        <truncated>0</truncated>
        <difficult>0</difficult>
        <bndbox>
            <xmin>230.3833984375</xmin>
            <ymin>261.0796484375</ymin>
            <xmax>288.1961135864243</xmax>
            <ymax>372.38765625000036</ymax>
        </bndbox>
    </object>
</annotation>
