<annotation>
    <folder></folder>
    <filename>frame_000201</filename>
    <path></path>
    <source>
        <database>Unknown</database>
    </source>
    <size>
        <width>1280</width>
        <height>720</height>
        <depth>3</depth>
    </size>
    <segmented>0</segmented>
    <object>
        <name>ref</name>
        <pose>Unspecified</pose>
        <truncated>0</truncated>
        <difficult>0</difficult>
        <bndbox>
            <xmin>10.58984375</xmin>
            <ymin>414.33984375</ymin>
            <xmax>64.13222656250036</xmax>
            <ymax>522.5851562500011</ymax>
        </bndbox>
    </object>    <object>
        <name>player</name>
        <pose>Unspecified</pose>
        <truncated>0</truncated>
        <difficult>0</difficult>
        <bndbox>
            <xmin>88.8369140625</xmin>
            <ymin>313.9365234375</ymin>
            <xmax>155.3000000000011</xmax>
            <ymax>440.3000000000011</ymax>
        </bndbox>
    </object>    <object>
        <name>keeper</name>
        <pose>Unspecified</pose>
        <truncated>0</truncated>
        <difficult>0</difficult>
        <bndbox>
            <xmin>557.9033203125</xmin>
            <ymin>276.5029296875</ymin>
            <xmax>653.4000000000015</xmax>
            <ymax>371.8000000000011</ymax>
        </bndbox>
    </object>    <object>
        <name>player</name>
        <pose>Unspecified</pose>
        <truncated>0</truncated>
        <difficult>0</difficult>
        <bndbox>
            <xmin>1076.216796875</xmin>
            <ymin>271.146484375</ymin>
            <xmax>1160.800000000001</xmax>
            <ymax>383.60000000000036</ymax>
        </bndbox>
    </object>    <object>
        <name>player</name>
        <pose>Unspecified</pose>
        <truncated>0</truncated>
        <difficult>0</difficult>
        <bndbox>
            <xmin>1124.4541015625</xmin>
            <ymin>507.830078125</ymin>
            <xmax>1238.0</xmax>
            <ymax>676.0583984375007</ymax>
        </bndbox>
    </object>    <object>
        <name>player</name>
        <pose>Unspecified</pose>
        <truncated>0</truncated>
        <difficult>0</difficult>
        <bndbox>
            <xmin>318.14453125</xmin>
            <ymin>446.7705078125</ymin>
            <xmax>408.07617797851526</xmax>
            <ymax>600.9000000000015</ymax>
        </bndbox>
    </object>    <object>
        <name>player</name>
        <pose>Unspecified</pose>
        <truncated>0</truncated>
        <difficult>0</difficult>
        <bndbox>
            <xmin>203.4873046875</xmin>
            <ymin>311.8408203125</ymin>
            <xmax>282.57207336425745</xmax>
            <ymax>427.583984375</ymax>
        </bndbox>
    </object>    <object>
        <name>player</name>
        <pose>Unspecified</pose>
        <truncated>0</truncated>
        <difficult>0</difficult>
        <bndbox>
            <xmin>651.1103515625</xmin>
            <ymin>357.8515625</ymin>
            <xmax>742.2000000000007</xmax>
            <ymax>505.60000000000036</ymax>
        </bndbox>
    </object>    <object>
        <name>player</name>
        <pose>Unspecified</pose>
        <truncated>0</truncated>
        <difficult>0</difficult>
        <bndbox>
            <xmin>435.8720703125</xmin>
            <ymin>272.208984375</ymin>
            <xmax>495.7000000000007</xmax>
            <ymax>379.3000000000011</ymax>
        </bndbox>
    </object>
</annotation>
