<annotation>
    <folder></folder>
    <filename>frame_000412</filename>
    <path></path>
    <source>
        <database>Unknown</database>
    </source>
    <size>
        <width>1280</width>
        <height>720</height>
        <depth>3</depth>
    </size>
    <segmented>0</segmented>
    <object>
        <name>player</name>
        <pose>Unspecified</pose>
        <truncated>0</truncated>
        <difficult>0</difficult>
        <bndbox>
            <xmin>836.3076171875</xmin>
            <ymin>345.2693684895833</ymin>
            <xmax>900.5403344405316</xmax>
            <ymax>479.3483364172159</ymax>
        </bndbox>
    </object>    <object>
        <name>player</name>
        <pose>Unspecified</pose>
        <truncated>0</truncated>
        <difficult>0</difficult>
        <bndbox>
            <xmin>551.7962565104168</xmin>
            <ymin>217.27063802083345</ymin>
            <xmax>609.3922201792406</xmax>
            <ymax>310.58535130818717</ymax>
        </bndbox>
    </object>    <object>
        <name>player</name>
        <pose>Unspecified</pose>
        <truncated>0</truncated>
        <difficult>0</difficult>
        <bndbox>
            <xmin>1219.4230143229167</xmin>
            <ymin>446.6990559895833</ymin>
            <xmax>1280.0</xmax>
            <ymax>603.1302957099791</ymax>
        </bndbox>
    </object>    <object>
        <name>player</name>
        <pose>Unspecified</pose>
        <truncated>0</truncated>
        <difficult>0</difficult>
        <bndbox>
            <xmin>1151.1569010416667</xmin>
            <ymin>276.3702799479167</ymin>
            <xmax>1207.5758874725889</xmax>
            <ymax>393.2246076617336</ymax>
        </bndbox>
    </object>    <object>
        <name>player</name>
        <pose>Unspecified</pose>
        <truncated>0</truncated>
        <difficult>0</difficult>
        <bndbox>
            <xmin>93.46666666666685</xmin>
            <ymin>312.0174153645833</ymin>
            <xmax>153.7555185953776</xmax>
            <ymax>423.76666666666733</ymax>
        </bndbox>
    </object>    <object>
        <name>player</name>
        <pose>Unspecified</pose>
        <truncated>0</truncated>
        <difficult>0</difficult>
        <bndbox>
            <xmin>485.25789473684245</xmin>
            <ymin>271.5843955592105</ymin>
            <xmax>562.0126764397872</xmax>
            <ymax>357.8684210526329</ymax>
        </bndbox>
    </object>    <object>
        <name>player</name>
        <pose>Unspecified</pose>
        <truncated>0</truncated>
        <difficult>0</difficult>
        <bndbox>
            <xmin>206.80000000000078</xmin>
            <ymin>386.52294921875</ymin>
            <xmax>288.5164031982422</xmax>
            <ymax>498.03455489309334</ymax>
        </bndbox>
    </object>
</annotation>
