<annotation>
    <folder></folder>
    <filename>frame_000373</filename>
    <path></path>
    <source>
        <database>Unknown</database>
    </source>
    <size>
        <width>1280</width>
        <height>720</height>
        <depth>3</depth>
    </size>
    <segmented>0</segmented>
    <object>
        <name>player</name>
        <pose>Unspecified</pose>
        <truncated>0</truncated>
        <difficult>0</difficult>
        <bndbox>
            <xmin>788.5760000000004</xmin>
            <ymin>395.244609375</ymin>
            <xmax>868.6255828857422</xmax>
            <ymax>529.1240000000006</ymax>
        </bndbox>
    </object>    <object>
        <name>player</name>
        <pose>Unspecified</pose>
        <truncated>0</truncated>
        <difficult>0</difficult>
        <bndbox>
            <xmin>622.8909090909093</xmin>
            <ymin>225.77855113636377</ymin>
            <xmax>697.8912672563033</xmax>
            <ymax>319.90120849609445</ymax>
        </bndbox>
    </object>    <object>
        <name>player</name>
        <pose>Unspecified</pose>
        <truncated>0</truncated>
        <difficult>0</difficult>
        <bndbox>
            <xmin>1163.0095703125007</xmin>
            <ymin>480.6975911458333</ymin>
            <xmax>1260.7035166422527</xmax>
            <ymax>634.2000000000013</ymax>
        </bndbox>
    </object>    <object>
        <name>player</name>
        <pose>Unspecified</pose>
        <truncated>0</truncated>
        <difficult>0</difficult>
        <bndbox>
            <xmin>1171.3942057291667</xmin>
            <ymin>274.5498263888889</ymin>
            <xmax>1224.637777777778</xmax>
            <ymax>382.69333333333475</ymax>
        </bndbox>
    </object>    <object>
        <name>player</name>
        <pose>Unspecified</pose>
        <truncated>0</truncated>
        <difficult>0</difficult>
        <bndbox>
            <xmin>421.95181250000076</xmin>
            <ymin>303.947890625</ymin>
            <xmax>494.6413593750005</xmax>
            <ymax>418.8760000000004</ymax>
        </bndbox>
    </object>    <object>
        <name>player</name>
        <pose>Unspecified</pose>
        <truncated>0</truncated>
        <difficult>0</difficult>
        <bndbox>
            <xmin>120.04149502840961</xmin>
            <ymin>347.80717329545456</ymin>
            <xmax>215.19140347567472</xmax>
            <ymax>455.51818181818254</ymax>
        </bndbox>
    </object>
</annotation>
