<annotation>
    <folder></folder>
    <filename>frame_000062</filename>
    <path></path>
    <source>
        <database>Unknown</database>
    </source>
    <size>
        <width>1280</width>
        <height>720</height>
        <depth>3</depth>
    </size>
    <segmented>0</segmented>
    <object>
        <name>player</name>
        <pose>Unspecified</pose>
        <truncated>0</truncated>
        <difficult>0</difficult>
        <bndbox>
            <xmin>106.005859375</xmin>
            <ymin>471.416015625</ymin>
            <xmax>180.88125000000036</xmax>
            <ymax>569.9583984375004</ymax>
        </bndbox>
    </object>    <object>
        <name>player</name>
        <pose>Unspecified</pose>
        <truncated>0</truncated>
        <difficult>0</difficult>
        <bndbox>
            <xmin>926.359375</xmin>
            <ymin>610.640625</ymin>
            <xmax>1009.9000000000015</xmax>
            <ymax>720.0</ymax>
        </bndbox>
    </object>    <object>
        <name>player</name>
        <pose>Unspecified</pose>
        <truncated>0</truncated>
        <difficult>0</difficult>
        <bndbox>
            <xmin>889.9384765625</xmin>
            <ymin>368.6044921875</ymin>
            <xmax>976.7000000000007</xmax>
            <ymax>482.10000000000036</ymax>
        </bndbox>
    </object>    <object>
        <name>keeper</name>
        <pose>Unspecified</pose>
        <truncated>0</truncated>
        <difficult>0</difficult>
        <bndbox>
            <xmin>480.8408203125</xmin>
            <ymin>269.0048828125</ymin>
            <xmax>568.7000000000007</xmax>
            <ymax>347.2000000000007</ymax>
        </bndbox>
    </object>    <object>
        <name>player</name>
        <pose>Unspecified</pose>
        <truncated>0</truncated>
        <difficult>0</difficult>
        <bndbox>
            <xmin>431.5</xmin>
            <ymin>281.857421875</ymin>
            <xmax>501.0999984741211</xmax>
            <ymax>380.40000000000146</ymax>
        </bndbox>
    </object>    <object>
        <name>player</name>
        <pose>Unspecified</pose>
        <truncated>0</truncated>
        <difficult>0</difficult>
        <bndbox>
            <xmin>525.8000000000011</xmin>
            <ymin>318.26953125</ymin>
            <xmax>621.1368865966797</xmax>
            <ymax>424.3000000000011</ymax>
        </bndbox>
    </object>    <object>
        <name>player</name>
        <pose>Unspecified</pose>
        <truncated>0</truncated>
        <difficult>0</difficult>
        <bndbox>
            <xmin>309.533203125</xmin>
            <ymin>437.1318359375</ymin>
            <xmax>430.5</xmax>
            <ymax>563.5</ymax>
        </bndbox>
    </object>    <object>
        <name>player</name>
        <pose>Unspecified</pose>
        <truncated>0</truncated>
        <difficult>0</difficult>
        <bndbox>
            <xmin>315.9130859375</xmin>
            <ymin>255.08203125</ymin>
            <xmax>379.0544921875007</xmax>
            <ymax>363.2712890625007</ymax>
        </bndbox>
    </object>    <object>
        <name>player</name>
        <pose>Unspecified</pose>
        <truncated>0</truncated>
        <difficult>0</difficult>
        <bndbox>
            <xmin>282.7000000000007</xmin>
            <ymin>345.0</ymin>
            <xmax>357.7255859375</xmax>
            <ymax>468.1544952392578</ymax>
        </bndbox>
    </object>    <object>
        <name>player</name>
        <pose>Unspecified</pose>
        <truncated>0</truncated>
        <difficult>0</difficult>
        <bndbox>
            <xmin>233.4677734375</xmin>
            <ymin>259.3662109375</ymin>
            <xmax>291.2804885864243</xmax>
            <ymax>370.67421875000036</ymax>
        </bndbox>
    </object>
</annotation>
