<annotation>
    <folder></folder>
    <filename>frame_000279</filename>
    <path></path>
    <source>
        <database>Unknown</database>
    </source>
    <size>
        <width>1280</width>
        <height>720</height>
        <depth>3</depth>
    </size>
    <segmented>0</segmented>
    <object>
        <name>player</name>
        <pose>Unspecified</pose>
        <truncated>0</truncated>
        <difficult>0</difficult>
        <bndbox>
            <xmin>81.36345880681834</xmin>
            <ymin>321.66042258522725</ymin>
            <xmax>142.0465483435966</xmax>
            <ymax>419.49044326537563</ymax>
        </bndbox>
    </object>    <object>
        <name>keeper</name>
        <pose>Unspecified</pose>
        <truncated>0</truncated>
        <difficult>0</difficult>
        <bndbox>
            <xmin>329.0499822443182</xmin>
            <ymin>280.54092684659093</ymin>
            <xmax>385.98494318181855</xmax>
            <ymax>400.52510653409166</ymax>
        </bndbox>
    </object>    <object>
        <name>player</name>
        <pose>Unspecified</pose>
        <truncated>0</truncated>
        <difficult>0</difficult>
        <bndbox>
            <xmin>600.9539240056818</xmin>
            <ymin>234.04145951704547</ymin>
            <xmax>658.6345188650863</xmax>
            <ymax>326.6354507854275</ymax>
        </bndbox>
    </object>    <object>
        <name>player</name>
        <pose>Unspecified</pose>
        <truncated>0</truncated>
        <difficult>0</difficult>
        <bndbox>
            <xmin>512.5000000000013</xmin>
            <ymin>416.1707356770833</ymin>
            <xmax>621.9764823913574</xmax>
            <ymax>547.8166666666672</ymax>
        </bndbox>
    </object>    <object>
        <name>player</name>
        <pose>Unspecified</pose>
        <truncated>0</truncated>
        <difficult>0</difficult>
        <bndbox>
            <xmin>182.4090909090914</xmin>
            <ymin>271.90474076704544</ymin>
            <xmax>251.44832333651456</xmax>
            <ymax>374.27272727272793</ymax>
        </bndbox>
    </object>    <object>
        <name>player</name>
        <pose>Unspecified</pose>
        <truncated>0</truncated>
        <difficult>0</difficult>
        <bndbox>
            <xmin>450.5343572443182</xmin>
            <ymin>317.21803977272725</ymin>
            <xmax>520.272116921165</xmax>
            <ymax>437.5454545454552</ymax>
        </bndbox>
    </object>    <object>
        <name>player</name>
        <pose>Unspecified</pose>
        <truncated>0</truncated>
        <difficult>0</difficult>
        <bndbox>
            <xmin>292.8998224431826</xmin>
            <ymin>232.89094460227352</ymin>
            <xmax>358.2223011363636</xmax>
            <ymax>323.0314275568182</ymax>
        </bndbox>
    </object>
</annotation>
