<annotation>
    <folder></folder>
    <filename>frame_000287</filename>
    <path></path>
    <source>
        <database>Unknown</database>
    </source>
    <size>
        <width>1280</width>
        <height>720</height>
        <depth>3</depth>
    </size>
    <segmented>0</segmented>
    <object>
        <name>player</name>
        <pose>Unspecified</pose>
        <truncated>0</truncated>
        <difficult>0</difficult>
        <bndbox>
            <xmin>93.53909801136366</xmin>
            <ymin>323.24067826704544</ymin>
            <xmax>153.22549673070137</xmax>
            <ymax>422.0840721089591</ymax>
        </bndbox>
    </object>    <object>
        <name>keeper</name>
        <pose>Unspecified</pose>
        <truncated>0</truncated>
        <difficult>0</difficult>
        <bndbox>
            <xmin>304.9732776988636</xmin>
            <ymin>281.0909978693182</ymin>
            <xmax>361.908238636364</xmax>
            <ymax>401.0751775568189</ymax>
        </bndbox>
    </object>    <object>
        <name>player</name>
        <pose>Unspecified</pose>
        <truncated>0</truncated>
        <difficult>0</difficult>
        <bndbox>
            <xmin>537.5735973011364</xmin>
            <ymin>230.0098544034091</ymin>
            <xmax>594.4916460251432</xmax>
            <ymax>328.6590846423789</ymax>
        </bndbox>
    </object>    <object>
        <name>player</name>
        <pose>Unspecified</pose>
        <truncated>0</truncated>
        <difficult>0</difficult>
        <bndbox>
            <xmin>562.9000000000002</xmin>
            <ymin>410.7638346354167</ymin>
            <xmax>653.910213470459</xmax>
            <ymax>548.6833333333346</ymax>
        </bndbox>
    </object>    <object>
        <name>player</name>
        <pose>Unspecified</pose>
        <truncated>0</truncated>
        <difficult>0</difficult>
        <bndbox>
            <xmin>200.48181818181828</xmin>
            <ymin>272.41219815340907</ymin>
            <xmax>267.82493383234197</xmax>
            <ymax>370.8545454545456</ymax>
        </bndbox>
    </object>    <object>
        <name>player</name>
        <pose>Unspecified</pose>
        <truncated>0</truncated>
        <difficult>0</difficult>
        <bndbox>
            <xmin>438.9068714488636</xmin>
            <ymin>317.97407670454544</ymin>
            <xmax>513.720194868608</xmax>
            <ymax>434.309090909091</ymax>
        </bndbox>
    </object>    <object>
        <name>player</name>
        <pose>Unspecified</pose>
        <truncated>0</truncated>
        <difficult>0</difficult>
        <bndbox>
            <xmin>296.0999644886377</xmin>
            <ymin>228.09818892045587</ymin>
            <xmax>358.70383522727275</xmax>
            <ymax>317.0523792613636</ymax>
        </bndbox>
    </object>
</annotation>
