<annotation>
    <folder></folder>
    <filename>frame_000447</filename>
    <path></path>
    <source>
        <database>Unknown</database>
    </source>
    <size>
        <width>1280</width>
        <height>720</height>
        <depth>3</depth>
    </size>
    <segmented>0</segmented>
    <object>
        <name>player</name>
        <pose>Unspecified</pose>
        <truncated>0</truncated>
        <difficult>0</difficult>
        <bndbox>
            <xmin>739.2478215144231</xmin>
            <ymin>291.64453125</ymin>
            <xmax>796.7692307692311</xmax>
            <ymax>410.3153846153851</ymax>
        </bndbox>
    </object>    <object>
        <name>player</name>
        <pose>Unspecified</pose>
        <truncated>0</truncated>
        <difficult>0</difficult>
        <bndbox>
            <xmin>309.8503605769231</xmin>
            <ymin>206.5926231971154</ymin>
            <xmax>369.86923076923154</xmax>
            <ymax>303.6538461538466</ymax>
        </bndbox>
    </object>    <object>
        <name>player</name>
        <pose>Unspecified</pose>
        <truncated>0</truncated>
        <difficult>0</difficult>
        <bndbox>
            <xmin>1116.7107872596155</xmin>
            <ymin>400.8141526442308</ymin>
            <xmax>1185.4381009615388</xmax>
            <ymax>546.1390625000006</ymax>
        </bndbox>
    </object>    <object>
        <name>player</name>
        <pose>Unspecified</pose>
        <truncated>0</truncated>
        <difficult>0</difficult>
        <bndbox>
            <xmin>1002.9738581730769</xmin>
            <ymin>270.4055739182692</ymin>
            <xmax>1059.660937500001</xmax>
            <ymax>376.97127403846247</ymax>
        </bndbox>
    </object>    <object>
        <name>player</name>
        <pose>Unspecified</pose>
        <truncated>0</truncated>
        <difficult>0</difficult>
        <bndbox>
            <xmin>122.9903094951923</xmin>
            <ymin>294.10531850961536</ymin>
            <xmax>185.1153846153849</xmax>
            <ymax>417.4076923076925</ymax>
        </bndbox>
    </object>    <object>
        <name>player</name>
        <pose>Unspecified</pose>
        <truncated>0</truncated>
        <difficult>0</difficult>
        <bndbox>
            <xmin>41.7230769230776</xmin>
            <ymin>519.2790715144231</ymin>
            <xmax>132.19350844163162</xmax>
            <ymax>636.0384615384615</ymax>
        </bndbox>
    </object>    <object>
        <name>ref</name>
        <pose>Unspecified</pose>
        <truncated>0</truncated>
        <difficult>0</difficult>
        <bndbox>
            <xmin>1235.1603298611121</xmin>
            <ymin>207.04796006944446</ymin>
            <xmax>1273.8111111111111</xmax>
            <ymax>311.72355007595496</ymax>
        </bndbox>
    </object>    <object>
        <name>player</name>
        <pose>Unspecified</pose>
        <truncated>0</truncated>
        <difficult>0</difficult>
        <bndbox>
            <xmin>480.04520733173166</xmin>
            <ymin>235.70973557692307</ymin>
            <xmax>533.3215798598064</xmax>
            <ymax>326.60485276442455</ymax>
        </bndbox>
    </object>    <object>
        <name>player</name>
        <pose>Unspecified</pose>
        <truncated>0</truncated>
        <difficult>0</difficult>
        <bndbox>
            <xmin>232.8230769230784</xmin>
            <ymin>370.75</ymin>
            <xmax>327.89349247859076</xmax>
            <ymax>497.1307692307703</ymax>
        </bndbox>
    </object>
</annotation>
