<annotation>
    <folder></folder>
    <filename>frame_000428</filename>
    <path></path>
    <source>
        <database>Unknown</database>
    </source>
    <size>
        <width>1280</width>
        <height>720</height>
        <depth>3</depth>
    </size>
    <segmented>0</segmented>
    <object>
        <name>player</name>
        <pose>Unspecified</pose>
        <truncated>0</truncated>
        <difficult>0</difficult>
        <bndbox>
            <xmin>827.9613560267857</xmin>
            <ymin>326.22823660714283</ymin>
            <xmax>893.9730232181412</xmax>
            <ymax>450.4139479558271</ymax>
        </bndbox>
    </object>    <object>
        <name>player</name>
        <pose>Unspecified</pose>
        <truncated>0</truncated>
        <difficult>0</difficult>
        <bndbox>
            <xmin>472.87572544642876</xmin>
            <ymin>209.02522321428583</ymin>
            <xmax>530.9300503322063</xmax>
            <ymax>302.46858237130334</ymax>
        </bndbox>
    </object>    <object>
        <name>player</name>
        <pose>Unspecified</pose>
        <truncated>0</truncated>
        <difficult>0</difficult>
        <bndbox>
            <xmin>1209.3744419642858</xmin>
            <ymin>433.09458705357144</ymin>
            <xmax>1280.0</xmax>
            <ymax>581.4116820371245</ymax>
        </bndbox>
    </object>    <object>
        <name>player</name>
        <pose>Unspecified</pose>
        <truncated>0</truncated>
        <difficult>0</difficult>
        <bndbox>
            <xmin>1105.885463169643</xmin>
            <ymin>278.07254464285717</ymin>
            <xmax>1166.807903547933</xmax>
            <ymax>386.8068065672004</ymax>
        </bndbox>
    </object>    <object>
        <name>player</name>
        <pose>Unspecified</pose>
        <truncated>0</truncated>
        <difficult>0</difficult>
        <bndbox>
            <xmin>116.80000000000109</xmin>
            <ymin>305.7041015625</ymin>
            <xmax>186.86976950509208</xmax>
            <ymax>428.3142857142861</ymax>
        </bndbox>
    </object>    <object>
        <name>player</name>
        <pose>Unspecified</pose>
        <truncated>0</truncated>
        <difficult>0</difficult>
        <bndbox>
            <xmin>0.0</xmin>
            <ymin>503.5439453125</ymin>
            <xmax>93.15</xmax>
            <ymax>618.840000000001</ymax>
        </bndbox>
    </object>    <object>
        <name>player</name>
        <pose>Unspecified</pose>
        <truncated>0</truncated>
        <difficult>0</difficult>
        <bndbox>
            <xmin>510.5210526315793</xmin>
            <ymin>258.05643503289474</ymin>
            <xmax>577.3437632510537</xmax>
            <ymax>341.61578947368463</ymax>
        </bndbox>
    </object>    <object>
        <name>player</name>
        <pose>Unspecified</pose>
        <truncated>0</truncated>
        <difficult>0</difficult>
        <bndbox>
            <xmin>233.37142857142968</xmin>
            <ymin>385.494140625</ymin>
            <xmax>331.60203661237443</xmax>
            <ymax>507.8439041940796</ymax>
        </bndbox>
    </object>
</annotation>
