<annotation>
    <folder></folder>
    <filename>frame_000229</filename>
    <path></path>
    <source>
        <database>Unknown</database>
    </source>
    <size>
        <width>1280</width>
        <height>720</height>
        <depth>3</depth>
    </size>
    <segmented>0</segmented>
    <object>
        <name>player</name>
        <pose>Unspecified</pose>
        <truncated>0</truncated>
        <difficult>0</difficult>
        <bndbox>
            <xmin>44.794189453125</xmin>
            <ymin>297.26947021484375</ymin>
            <xmax>111.25727539062609</xmax>
            <ymax>423.63294677734484</ymax>
        </bndbox>
    </object>    <object>
        <name>keeper</name>
        <pose>Unspecified</pose>
        <truncated>0</truncated>
        <difficult>0</difficult>
        <bndbox>
            <xmin>445.47174072265625</xmin>
            <ymin>275.90032958984375</ymin>
            <xmax>543.3584969520575</xmax>
            <ymax>380.8562500000013</ymax>
        </bndbox>
    </object>    <object>
        <name>player</name>
        <pose>Unspecified</pose>
        <truncated>0</truncated>
        <difficult>0</difficult>
        <bndbox>
            <xmin>963.6318969726562</xmin>
            <ymin>249.325927734375</ymin>
            <xmax>1038.99375</xmax>
            <ymax>346.5625000000007</ymax>
        </bndbox>
    </object>    <object>
        <name>player</name>
        <pose>Unspecified</pose>
        <truncated>0</truncated>
        <difficult>0</difficult>
        <bndbox>
            <xmin>1090.2282104492188</xmin>
            <ymin>589.290283203125</ymin>
            <xmax>1196.7570312499997</xmax>
            <ymax>720.0</ymax>
        </bndbox>
    </object>    <object>
        <name>player</name>
        <pose>Unspecified</pose>
        <truncated>0</truncated>
        <difficult>0</difficult>
        <bndbox>
            <xmin>348.03750000000036</xmin>
            <ymin>437.73443603515625</ymin>
            <xmax>455.26510858535767</xmax>
            <ymax>574.7187500000006</ymax>
        </bndbox>
    </object>    <object>
        <name>player</name>
        <pose>Unspecified</pose>
        <truncated>0</truncated>
        <difficult>0</difficult>
        <bndbox>
            <xmin>116.56250000000114</xmin>
            <ymin>289.217041015625</ymin>
            <xmax>212.82633686065674</xmax>
            <ymax>403.54375000000016</ymax>
        </bndbox>
    </object>    <object>
        <name>player</name>
        <pose>Unspecified</pose>
        <truncated>0</truncated>
        <difficult>0</difficult>
        <bndbox>
            <xmin>534.2422485351562</xmin>
            <ymin>334.82537841796875</ymin>
            <xmax>612.6687500000013</xmax>
            <ymax>475.1437500000005</ymax>
        </bndbox>
    </object>    <object>
        <name>player</name>
        <pose>Unspecified</pose>
        <truncated>0</truncated>
        <difficult>0</difficult>
        <bndbox>
            <xmin>320.2062500000004</xmin>
            <ymin>257.48291015625</ymin>
            <xmax>390.34413838386536</xmax>
            <ymax>367.125</ymax>
        </bndbox>
    </object>
</annotation>
