<annotation>
    <folder></folder>
    <filename>frame_000113</filename>
    <path></path>
    <source>
        <database>Unknown</database>
    </source>
    <size>
        <width>1280</width>
        <height>720</height>
        <depth>3</depth>
    </size>
    <segmented>0</segmented>
    <object>
        <name>ref</name>
        <pose>Unspecified</pose>
        <truncated>0</truncated>
        <difficult>0</difficult>
        <bndbox>
            <xmin>13.58770751953125</xmin>
            <ymin>399.5546875</ymin>
            <xmax>62.88750000000016</xmax>
            <ymax>506.0000000000007</ymax>
        </bndbox>
    </object>    <object>
        <name>player</name>
        <pose>Unspecified</pose>
        <truncated>0</truncated>
        <difficult>0</difficult>
        <bndbox>
            <xmin>99.64794921875</xmin>
            <ymin>426.63671875</ymin>
            <xmax>168.9514038085939</xmax>
            <ymax>536.3465454101575</ymax>
        </bndbox>
    </object>    <object>
        <name>player</name>
        <pose>Unspecified</pose>
        <truncated>0</truncated>
        <difficult>0</difficult>
        <bndbox>
            <xmin>1220.8935546875</xmin>
            <ymin>460.705078125</ymin>
            <xmax>1280.0</xmax>
            <ymax>605.2218750000011</ymax>
        </bndbox>
    </object>    <object>
        <name>keeper</name>
        <pose>Unspecified</pose>
        <truncated>0</truncated>
        <difficult>0</difficult>
        <bndbox>
            <xmin>514.6634521484375</xmin>
            <ymin>276.5029296875</ymin>
            <xmax>606.8763427734375</xmax>
            <ymax>363.2000000000007</ymax>
        </bndbox>
    </object>    <object>
        <name>player</name>
        <pose>Unspecified</pose>
        <truncated>0</truncated>
        <difficult>0</difficult>
        <bndbox>
            <xmin>668.5836181640625</xmin>
            <ymin>272.887451171875</ymin>
            <xmax>732.8656494140632</xmax>
            <ymax>373.6112792968761</ymax>
        </bndbox>
    </object>    <object>
        <name>player</name>
        <pose>Unspecified</pose>
        <truncated>0</truncated>
        <difficult>0</difficult>
        <bndbox>
            <xmin>769.1812500000002</xmin>
            <ymin>356.95697021484375</ymin>
            <xmax>867.1089987754822</xmax>
            <ymax>472.78125000000114</ymax>
        </bndbox>
    </object>    <object>
        <name>player</name>
        <pose>Unspecified</pose>
        <truncated>0</truncated>
        <difficult>0</difficult>
        <bndbox>
            <xmin>138.1802978515625</xmin>
            <ymin>467.31976318359375</ymin>
            <xmax>211.0035400390625</xmax>
            <ymax>561.4461303710941</ymax>
        </bndbox>
    </object>    <object>
        <name>player</name>
        <pose>Unspecified</pose>
        <truncated>0</truncated>
        <difficult>0</difficult>
        <bndbox>
            <xmin>435.12457275390625</xmin>
            <ymin>298.92376708984375</ymin>
            <xmax>514.3022216796877</xmax>
            <ymax>405.9705566406259</ymax>
        </bndbox>
    </object>    <object>
        <name>player</name>
        <pose>Unspecified</pose>
        <truncated>0</truncated>
        <difficult>0</difficult>
        <bndbox>
            <xmin>448.02972412109375</xmin>
            <ymin>383.68743896484375</ymin>
            <xmax>520.9687500000013</xmax>
            <ymax>506.54375000000084</ymax>
        </bndbox>
    </object>    <object>
        <name>player</name>
        <pose>Unspecified</pose>
        <truncated>0</truncated>
        <difficult>0</difficult>
        <bndbox>
            <xmin>333.4642456054694</xmin>
            <ymin>290.95916748046875</ymin>
            <xmax>404.9233771324166</xmax>
            <ymax>407.67535400390625</ymax>
        </bndbox>
    </object>
</annotation>
