<annotation>
    <folder></folder>
    <filename>frame_000238</filename>
    <path></path>
    <source>
        <database>Unknown</database>
    </source>
    <size>
        <width>1280</width>
        <height>720</height>
        <depth>3</depth>
    </size>
    <segmented>0</segmented>
    <object>
        <name>player</name>
        <pose>Unspecified</pose>
        <truncated>0</truncated>
        <difficult>0</difficult>
        <bndbox>
            <xmin>37.11795726102954</xmin>
            <ymin>297.80870863970586</ymin>
            <xmax>102.56721047794214</xmax>
            <ymax>422.4037568933834</ymax>
        </bndbox>
    </object>    <object>
        <name>keeper</name>
        <pose>Unspecified</pose>
        <truncated>0</truncated>
        <difficult>0</difficult>
        <bndbox>
            <xmin>412.72805606617646</xmin>
            <ymin>275.431640625</ymin>
            <xmax>508.94620998606973</xmax>
            <ymax>387.7705882352955</ymax>
        </bndbox>
    </object>    <object>
        <name>player</name>
        <pose>Unspecified</pose>
        <truncated>0</truncated>
        <difficult>0</difficult>
        <bndbox>
            <xmin>911.4773667279412</xmin>
            <ymin>245.75867417279412</ymin>
            <xmax>984.4764705882358</xmax>
            <ymax>336.83529411764744</ymax>
        </bndbox>
    </object>    <object>
        <name>player</name>
        <pose>Unspecified</pose>
        <truncated>0</truncated>
        <difficult>0</difficult>
        <bndbox>
            <xmin>1118.7621208639705</xmin>
            <ymin>612.2808478860294</ymin>
            <xmax>1202.3236443014705</xmax>
            <ymax>720.0</ymax>
        </bndbox>
    </object>    <object>
        <name>player</name>
        <pose>Unspecified</pose>
        <truncated>0</truncated>
        <difficult>0</difficult>
        <bndbox>
            <xmin>363.67058823529453</xmin>
            <ymin>437.06916360294116</ymin>
            <xmax>480.2709996840533</xmax>
            <ymax>576.2117647058831</ymax>
        </bndbox>
    </object>    <object>
        <name>player</name>
        <pose>Unspecified</pose>
        <truncated>0</truncated>
        <difficult>0</difficult>
        <bndbox>
            <xmin>114.55294117647196</xmin>
            <ymin>280.27918198529414</ymin>
            <xmax>204.51866553811465</xmax>
            <ymax>394.864705882353</ymax>
        </bndbox>
    </object>    <object>
        <name>player</name>
        <pose>Unspecified</pose>
        <truncated>0</truncated>
        <difficult>0</difficult>
        <bndbox>
            <xmin>513.5236098345588</xmin>
            <ymin>330.06922104779414</ymin>
            <xmax>582.1120863970602</xmax>
            <ymax>467.0920726102945</ymax>
        </bndbox>
    </object>    <object>
        <name>player</name>
        <pose>Unspecified</pose>
        <truncated>0</truncated>
        <difficult>0</difficult>
        <bndbox>
            <xmin>303.18823529411833</xmin>
            <ymin>250.60035615808823</ymin>
            <xmax>371.405315174776</xmax>
            <ymax>359.10588235294136</ymax>
        </bndbox>
    </object>
</annotation>
