<annotation>
    <folder></folder>
    <filename>frame_000204</filename>
    <path></path>
    <source>
        <database>Unknown</database>
    </source>
    <size>
        <width>1280</width>
        <height>720</height>
        <depth>3</depth>
    </size>
    <segmented>0</segmented>
    <object>
        <name>ref</name>
        <pose>Unspecified</pose>
        <truncated>0</truncated>
        <difficult>0</difficult>
        <bndbox>
            <xmin>5.294921875</xmin>
            <ymin>415.9462890625</ymin>
            <xmax>46.461328125000364</xmax>
            <ymax>524.1916015625011</ymax>
        </bndbox>
    </object>    <object>
        <name>player</name>
        <pose>Unspecified</pose>
        <truncated>0</truncated>
        <difficult>0</difficult>
        <bndbox>
            <xmin>83.59493215460526</xmin>
            <ymin>311.4000308388158</ymin>
            <xmax>150.05801809210635</xmax>
            <ymax>437.7635074013169</ymax>
        </bndbox>
    </object>    <object>
        <name>keeper</name>
        <pose>Unspecified</pose>
        <truncated>0</truncated>
        <difficult>0</difficult>
        <bndbox>
            <xmin>546.2354543585526</xmin>
            <ymin>276.5029296875</ymin>
            <xmax>641.7321340460541</xmax>
            <ymax>371.8000000000011</ymax>
        </bndbox>
    </object>    <object>
        <name>player</name>
        <pose>Unspecified</pose>
        <truncated>0</truncated>
        <difficult>0</difficult>
        <bndbox>
            <xmin>1066.2399773848683</xmin>
            <ymin>268.2718441611842</ymin>
            <xmax>1149.4631578947378</xmax>
            <ymax>379.3684210526321</ymax>
        </bndbox>
    </object>    <object>
        <name>player</name>
        <pose>Unspecified</pose>
        <truncated>0</truncated>
        <difficult>0</difficult>
        <bndbox>
            <xmin>1115.1501850328948</xmin>
            <ymin>516.7923005756579</ymin>
            <xmax>1232.2506578947368</xmax>
            <ymax>682.9965460526322</ymax>
        </bndbox>
    </object>    <object>
        <name>player</name>
        <pose>Unspecified</pose>
        <truncated>0</truncated>
        <difficult>0</difficult>
        <bndbox>
            <xmin>321.5322368421053</xmin>
            <ymin>445.2486122532895</ymin>
            <xmax>411.62726785760145</xmax>
            <ymax>596.6684210526329</ymax>
        </bndbox>
    </object>    <object>
        <name>player</name>
        <pose>Unspecified</pose>
        <truncated>0</truncated>
        <difficult>0</difficult>
        <bndbox>
            <xmin>190.81036184210538</xmin>
            <ymin>309.9807771381579</ymin>
            <xmax>273.2717035393963</xmax>
            <ymax>425.2180921052632</ymax>
        </bndbox>
    </object>    <object>
        <name>player</name>
        <pose>Unspecified</pose>
        <truncated>0</truncated>
        <difficult>0</difficult>
        <bndbox>
            <xmin>635.8915501644736</xmin>
            <ymin>354.97676809210526</ymin>
            <xmax>726.9789473684218</xmax>
            <ymax>502.22105263157937</ymax>
        </bndbox>
    </object>    <object>
        <name>player</name>
        <pose>Unspecified</pose>
        <truncated>0</truncated>
        <difficult>0</difficult>
        <bndbox>
            <xmin>420.65542763157896</xmin>
            <ymin>271.02523643092104</ymin>
            <xmax>482.6793895119121</xmax>
            <ymax>378.62105263157986</ymax>
        </bndbox>
    </object>
</annotation>
