<annotation>
    <folder></folder>
    <filename>frame_000166</filename>
    <path></path>
    <source>
        <database>Unknown</database>
    </source>
    <size>
        <width>1280</width>
        <height>720</height>
        <depth>3</depth>
    </size>
    <segmented>0</segmented>
    <object>
        <name>ref</name>
        <pose>Unspecified</pose>
        <truncated>0</truncated>
        <difficult>0</difficult>
        <bndbox>
            <xmin>50.850748697916664</xmin>
            <ymin>400.23388671875</ymin>
            <xmax>104.39313151041704</xmax>
            <ymax>508.4791992187511</ymax>
        </bndbox>
    </object>    <object>
        <name>player</name>
        <pose>Unspecified</pose>
        <truncated>0</truncated>
        <difficult>0</difficult>
        <bndbox>
            <xmin>114.71826171875</xmin>
            <ymin>357.48876953125</ymin>
            <xmax>198.6166666666668</xmax>
            <ymax>484.60000000000036</ymax>
        </bndbox>
    </object>    <object>
        <name>keeper</name>
        <pose>Unspecified</pose>
        <truncated>0</truncated>
        <difficult>0</difficult>
        <bndbox>
            <xmin>589.722900390625</xmin>
            <ymin>273.9451904296875</ymin>
            <xmax>693.0866647820724</xmax>
            <ymax>364.28044947574085</ymax>
        </bndbox>
    </object>    <object>
        <name>player</name>
        <pose>Unspecified</pose>
        <truncated>0</truncated>
        <difficult>0</difficult>
        <bndbox>
            <xmin>1006.248046875</xmin>
            <ymin>292.0302734375</ymin>
            <xmax>1087.800000000001</xmax>
            <ymax>414.3000000000011</ymax>
        </bndbox>
    </object>    <object>
        <name>player</name>
        <pose>Unspecified</pose>
        <truncated>0</truncated>
        <difficult>0</difficult>
        <bndbox>
            <xmin>1111.24560546875</xmin>
            <ymin>431.2555338541667</ymin>
            <xmax>1193.216666666668</xmax>
            <ymax>584.7666666666677</ymax>
        </bndbox>
    </object>    <object>
        <name>player</name>
        <pose>Unspecified</pose>
        <truncated>0</truncated>
        <difficult>0</difficult>
        <bndbox>
            <xmin>201.76660156250045</xmin>
            <ymin>437.7725097656253</ymin>
            <xmax>286.5994647979742</xmax>
            <ymax>562.3786706924441</ymax>
        </bndbox>
    </object>    <object>
        <name>player</name>
        <pose>Unspecified</pose>
        <truncated>0</truncated>
        <difficult>0</difficult>
        <bndbox>
            <xmin>335.5508463541667</xmin>
            <ymin>347.8963216145833</ymin>
            <xmax>403.9474614461272</xmax>
            <ymax>465.41666666666725</ymax>
        </bndbox>
    </object>    <object>
        <name>player</name>
        <pose>Unspecified</pose>
        <truncated>0</truncated>
        <difficult>0</difficult>
        <bndbox>
            <xmin>664.1398111979166</xmin>
            <ymin>389.0877278645833</ymin>
            <xmax>759.1500000000015</xmax>
            <ymax>529.4000000000011</ymax>
        </bndbox>
    </object>    <object>
        <name>player</name>
        <pose>Unspecified</pose>
        <truncated>0</truncated>
        <difficult>0</difficult>
        <bndbox>
            <xmin>501.55712890625</xmin>
            <ymin>295.4140625</ymin>
            <xmax>591.6166666666677</xmax>
            <ymax>407.8666666666677</ymax>
        </bndbox>
    </object>
</annotation>
