<annotation>
    <folder></folder>
    <filename>frame_000130</filename>
    <path></path>
    <source>
        <database>Unknown</database>
    </source>
    <size>
        <width>1280</width>
        <height>720</height>
        <depth>3</depth>
    </size>
    <segmented>0</segmented>
    <object>
        <name>ref</name>
        <pose>Unspecified</pose>
        <truncated>0</truncated>
        <difficult>0</difficult>
        <bndbox>
            <xmin>36.5654296875</xmin>
            <ymin>399.5546875</ymin>
            <xmax>90.10781250000036</xmax>
            <ymax>507.8000000000011</ymax>
        </bndbox>
    </object>    <object>
        <name>player</name>
        <pose>Unspecified</pose>
        <truncated>0</truncated>
        <difficult>0</difficult>
        <bndbox>
            <xmin>110.51124320652225</xmin>
            <ymin>411.7978091032609</ymin>
            <xmax>176.71304453974207</xmax>
            <ymax>530.3001369310464</ymax>
        </bndbox>
    </object>    <object>
        <name>keeper</name>
        <pose>Unspecified</pose>
        <truncated>0</truncated>
        <difficult>0</difficult>
        <bndbox>
            <xmin>552.2431640625</xmin>
            <ymin>278.3388671875</ymin>
            <xmax>644.4560546875</xmax>
            <ymax>365.0359375000007</ymax>
        </bndbox>
    </object>    <object>
        <name>player</name>
        <pose>Unspecified</pose>
        <truncated>0</truncated>
        <difficult>0</difficult>
        <bndbox>
            <xmin>783.845703125</xmin>
            <ymin>283.845703125</ymin>
            <xmax>845.6806361607154</xmax>
            <ymax>390.0681919642866</ymax>
        </bndbox>
    </object>    <object>
        <name>player</name>
        <pose>Unspecified</pose>
        <truncated>0</truncated>
        <difficult>0</difficult>
        <bndbox>
            <xmin>906.7421875</xmin>
            <ymin>373.34654017857144</ymin>
            <xmax>976.3712903703969</xmax>
            <ymax>499.514285714286</ymax>
        </bndbox>
    </object>    <object>
        <name>player</name>
        <pose>Unspecified</pose>
        <truncated>0</truncated>
        <difficult>0</difficult>
        <bndbox>
            <xmin>130.77670686141303</xmin>
            <ymin>458.45830502717394</ymin>
            <xmax>208.8208050271743</xmax>
            <ymax>552.9693868885872</ymax>
        </bndbox>
    </object>    <object>
        <name>player</name>
        <pose>Unspecified</pose>
        <truncated>0</truncated>
        <difficult>0</difficult>
        <bndbox>
            <xmin>447.64090401785717</xmin>
            <ymin>324.9994419642857</ymin>
            <xmax>541.9142857142859</xmax>
            <ymax>431.4857142857148</ymax>
        </bndbox>
    </object>    <object>
        <name>player</name>
        <pose>Unspecified</pose>
        <truncated>0</truncated>
        <difficult>0</difficult>
        <bndbox>
            <xmin>528.7149832589286</xmin>
            <ymin>392.12109375</ymin>
            <xmax>590.7571428571443</xmax>
            <ymax>525.3428571428584</ymax>
        </bndbox>
    </object>    <object>
        <name>player</name>
        <pose>Unspecified</pose>
        <truncated>0</truncated>
        <difficult>0</difficult>
        <bndbox>
            <xmin>399.6111607142863</xmin>
            <ymin>295.16213727678615</ymin>
            <xmax>472.23130645751996</xmax>
            <ymax>413.72433035714283</ymax>
        </bndbox>
    </object>
</annotation>
