<annotation>
    <folder></folder>
    <filename>frame_000440</filename>
    <path></path>
    <source>
        <database>Unknown</database>
    </source>
    <size>
        <width>1280</width>
        <height>720</height>
        <depth>3</depth>
    </size>
    <segmented>0</segmented>
    <object>
        <name>player</name>
        <pose>Unspecified</pose>
        <truncated>0</truncated>
        <difficult>0</difficult>
        <bndbox>
            <xmin>768.9873798076923</xmin>
            <ymin>305.4024188701923</ymin>
            <xmax>832.3769230769232</xmax>
            <ymax>424.4769230769237</ymax>
        </bndbox>
    </object>    <object>
        <name>player</name>
        <pose>Unspecified</pose>
        <truncated>0</truncated>
        <difficult>0</difficult>
        <bndbox>
            <xmin>363.7278395432692</xmin>
            <ymin>205.0274939903846</ymin>
            <xmax>424.55018028846195</xmax>
            <ymax>301.99405048076926</ymax>
        </bndbox>
    </object>    <object>
        <name>player</name>
        <pose>Unspecified</pose>
        <truncated>0</truncated>
        <difficult>0</difficult>
        <bndbox>
            <xmin>1143.6493389423076</xmin>
            <ymin>411.85336538461536</ymin>
            <xmax>1215.6600811298076</xmax>
            <ymax>559.6633263221157</ymax>
        </bndbox>
    </object>    <object>
        <name>player</name>
        <pose>Unspecified</pose>
        <truncated>0</truncated>
        <difficult>0</difficult>
        <bndbox>
            <xmin>1034.9375751201924</xmin>
            <ymin>273.9481670673077</ymin>
            <xmax>1096.141481370193</xmax>
            <ymax>382.17492487980877</ymax>
        </bndbox>
    </object>    <object>
        <name>player</name>
        <pose>Unspecified</pose>
        <truncated>0</truncated>
        <difficult>0</difficult>
        <bndbox>
            <xmin>118.70631009615401</xmin>
            <ymin>298.9658954326923</ymin>
            <xmax>181.988521869366</xmax>
            <ymax>422.2538461538465</ymax>
        </bndbox>
    </object>    <object>
        <name>player</name>
        <pose>Unspecified</pose>
        <truncated>0</truncated>
        <difficult>0</difficult>
        <bndbox>
            <xmin>17.176923076924002</xmin>
            <ymin>509.8876201923077</ymin>
            <xmax>119.34232271634616</xmax>
            <ymax>624.0076923076924</ymax>
        </bndbox>
    </object>    <object>
        <name>player</name>
        <pose>Unspecified</pose>
        <truncated>0</truncated>
        <difficult>0</difficult>
        <bndbox>
            <xmin>489.5076923076936</xmin>
            <ymin>241.8058143028846</ymin>
            <xmax>544.7726161663348</xmax>
            <ymax>331.5461538461551</ymax>
        </bndbox>
    </object>    <object>
        <name>player</name>
        <pose>Unspecified</pose>
        <truncated>0</truncated>
        <difficult>0</difficult>
        <bndbox>
            <xmin>220.53846153846294</xmin>
            <ymin>372.89197716346155</ymin>
            <xmax>327.64622790996845</xmax>
            <ymax>497.715384615386</ymax>
        </bndbox>
    </object>
</annotation>
