<annotation>
    <folder></folder>
    <filename>frame_000473</filename>
    <path></path>
    <source>
        <database>Unknown</database>
    </source>
    <size>
        <width>1280</width>
        <height>720</height>
        <depth>3</depth>
    </size>
    <segmented>0</segmented>
    <object>
        <name>player</name>
        <pose>Unspecified</pose>
        <truncated>0</truncated>
        <difficult>0</difficult>
        <bndbox>
            <xmin>687.7456752232143</xmin>
            <ymin>255.27818080357142</ymin>
            <xmax>744.5142299107156</xmax>
            <ymax>357.478962053572</ymax>
        </bndbox>
    </object>    <object>
        <name>player</name>
        <pose>Unspecified</pose>
        <truncated>0</truncated>
        <difficult>0</difficult>
        <bndbox>
            <xmin>198.9857142857149</xmin>
            <ymin>221.89739118303572</ymin>
            <xmax>253.60992159162248</xmax>
            <ymax>309.13571428571504</ymax>
        </bndbox>
    </object>    <object>
        <name>player</name>
        <pose>Unspecified</pose>
        <truncated>0</truncated>
        <difficult>0</difficult>
        <bndbox>
            <xmin>1089.4700520833333</xmin>
            <ymin>382.525390625</ymin>
            <xmax>1150.800000000001</xmax>
            <ymax>513.9000000000009</ymax>
        </bndbox>
    </object>    <object>
        <name>player</name>
        <pose>Unspecified</pose>
        <truncated>0</truncated>
        <difficult>0</difficult>
        <bndbox>
            <xmin>951.4500558035714</xmin>
            <ymin>260.08042689732144</ymin>
            <xmax>1000.9122953869061</xmax>
            <ymax>351.166689918156</ymax>
        </bndbox>
    </object>    <object>
        <name>player</name>
        <pose>Unspecified</pose>
        <truncated>0</truncated>
        <difficult>0</difficult>
        <bndbox>
            <xmin>195.3495396205361</xmin>
            <ymin>270.29966517857144</ymin>
            <xmax>240.30038648332888</xmax>
            <ymax>392.9223214285718</ymax>
        </bndbox>
    </object>    <object>
        <name>player</name>
        <pose>Unspecified</pose>
        <truncated>0</truncated>
        <difficult>0</difficult>
        <bndbox>
            <xmin>178.06666666666692</xmin>
            <ymin>528.8896484375</ymin>
            <xmax>278.0632781982422</xmax>
            <ymax>675.2333333333336</ymax>
        </bndbox>
    </object>    <object>
        <name>ref</name>
        <pose>Unspecified</pose>
        <truncated>0</truncated>
        <difficult>0</difficult>
        <bndbox>
            <xmin>1098.180873325893</xmin>
            <ymin>193.71909877232142</ymin>
            <xmax>1152.2799618675606</xmax>
            <ymax>290.0663643973221</ymax>
        </bndbox>
    </object>    <object>
        <name>player</name>
        <pose>Unspecified</pose>
        <truncated>0</truncated>
        <difficult>0</difficult>
        <bndbox>
            <xmin>499.29251302083384</xmin>
            <ymin>222.583984375</ymin>
            <xmax>544.0312543233231</xmax>
            <ymax>322.04420572916814</ymax>
        </bndbox>
    </object>    <object>
        <name>player</name>
        <pose>Unspecified</pose>
        <truncated>0</truncated>
        <difficult>0</difficult>
        <bndbox>
            <xmin>324.4333333333343</xmin>
            <ymin>375.0338541666667</ymin>
            <xmax>394.84250895182294</xmax>
            <ymax>499.10000000000036</ymax>
        </bndbox>
    </object>
</annotation>
