<annotation>
    <folder></folder>
    <filename>frame_000318</filename>
    <path></path>
    <source>
        <database>Unknown</database>
    </source>
    <size>
        <width>1280</width>
        <height>720</height>
        <depth>3</depth>
    </size>
    <segmented>0</segmented>
    <object>
        <name>player</name>
        <pose>Unspecified</pose>
        <truncated>0</truncated>
        <difficult>0</difficult>
        <bndbox>
            <xmin>1105.5810546875</xmin>
            <ymin>525.771484375</ymin>
            <xmax>1226.5</xmax>
            <ymax>711.4000000000015</ymax>
        </bndbox>
    </object>    <object>
        <name>player</name>
        <pose>Unspecified</pose>
        <truncated>0</truncated>
        <difficult>0</difficult>
        <bndbox>
            <xmin>1182.21142578125</xmin>
            <ymin>252.7255859375</ymin>
            <xmax>1235.5500000000002</xmax>
            <ymax>352.3000000000002</ymax>
        </bndbox>
    </object>    <object>
        <name>player</name>
        <pose>Unspecified</pose>
        <truncated>0</truncated>
        <difficult>0</difficult>
        <bndbox>
            <xmin>0.0</xmin>
            <ymin>351.4189453125</ymin>
            <xmax>42.814260101316904</xmax>
            <ymax>452.03574218750146</ymax>
        </bndbox>
    </object>    <object>
        <name>keeper</name>
        <pose>Unspecified</pose>
        <truncated>0</truncated>
        <difficult>0</difficult>
        <bndbox>
            <xmin>46.01953125</xmin>
            <ymin>280.787109375</ymin>
            <xmax>96.47871093750109</xmax>
            <ymax>400.74160156250036</ymax>
        </bndbox>
    </object>    <object>
        <name>player</name>
        <pose>Unspecified</pose>
        <truncated>0</truncated>
        <difficult>0</difficult>
        <bndbox>
            <xmin>173.39453125</xmin>
            <ymin>220.8134765625</ymin>
            <xmax>233.3000000000011</xmax>
            <ymax>305.40000000000146</ymax>
        </bndbox>
    </object>    <object>
        <name>player</name>
        <pose>Unspecified</pose>
        <truncated>0</truncated>
        <difficult>0</difficult>
        <bndbox>
            <xmin>517.4000000000015</xmin>
            <ymin>383.5849609375</ymin>
            <xmax>617.9836044311523</xmax>
            <ymax>504.60000000000036</ymax>
        </bndbox>
    </object>    <object>
        <name>player</name>
        <pose>Unspecified</pose>
        <truncated>0</truncated>
        <difficult>0</difficult>
        <bndbox>
            <xmin>125.349609375</xmin>
            <ymin>275.44140625</ymin>
            <xmax>179.75</xmax>
            <ymax>371.9414093017567</ymax>
        </bndbox>
    </object>    <object>
        <name>player</name>
        <pose>Unspecified</pose>
        <truncated>0</truncated>
        <difficult>0</difficult>
        <bndbox>
            <xmin>316.9912109375</xmin>
            <ymin>317.2000000000007</ymin>
            <xmax>393.01777038574073</xmax>
            <ymax>419.9000015258789</ymax>
        </bndbox>
    </object>    <object>
        <name>player</name>
        <pose>Unspecified</pose>
        <truncated>0</truncated>
        <difficult>0</difficult>
        <bndbox>
            <xmin>136.0</xmin>
            <ymin>206.8818359375</ymin>
            <xmax>196.8718719482422</xmax>
            <ymax>298.8000000000011</ymax>
        </bndbox>
    </object>
</annotation>
