<annotation>
    <folder></folder>
    <filename>frame_000250</filename>
    <path></path>
    <source>
        <database>Unknown</database>
    </source>
    <size>
        <width>1280</width>
        <height>720</height>
        <depth>3</depth>
    </size>
    <segmented>0</segmented>
    <object>
        <name>player</name>
        <pose>Unspecified</pose>
        <truncated>0</truncated>
        <difficult>0</difficult>
        <bndbox>
            <xmin>41.66359145220678</xmin>
            <ymin>303.85627297794116</ymin>
            <xmax>101.02984834558843</xmax>
            <ymax>417.8407513786773</ymax>
        </bndbox>
    </object>    <object>
        <name>keeper</name>
        <pose>Unspecified</pose>
        <truncated>0</truncated>
        <difficult>0</difficult>
        <bndbox>
            <xmin>396.0963924632353</xmin>
            <ymin>275.431640625</ymin>
            <xmax>471.1492419972145</xmax>
            <ymax>386.99411764705997</ymax>
        </bndbox>
    </object>    <object>
        <name>player</name>
        <pose>Unspecified</pose>
        <truncated>0</truncated>
        <difficult>0</difficult>
        <bndbox>
            <xmin>829.0759420955883</xmin>
            <ymin>241.2228285845588</ymin>
            <xmax>890.735294117648</xmax>
            <ymax>326.24705882352976</ymax>
        </bndbox>
    </object>    <object>
        <name>player</name>
        <pose>Unspecified</pose>
        <truncated>0</truncated>
        <difficult>0</difficult>
        <bndbox>
            <xmin>1174.7039866727941</xmin>
            <ymin>634.9600758272059</ymin>
            <xmax>1258.2655101102941</xmax>
            <ymax>720.0</ymax>
        </bndbox>
    </object>    <object>
        <name>player</name>
        <pose>Unspecified</pose>
        <truncated>0</truncated>
        <difficult>0</difficult>
        <bndbox>
            <xmin>418.0941176470595</xmin>
            <ymin>430.26539522058823</ymin>
            <xmax>515.0457709817325</xmax>
            <ymax>582.2823529411775</ymax>
        </bndbox>
    </object>    <object>
        <name>player</name>
        <pose>Unspecified</pose>
        <truncated>0</truncated>
        <difficult>0</difficult>
        <bndbox>
            <xmin>133.47058823529497</xmin>
            <ymin>277.25505514705884</ymin>
            <xmax>205.27514424043542</xmax>
            <ymax>385.0529411764709</ymax>
        </bndbox>
    </object>    <object>
        <name>player</name>
        <pose>Unspecified</pose>
        <truncated>0</truncated>
        <difficult>0</difficult>
        <bndbox>
            <xmin>484.79612821691177</xmin>
            <ymin>324.02165670955884</ymin>
            <xmax>553.3846047794132</xmax>
            <ymax>461.0445082720592</ymax>
        </bndbox>
    </object>    <object>
        <name>player</name>
        <pose>Unspecified</pose>
        <truncated>0</truncated>
        <difficult>0</difficult>
        <bndbox>
            <xmin>291.11764705882393</xmin>
            <ymin>243.04038373161765</ymin>
            <xmax>364.60168681425205</xmax>
            <ymax>347.74117647058944</ymax>
        </bndbox>
    </object>
</annotation>
