<annotation>
    <folder></folder>
    <filename>frame_000210</filename>
    <path></path>
    <source>
        <database>Unknown</database>
    </source>
    <size>
        <width>1280</width>
        <height>720</height>
        <depth>3</depth>
    </size>
    <segmented>0</segmented>
    <object>
        <name>player</name>
        <pose>Unspecified</pose>
        <truncated>0</truncated>
        <difficult>0</difficult>
        <bndbox>
            <xmin>73.1109683388158</xmin>
            <ymin>306.32704564144734</ymin>
            <xmax>139.57405427631687</xmax>
            <ymax>432.69052220394843</ymax>
        </bndbox>
    </object>    <object>
        <name>keeper</name>
        <pose>Unspecified</pose>
        <truncated>0</truncated>
        <difficult>0</difficult>
        <bndbox>
            <xmin>522.8997224506579</xmin>
            <ymin>276.5029296875</ymin>
            <xmax>618.3964021381594</xmax>
            <ymax>371.8000000000011</ymax>
        </bndbox>
    </object>    <object>
        <name>player</name>
        <pose>Unspecified</pose>
        <truncated>0</truncated>
        <difficult>0</difficult>
        <bndbox>
            <xmin>1046.2863384046052</xmin>
            <ymin>262.52256373355266</ymin>
            <xmax>1126.789473684211</xmax>
            <ymax>370.90526315789543</ymax>
        </bndbox>
    </object>    <object>
        <name>player</name>
        <pose>Unspecified</pose>
        <truncated>0</truncated>
        <difficult>0</difficult>
        <bndbox>
            <xmin>1096.5423519736842</xmin>
            <ymin>534.7167454769736</ymin>
            <xmax>1220.7519736842103</xmax>
            <ymax>696.8728412828951</ymax>
        </bndbox>
    </object>    <object>
        <name>player</name>
        <pose>Unspecified</pose>
        <truncated>0</truncated>
        <difficult>0</difficult>
        <bndbox>
            <xmin>328.307648026316</xmin>
            <ymin>442.20482113486844</ymin>
            <xmax>418.72944761577384</xmax>
            <ymax>588.2052631578957</ymax>
        </bndbox>
    </object>    <object>
        <name>player</name>
        <pose>Unspecified</pose>
        <truncated>0</truncated>
        <difficult>0</difficult>
        <bndbox>
            <xmin>165.45647615131614</xmin>
            <ymin>306.2606907894737</ymin>
            <xmax>254.67096388967394</xmax>
            <ymax>420.4863075657897</ymax>
        </bndbox>
    </object>    <object>
        <name>player</name>
        <pose>Unspecified</pose>
        <truncated>0</truncated>
        <difficult>0</difficult>
        <bndbox>
            <xmin>605.453947368421</xmin>
            <ymin>349.2271792763158</ymin>
            <xmax>696.5368421052641</xmax>
            <ymax>495.4631578947374</ymax>
        </bndbox>
    </object>    <object>
        <name>player</name>
        <pose>Unspecified</pose>
        <truncated>0</truncated>
        <difficult>0</difficult>
        <bndbox>
            <xmin>390.2221422697368</xmin>
            <ymin>268.6577405427632</ymin>
            <xmax>456.63816853573485</xmax>
            <ymax>377.2631578947374</ymax>
        </bndbox>
    </object>
</annotation>
