<annotation>
    <folder></folder>
    <filename>frame_000178</filename>
    <path></path>
    <source>
        <database>Unknown</database>
    </source>
    <size>
        <width>1280</width>
        <height>720</height>
        <depth>3</depth>
    </size>
    <segmented>0</segmented>
    <object>
        <name>ref</name>
        <pose>Unspecified</pose>
        <truncated>0</truncated>
        <difficult>0</difficult>
        <bndbox>
            <xmin>61.480305989583336</xmin>
            <ymin>402.95068359375</ymin>
            <xmax>115.02268880208369</xmax>
            <ymax>511.1959960937511</ymax>
        </bndbox>
    </object>    <object>
        <name>player</name>
        <pose>Unspecified</pose>
        <truncated>0</truncated>
        <difficult>0</difficult>
        <bndbox>
            <xmin>119.71630859375</xmin>
            <ymin>343.20947265625</ymin>
            <xmax>205.08333333333394</xmax>
            <ymax>464.60000000000036</ymax>
        </bndbox>
    </object>    <object>
        <name>keeper</name>
        <pose>Unspecified</pose>
        <truncated>0</truncated>
        <difficult>0</difficult>
        <bndbox>
            <xmin>592.766845703125</xmin>
            <ymin>276.5657958984375</ymin>
            <xmax>693.4333239103619</xmax>
            <ymax>368.60224737870135</ymax>
        </bndbox>
    </object>    <object>
        <name>player</name>
        <pose>Unspecified</pose>
        <truncated>0</truncated>
        <difficult>0</difficult>
        <bndbox>
            <xmin>1056.226171875</xmin>
            <ymin>285.6044921875</ymin>
            <xmax>1147.0800000000013</xmax>
            <ymax>404.3000000000011</ymax>
        </bndbox>
    </object>    <object>
        <name>player</name>
        <pose>Unspecified</pose>
        <truncated>0</truncated>
        <difficult>0</difficult>
        <bndbox>
            <xmin>1148.37255859375</xmin>
            <ymin>454.8167317708333</ymin>
            <xmax>1232.4833333333345</xmax>
            <ymax>622.6333333333338</ymax>
        </bndbox>
    </object>    <object>
        <name>player</name>
        <pose>Unspecified</pose>
        <truncated>0</truncated>
        <difficult>0</difficult>
        <bndbox>
            <xmin>246.0330078125</xmin>
            <ymin>440.0003320312502</ymin>
            <xmax>333.4918792724611</xmax>
            <ymax>579.4928388977056</ymax>
        </bndbox>
    </object>    <object>
        <name>player</name>
        <pose>Unspecified</pose>
        <truncated>0</truncated>
        <difficult>0</difficult>
        <bndbox>
            <xmin>285.59016927083366</xmin>
            <ymin>342.1847330729167</ymin>
            <xmax>362.5373072306317</xmax>
            <ymax>458.2833333333335</ymax>
        </bndbox>
    </object>    <object>
        <name>player</name>
        <pose>Unspecified</pose>
        <truncated>0</truncated>
        <difficult>0</difficult>
        <bndbox>
            <xmin>699.1248372395834</xmin>
            <ymin>376.9503580729167</ymin>
            <xmax>784.1500000000015</xmax>
            <ymax>525.8000000000014</ymax>
        </bndbox>
    </object>    <object>
        <name>player</name>
        <pose>Unspecified</pose>
        <truncated>0</truncated>
        <difficult>0</difficult>
        <bndbox>
            <xmin>502.98486328125</xmin>
            <ymin>285.41796875</ymin>
            <xmax>580.8833333333341</xmax>
            <ymax>402.1333333333341</ymax>
        </bndbox>
    </object>
</annotation>
