<annotation>
    <folder></folder>
    <filename>frame_000136</filename>
    <path></path>
    <source>
        <database>Unknown</database>
    </source>
    <size>
        <width>1280</width>
        <height>720</height>
        <depth>3</depth>
    </size>
    <segmented>0</segmented>
    <object>
        <name>ref</name>
        <pose>Unspecified</pose>
        <truncated>0</truncated>
        <difficult>0</difficult>
        <bndbox>
            <xmin>40.6962890625</xmin>
            <ymin>399.5546875</ymin>
            <xmax>94.23867187500036</xmax>
            <ymax>507.8000000000011</ymax>
        </bndbox>
    </object>    <object>
        <name>player</name>
        <pose>Unspecified</pose>
        <truncated>0</truncated>
        <difficult>0</difficult>
        <bndbox>
            <xmin>108.26674592391393</xmin>
            <ymin>405.6388417119565</ymin>
            <xmax>177.54782794454837</xmax>
            <ymax>530.3002396293303</ymax>
        </bndbox>
    </object>    <object>
        <name>keeper</name>
        <pose>Unspecified</pose>
        <truncated>0</truncated>
        <difficult>0</difficult>
        <bndbox>
            <xmin>563.2587890625</xmin>
            <ymin>279.7158203125</ymin>
            <xmax>655.4716796875</xmax>
            <ymax>366.4128906250007</ymax>
        </bndbox>
    </object>    <object>
        <name>player</name>
        <pose>Unspecified</pose>
        <truncated>0</truncated>
        <difficult>0</difficult>
        <bndbox>
            <xmin>822.400390625</xmin>
            <ymin>289.353515625</ymin>
            <xmax>882.4000000000015</xmax>
            <ymax>399.7000000000007</ymax>
        </bndbox>
    </object>    <object>
        <name>player</name>
        <pose>Unspecified</pose>
        <truncated>0</truncated>
        <difficult>0</difficult>
        <bndbox>
            <xmin>946.673828125</xmin>
            <ymin>379.3134765625</ymin>
            <xmax>1016.3000000000011</xmax>
            <ymax>511.0</ymax>
        </bndbox>
    </object>    <object>
        <name>player</name>
        <pose>Unspecified</pose>
        <truncated>0</truncated>
        <difficult>0</difficult>
        <bndbox>
            <xmin>132.4527428668478</xmin>
            <ymin>456.7820142663044</ymin>
            <xmax>214.412483016305</xmax>
            <ymax>551.5816321331523</ymax>
        </bndbox>
    </object>    <object>
        <name>player</name>
        <pose>Unspecified</pose>
        <truncated>0</truncated>
        <difficult>0</difficult>
        <bndbox>
            <xmin>441.21484375</xmin>
            <ymin>333.2607421875</ymin>
            <xmax>539.6000000000004</xmax>
            <ymax>442.5</ymax>
        </bndbox>
    </object>    <object>
        <name>player</name>
        <pose>Unspecified</pose>
        <truncated>0</truncated>
        <difficult>0</difficult>
        <bndbox>
            <xmin>555.794921875</xmin>
            <ymin>392.12109375</ymin>
            <xmax>616.9000000000015</xmax>
            <ymax>531.3000000000011</ymax>
        </bndbox>
    </object>    <object>
        <name>player</name>
        <pose>Unspecified</pose>
        <truncated>0</truncated>
        <difficult>0</difficult>
        <bndbox>
            <xmin>423.01953125</xmin>
            <ymin>294.7000000000007</ymin>
            <xmax>494.7000000000007</xmax>
            <ymax>414.642578125</ymax>
        </bndbox>
    </object>
</annotation>
