<annotation>
    <folder></folder>
    <filename>frame_000260</filename>
    <path></path>
    <source>
        <database>Unknown</database>
    </source>
    <size>
        <width>1280</width>
        <height>720</height>
        <depth>3</depth>
    </size>
    <segmented>0</segmented>
    <object>
        <name>player</name>
        <pose>Unspecified</pose>
        <truncated>0</truncated>
        <difficult>0</difficult>
        <bndbox>
            <xmin>52.95000000000073</xmin>
            <ymin>312.3291015625</ymin>
            <xmax>112.96181678771973</xmax>
            <ymax>416.15000000000055</ymax>
        </bndbox>
    </object>    <object>
        <name>keeper</name>
        <pose>Unspecified</pose>
        <truncated>0</truncated>
        <difficult>0</difficult>
        <bndbox>
            <xmin>378.5517578125</xmin>
            <ymin>277.57373046875</ymin>
            <xmax>441.90000000000055</xmax>
            <ymax>393.2500000000009</ymax>
        </bndbox>
    </object>    <object>
        <name>player</name>
        <pose>Unspecified</pose>
        <truncated>0</truncated>
        <difficult>0</difficult>
        <bndbox>
            <xmin>752.25</xmin>
            <ymin>240.0888671875</ymin>
            <xmax>811.0744140625011</xmax>
            <ymax>323.60000000000036</ymax>
        </bndbox>
    </object>    <object>
        <name>player</name>
        <pose>Unspecified</pose>
        <truncated>0</truncated>
        <difficult>0</difficult>
        <bndbox>
            <xmin>1226.9228515625</xmin>
            <ymin>651.875</ymin>
            <xmax>1277.67529296875</xmax>
            <ymax>720.0</ymax>
        </bndbox>
    </object>    <object>
        <name>player</name>
        <pose>Unspecified</pose>
        <truncated>0</truncated>
        <difficult>0</difficult>
        <bndbox>
            <xmin>451.52000000000135</xmin>
            <ymin>426.42265625</ymin>
            <xmax>548.9071998596191</xmax>
            <ymax>568.380000000001</ymax>
        </bndbox>
    </object>    <object>
        <name>player</name>
        <pose>Unspecified</pose>
        <truncated>0</truncated>
        <difficult>0</difficult>
        <bndbox>
            <xmin>146.7500000000009</xmin>
            <ymin>273.8212890625</ymin>
            <xmax>216.17383575439453</xmax>
            <ymax>381.0000000000009</ymax>
        </bndbox>
    </object>    <object>
        <name>player</name>
        <pose>Unspecified</pose>
        <truncated>0</truncated>
        <difficult>0</difficult>
        <bndbox>
            <xmin>472.794921875</xmin>
            <ymin>319.296875</ymin>
            <xmax>538.1513671875009</xmax>
            <ymax>450.9663085937509</ymax>
        </bndbox>
    </object>    <object>
        <name>player</name>
        <pose>Unspecified</pose>
        <truncated>0</truncated>
        <difficult>0</difficult>
        <bndbox>
            <xmin>288.0998046875002</xmin>
            <ymin>240.615234375</ymin>
            <xmax>360.20038986206055</xmax>
            <ymax>338.4500000000007</ymax>
        </bndbox>
    </object>
</annotation>
