<annotation>
    <folder></folder>
    <filename>frame_000132</filename>
    <path></path>
    <source>
        <database>Unknown</database>
    </source>
    <size>
        <width>1280</width>
        <height>720</height>
        <depth>3</depth>
    </size>
    <segmented>0</segmented>
    <object>
        <name>ref</name>
        <pose>Unspecified</pose>
        <truncated>0</truncated>
        <difficult>0</difficult>
        <bndbox>
            <xmin>37.9423828125</xmin>
            <ymin>399.5546875</ymin>
            <xmax>91.48476562500036</xmax>
            <ymax>507.8000000000011</ymax>
        </bndbox>
    </object>    <object>
        <name>player</name>
        <pose>Unspecified</pose>
        <truncated>0</truncated>
        <difficult>0</difficult>
        <bndbox>
            <xmin>109.76307744565281</xmin>
            <ymin>409.74481997282606</ymin>
            <xmax>176.9913056746775</xmax>
            <ymax>530.3001711638077</ymax>
        </bndbox>
    </object>    <object>
        <name>keeper</name>
        <pose>Unspecified</pose>
        <truncated>0</truncated>
        <difficult>0</difficult>
        <bndbox>
            <xmin>555.9150390625</xmin>
            <ymin>278.7978515625</ymin>
            <xmax>648.1279296875</xmax>
            <ymax>365.4949218750007</ymax>
        </bndbox>
    </object>    <object>
        <name>player</name>
        <pose>Unspecified</pose>
        <truncated>0</truncated>
        <difficult>0</difficult>
        <bndbox>
            <xmin>796.697265625</xmin>
            <ymin>285.681640625</ymin>
            <xmax>857.9204241071441</xmax>
            <ymax>393.278794642858</ymax>
        </bndbox>
    </object>    <object>
        <name>player</name>
        <pose>Unspecified</pose>
        <truncated>0</truncated>
        <difficult>0</difficult>
        <bndbox>
            <xmin>920.052734375</xmin>
            <ymin>375.3355189732143</ymin>
            <xmax>989.6808602469316</xmax>
            <ymax>503.3428571428573</ymax>
        </bndbox>
    </object>    <object>
        <name>player</name>
        <pose>Unspecified</pose>
        <truncated>0</truncated>
        <difficult>0</difficult>
        <bndbox>
            <xmin>131.3353855298913</xmin>
            <ymin>457.8995414402174</ymin>
            <xmax>210.68469769021786</xmax>
            <ymax>552.5068019701089</ymax>
        </bndbox>
    </object>    <object>
        <name>player</name>
        <pose>Unspecified</pose>
        <truncated>0</truncated>
        <difficult>0</difficult>
        <bndbox>
            <xmin>445.49888392857144</xmin>
            <ymin>327.75320870535717</ymin>
            <xmax>541.1428571428575</xmax>
            <ymax>435.1571428571432</ymax>
        </bndbox>
    </object>    <object>
        <name>player</name>
        <pose>Unspecified</pose>
        <truncated>0</truncated>
        <difficult>0</difficult>
        <bndbox>
            <xmin>537.7416294642857</xmin>
            <ymin>392.12109375</ymin>
            <xmax>599.47142857143</xmax>
            <ymax>527.3285714285727</ymax>
        </bndbox>
    </object>    <object>
        <name>player</name>
        <pose>Unspecified</pose>
        <truncated>0</truncated>
        <difficult>0</difficult>
        <bndbox>
            <xmin>407.41395089285754</xmin>
            <ymin>295.0080915178577</ymin>
            <xmax>479.7208709716802</xmax>
            <ymax>414.03041294642856</ymax>
        </bndbox>
    </object>
</annotation>
