<annotation>
    <folder></folder>
    <filename>frame_000478</filename>
    <path></path>
    <source>
        <database>Unknown</database>
    </source>
    <size>
        <width>1280</width>
        <height>720</height>
        <depth>3</depth>
    </size>
    <segmented>0</segmented>
    <object>
        <name>player</name>
        <pose>Unspecified</pose>
        <truncated>0</truncated>
        <difficult>0</difficult>
        <bndbox>
            <xmin>686.0597098214286</xmin>
            <ymin>252.04854910714286</ymin>
            <xmax>745.0063244047633</xmax>
            <ymax>349.4906498015877</ymax>
        </bndbox>
    </object>    <object>
        <name>player</name>
        <pose>Unspecified</pose>
        <truncated>0</truncated>
        <difficult>0</difficult>
        <bndbox>
            <xmin>186.27142857142903</xmin>
            <ymin>222.36509486607142</ymin>
            <xmax>243.74991825648718</xmax>
            <ymax>308.1714285714297</ymax>
        </bndbox>
    </object>    <object>
        <name>player</name>
        <pose>Unspecified</pose>
        <truncated>0</truncated>
        <difficult>0</difficult>
        <bndbox>
            <xmin>1088.676685474537</xmin>
            <ymin>380.7404513888889</ymin>
            <xmax>1149.4111111111122</xmax>
            <ymax>509.34444444444523</ymax>
        </bndbox>
    </object>    <object>
        <name>player</name>
        <pose>Unspecified</pose>
        <truncated>0</truncated>
        <difficult>0</difficult>
        <bndbox>
            <xmin>948.2204241071429</xmin>
            <ymin>258.49386160714283</ymin>
            <xmax>997.6832423941806</xmax>
            <ymax>346.0185288525146</ymax>
        </bndbox>
    </object>    <object>
        <name>player</name>
        <pose>Unspecified</pose>
        <truncated>0</truncated>
        <difficult>0</difficult>
        <bndbox>
            <xmin>214.7664620535722</xmin>
            <ymin>264.76046316964283</ymin>
            <xmax>254.94839268033476</xmax>
            <ymax>387.1876984126988</ymax>
        </bndbox>
    </object>    <object>
        <name>player</name>
        <pose>Unspecified</pose>
        <truncated>0</truncated>
        <difficult>0</difficult>
        <bndbox>
            <xmin>206.41851851851885</xmin>
            <ymin>527.8978949652778</ymin>
            <xmax>314.5552486843533</xmax>
            <ymax>680.9925925925929</ymax>
        </bndbox>
    </object>    <object>
        <name>ref</name>
        <pose>Unspecified</pose>
        <truncated>0</truncated>
        <difficult>0</difficult>
        <bndbox>
            <xmin>1078.2914341517858</xmin>
            <ymin>192.13253348214286</ymin>
            <xmax>1134.568871941139</xmax>
            <ymax>286.6961619543654</ymax>
        </bndbox>
    </object>    <object>
        <name>player</name>
        <pose>Unspecified</pose>
        <truncated>0</truncated>
        <difficult>0</difficult>
        <bndbox>
            <xmin>507.01889467592656</xmin>
            <ymin>220.40245225694446</ymin>
            <xmax>549.3860717490866</xmax>
            <ymax>322.24186921296445</ymax>
        </bndbox>
    </object>    <object>
        <name>player</name>
        <pose>Unspecified</pose>
        <truncated>0</truncated>
        <difficult>0</difficult>
        <bndbox>
            <xmin>343.4703703703712</xmin>
            <ymin>376.2238136574074</ymin>
            <xmax>412.8901793868454</xmax>
            <ymax>499.10000000000036</ymax>
        </bndbox>
    </object>
</annotation>
