<annotation>
    <folder></folder>
    <filename>frame_000127</filename>
    <path></path>
    <source>
        <database>Unknown</database>
    </source>
    <size>
        <width>1280</width>
        <height>720</height>
        <depth>3</depth>
    </size>
    <segmented>0</segmented>
    <object>
        <name>ref</name>
        <pose>Unspecified</pose>
        <truncated>0</truncated>
        <difficult>0</difficult>
        <bndbox>
            <xmin>34.5</xmin>
            <ymin>399.5546875</ymin>
            <xmax>88.04238281250036</xmax>
            <ymax>507.8000000000011</ymax>
        </bndbox>
    </object>    <object>
        <name>player</name>
        <pose>Unspecified</pose>
        <truncated>0</truncated>
        <difficult>0</difficult>
        <bndbox>
            <xmin>111.6334918478264</xmin>
            <ymin>414.87729279891306</ymin>
            <xmax>176.29565283733893</xmax>
            <ymax>530.3000855819045</ymax>
        </bndbox>
    </object>    <object>
        <name>keeper</name>
        <pose>Unspecified</pose>
        <truncated>0</truncated>
        <difficult>0</difficult>
        <bndbox>
            <xmin>546.7353515625</xmin>
            <ymin>277.650390625</ymin>
            <xmax>638.9482421875</xmax>
            <ymax>364.3474609375007</ymax>
        </bndbox>
    </object>    <object>
        <name>player</name>
        <pose>Unspecified</pose>
        <truncated>0</truncated>
        <difficult>0</difficult>
        <bndbox>
            <xmin>764.568359375</xmin>
            <ymin>281.091796875</ymin>
            <xmax>827.3209542410724</xmax>
            <ymax>385.25228794642953</ymax>
        </bndbox>
    </object>    <object>
        <name>player</name>
        <pose>Unspecified</pose>
        <truncated>0</truncated>
        <difficult>0</difficult>
        <bndbox>
            <xmin>886.7763671875</xmin>
            <ymin>370.36307198660717</ymin>
            <xmax>956.4069355555947</xmax>
            <ymax>493.77142857142906</ymax>
        </bndbox>
    </object>    <object>
        <name>player</name>
        <pose>Unspecified</pose>
        <truncated>0</truncated>
        <difficult>0</difficult>
        <bndbox>
            <xmin>129.93868885869566</xmin>
            <ymin>459.2964504076087</ymin>
            <xmax>206.02496603260894</xmax>
            <ymax>553.6632642663046</ymax>
        </bndbox>
    </object>    <object>
        <name>player</name>
        <pose>Unspecified</pose>
        <truncated>0</truncated>
        <difficult>0</difficult>
        <bndbox>
            <xmin>450.8539341517857</xmin>
            <ymin>320.86879185267856</ymin>
            <xmax>543.0714285714287</xmax>
            <ymax>425.97857142857214</ymax>
        </bndbox>
    </object>    <object>
        <name>player</name>
        <pose>Unspecified</pose>
        <truncated>0</truncated>
        <difficult>0</difficult>
        <bndbox>
            <xmin>515.1750139508929</xmin>
            <ymin>392.12109375</ymin>
            <xmax>577.6857142857158</xmax>
            <ymax>522.364285714287</ymax>
        </bndbox>
    </object>    <object>
        <name>player</name>
        <pose>Unspecified</pose>
        <truncated>0</truncated>
        <difficult>0</difficult>
        <bndbox>
            <xmin>387.9069754464295</xmin>
            <ymin>295.39320591517884</ymin>
            <xmax>460.9969596862796</xmax>
            <ymax>413.2652064732143</ymax>
        </bndbox>
    </object>
</annotation>
