<annotation>
    <folder></folder>
    <filename>frame_000134</filename>
    <path></path>
    <source>
        <database>Unknown</database>
    </source>
    <size>
        <width>1280</width>
        <height>720</height>
        <depth>3</depth>
    </size>
    <segmented>0</segmented>
    <object>
        <name>ref</name>
        <pose>Unspecified</pose>
        <truncated>0</truncated>
        <difficult>0</difficult>
        <bndbox>
            <xmin>39.3193359375</xmin>
            <ymin>399.5546875</ymin>
            <xmax>92.86171875000036</xmax>
            <ymax>507.8000000000011</ymax>
        </bndbox>
    </object>    <object>
        <name>player</name>
        <pose>Unspecified</pose>
        <truncated>0</truncated>
        <difficult>0</difficult>
        <bndbox>
            <xmin>109.01491168478337</xmin>
            <ymin>407.6918308423913</ymin>
            <xmax>177.26956680961294</xmax>
            <ymax>530.300205396569</ymax>
        </bndbox>
    </object>    <object>
        <name>keeper</name>
        <pose>Unspecified</pose>
        <truncated>0</truncated>
        <difficult>0</difficult>
        <bndbox>
            <xmin>559.5869140625</xmin>
            <ymin>279.2568359375</ymin>
            <xmax>651.7998046875</xmax>
            <ymax>365.9539062500007</ymax>
        </bndbox>
    </object>    <object>
        <name>player</name>
        <pose>Unspecified</pose>
        <truncated>0</truncated>
        <difficult>0</difficult>
        <bndbox>
            <xmin>809.548828125</xmin>
            <ymin>287.517578125</ymin>
            <xmax>870.1602120535728</xmax>
            <ymax>396.48939732142935</ymax>
        </bndbox>
    </object>    <object>
        <name>player</name>
        <pose>Unspecified</pose>
        <truncated>0</truncated>
        <difficult>0</difficult>
        <bndbox>
            <xmin>933.36328125</xmin>
            <ymin>377.32449776785717</ymin>
            <xmax>1002.9904301234664</xmax>
            <ymax>507.1714285714287</ymax>
        </bndbox>
    </object>    <object>
        <name>player</name>
        <pose>Unspecified</pose>
        <truncated>0</truncated>
        <difficult>0</difficult>
        <bndbox>
            <xmin>131.89406419836956</xmin>
            <ymin>457.3407778532609</ymin>
            <xmax>212.54859035326143</xmax>
            <ymax>552.0442170516307</ymax>
        </bndbox>
    </object>    <object>
        <name>player</name>
        <pose>Unspecified</pose>
        <truncated>0</truncated>
        <difficult>0</difficult>
        <bndbox>
            <xmin>443.3568638392857</xmin>
            <ymin>330.50697544642856</ymin>
            <xmax>540.3714285714289</xmax>
            <ymax>438.8285714285716</ymax>
        </bndbox>
    </object>    <object>
        <name>player</name>
        <pose>Unspecified</pose>
        <truncated>0</truncated>
        <difficult>0</difficult>
        <bndbox>
            <xmin>546.7682756696429</xmin>
            <ymin>392.12109375</ymin>
            <xmax>608.1857142857157</xmax>
            <ymax>529.3142857142868</ymax>
        </bndbox>
    </object>    <object>
        <name>player</name>
        <pose>Unspecified</pose>
        <truncated>0</truncated>
        <difficult>0</difficult>
        <bndbox>
            <xmin>415.21674107142877</xmin>
            <ymin>294.8540457589292</ymin>
            <xmax>487.21043548584043</xmax>
            <ymax>414.3364955357143</ymax>
        </bndbox>
    </object>
</annotation>
