<annotation>
    <folder></folder>
    <filename>frame_000097</filename>
    <path></path>
    <source>
        <database>Unknown</database>
    </source>
    <size>
        <width>1280</width>
        <height>720</height>
        <depth>3</depth>
    </size>
    <segmented>0</segmented>
    <object>
        <name>ref</name>
        <pose>Unspecified</pose>
        <truncated>0</truncated>
        <difficult>0</difficult>
        <bndbox>
            <xmin>0.0</xmin>
            <ymin>399.5546875</ymin>
            <xmax>28.895397186279297</xmax>
            <ymax>507.8286895751953</ymax>
        </bndbox>
    </object>    <object>
        <name>player</name>
        <pose>Unspecified</pose>
        <truncated>0</truncated>
        <difficult>0</difficult>
        <bndbox>
            <xmin>80.035888671875</xmin>
            <ymin>441.428955078125</ymin>
            <xmax>154.945068359375</xmax>
            <ymax>550.6873535156265</ymax>
        </bndbox>
    </object>    <object>
        <name>player</name>
        <pose>Unspecified</pose>
        <truncated>0</truncated>
        <difficult>0</difficult>
        <bndbox>
            <xmin>1123.6707519531255</xmin>
            <ymin>648.6591796875</ymin>
            <xmax>1217.1857433319092</xmax>
            <ymax>720.0</ymax>
        </bndbox>
    </object>    <object>
        <name>player</name>
        <pose>Unspecified</pose>
        <truncated>0</truncated>
        <difficult>0</difficult>
        <bndbox>
            <xmin>1053.520263671875</xmin>
            <ymin>431.5224609375</ymin>
            <xmax>1150.1944797515866</xmax>
            <ymax>565.5892089843755</ymax>
        </bndbox>
    </object>    <object>
        <name>keeper</name>
        <pose>Unspecified</pose>
        <truncated>0</truncated>
        <difficult>0</difficult>
        <bndbox>
            <xmin>478.3837890625</xmin>
            <ymin>274.89599609375</ymin>
            <xmax>576.212158203125</xmax>
            <ymax>361.5819335937513</ymax>
        </bndbox>
    </object>    <object>
        <name>player</name>
        <pose>Unspecified</pose>
        <truncated>0</truncated>
        <difficult>0</difficult>
        <bndbox>
            <xmin>577.95361328125</xmin>
            <ymin>270.879638671875</ymin>
            <xmax>628.5512207031252</xmax>
            <ymax>374.7965332031258</ymax>
        </bndbox>
    </object>    <object>
        <name>player</name>
        <pose>Unspecified</pose>
        <truncated>0</truncated>
        <difficult>0</difficult>
        <bndbox>
            <xmin>665.0500000000006</xmin>
            <ymin>347.18505859375</ymin>
            <xmax>755.2604484558105</xmax>
            <ymax>459.85000000000036</ymax>
        </bndbox>
    </object>    <object>
        <name>player</name>
        <pose>Unspecified</pose>
        <truncated>0</truncated>
        <difficult>0</difficult>
        <bndbox>
            <xmin>166.560302734375</xmin>
            <ymin>473.277099609375</ymin>
            <xmax>246.625</xmax>
            <ymax>576.2750000000001</ymax>
        </bndbox>
    </object>    <object>
        <name>player</name>
        <pose>Unspecified</pose>
        <truncated>0</truncated>
        <difficult>0</difficult>
        <bndbox>
            <xmin>384.990234375</xmin>
            <ymin>278.374755859375</ymin>
            <xmax>456.69082031250036</xmax>
            <ymax>388.7124511718757</ymax>
        </bndbox>
    </object>    <object>
        <name>player</name>
        <pose>Unspecified</pose>
        <truncated>0</truncated>
        <difficult>0</difficult>
        <bndbox>
            <xmin>365.1640625</xmin>
            <ymin>376.3251953125</ymin>
            <xmax>448.8000000000011</xmax>
            <ymax>492.47500000000036</ymax>
        </bndbox>
    </object>    <object>
        <name>player</name>
        <pose>Unspecified</pose>
        <truncated>0</truncated>
        <difficult>0</difficult>
        <bndbox>
            <xmin>274.16357421875</xmin>
            <ymin>280.785400390625</ymin>
            <xmax>343.74521484375146</xmax>
            <ymax>397.497314453125</ymax>
        </bndbox>
    </object>
</annotation>
