<annotation>
    <folder></folder>
    <filename>frame_000481</filename>
    <path></path>
    <source>
        <database>Unknown</database>
    </source>
    <size>
        <width>1280</width>
        <height>720</height>
        <depth>3</depth>
    </size>
    <segmented>0</segmented>
    <object>
        <name>player</name>
        <pose>Unspecified</pose>
        <truncated>0</truncated>
        <difficult>0</difficult>
        <bndbox>
            <xmin>685.0481305803571</xmin>
            <ymin>250.11077008928572</ymin>
            <xmax>745.3015811011919</xmax>
            <ymax>344.6976624503972</ymax>
        </bndbox>
    </object>    <object>
        <name>player</name>
        <pose>Unspecified</pose>
        <truncated>0</truncated>
        <difficult>0</difficult>
        <bndbox>
            <xmin>178.64285714285754</xmin>
            <ymin>222.64571707589286</ymin>
            <xmax>237.83391625540597</xmax>
            <ymax>307.5928571428585</ymax>
        </bndbox>
    </object>    <object>
        <name>player</name>
        <pose>Unspecified</pose>
        <truncated>0</truncated>
        <difficult>0</difficult>
        <bndbox>
            <xmin>1088.2006655092594</xmin>
            <ymin>379.66948784722223</ymin>
            <xmax>1148.577777777779</xmax>
            <ymax>506.6111111111118</ymax>
        </bndbox>
    </object>    <object>
        <name>player</name>
        <pose>Unspecified</pose>
        <truncated>0</truncated>
        <difficult>0</difficult>
        <bndbox>
            <xmin>946.2826450892857</xmin>
            <ymin>257.5419224330357</ymin>
            <xmax>995.7458105985454</xmax>
            <ymax>342.92963221312976</ymax>
        </bndbox>
    </object>    <object>
        <name>player</name>
        <pose>Unspecified</pose>
        <truncated>0</truncated>
        <difficult>0</difficult>
        <bndbox>
            <xmin>226.41661551339388</xmin>
            <ymin>261.4369419642857</ymin>
            <xmax>263.7371963985383</xmax>
            <ymax>383.746924603175</ymax>
        </bndbox>
    </object>    <object>
        <name>player</name>
        <pose>Unspecified</pose>
        <truncated>0</truncated>
        <difficult>0</difficult>
        <bndbox>
            <xmin>223.42962962963</xmin>
            <ymin>527.3028428819445</ymin>
            <xmax>336.45043097601996</xmax>
            <ymax>684.4481481481484</ymax>
        </bndbox>
    </object>    <object>
        <name>ref</name>
        <pose>Unspecified</pose>
        <truncated>0</truncated>
        <difficult>0</difficult>
        <bndbox>
            <xmin>1066.3577706473213</xmin>
            <ymin>191.18059430803572</ymin>
            <xmax>1123.9422179852859</xmax>
            <ymax>284.67404048859134</ymax>
        </bndbox>
    </object>    <object>
        <name>player</name>
        <pose>Unspecified</pose>
        <truncated>0</truncated>
        <difficult>0</difficult>
        <bndbox>
            <xmin>511.6547236689822</xmin>
            <ymin>219.09353298611111</ymin>
            <xmax>552.5989622045446</xmax>
            <ymax>322.3604673032422</ymax>
        </bndbox>
    </object>    <object>
        <name>player</name>
        <pose>Unspecified</pose>
        <truncated>0</truncated>
        <difficult>0</difficult>
        <bndbox>
            <xmin>354.89259259259336</xmin>
            <ymin>376.93778935185185</ymin>
            <xmax>423.7187816478588</xmax>
            <ymax>499.10000000000036</ymax>
        </bndbox>
    </object>
</annotation>
