<annotation>
    <folder></folder>
    <filename>frame_000457</filename>
    <path></path>
    <source>
        <database>Unknown</database>
    </source>
    <size>
        <width>1280</width>
        <height>720</height>
        <depth>3</depth>
    </size>
    <segmented>0</segmented>
    <object>
        <name>player</name>
        <pose>Unspecified</pose>
        <truncated>0</truncated>
        <difficult>0</difficult>
        <bndbox>
            <xmin>705.3738731971154</xmin>
            <ymin>272.60486778846155</ymin>
            <xmax>755.1726362179495</xmax>
            <ymax>390.0334268162394</ymax>
        </bndbox>
    </object>    <object>
        <name>player</name>
        <pose>Unspecified</pose>
        <truncated>0</truncated>
        <difficult>0</difficult>
        <bndbox>
            <xmin>246.79158653846164</xmin>
            <ymin>211.66338641826923</ymin>
            <xmax>304.4492192195024</xmax>
            <ymax>306.8846153846164</ymax>
        </bndbox>
    </object>    <object>
        <name>player</name>
        <pose>Unspecified</pose>
        <truncated>0</truncated>
        <difficult>0</difficult>
        <bndbox>
            <xmin>1092.0088252314815</xmin>
            <ymin>388.23719618055554</ymin>
            <xmax>1155.2444444444454</xmax>
            <ymax>528.4777777777789</ymax>
        </bndbox>
    </object>    <object>
        <name>player</name>
        <pose>Unspecified</pose>
        <truncated>0</truncated>
        <difficult>0</difficult>
        <bndbox>
            <xmin>968.7767427884615</xmin>
            <ymin>265.15737680288464</ymin>
            <xmax>1018.2371305199442</xmax>
            <ymax>367.6407463052002</ymax>
        </bndbox>
    </object>    <object>
        <name>player</name>
        <pose>Unspecified</pose>
        <truncated>0</truncated>
        <difficult>0</difficult>
        <bndbox>
            <xmin>136.7120643028846</xmin>
            <ymin>286.2761418269231</ymin>
            <xmax>196.9234431209734</xmax>
            <ymax>409.52414529914535</ymax>
        </bndbox>
    </object>    <object>
        <name>player</name>
        <pose>Unspecified</pose>
        <truncated>0</truncated>
        <difficult>0</difficult>
        <bndbox>
            <xmin>87.34074074074077</xmin>
            <ymin>532.0632595486111</ymin>
            <xmax>161.28897264268664</xmax>
            <ymax>656.8037037037037</ymax>
        </bndbox>
    </object>    <object>
        <name>ref</name>
        <pose>Unspecified</pose>
        <truncated>0</truncated>
        <difficult>0</difficult>
        <bndbox>
            <xmin>1168.81640625</xmin>
            <ymin>198.796875</ymin>
            <xmax>1215.9447771990751</xmax>
            <ymax>300.85177951388965</ymax>
        </bndbox>
    </object>    <object>
        <name>player</name>
        <pose>Unspecified</pose>
        <truncated>0</truncated>
        <difficult>0</difficult>
        <bndbox>
            <xmin>474.5680917245371</xmin>
            <ymin>229.56488715277777</ymin>
            <xmax>526.8958385608801</xmax>
            <ymax>321.41168258102</ymax>
        </bndbox>
    </object>    <object>
        <name>player</name>
        <pose>Unspecified</pose>
        <truncated>0</truncated>
        <difficult>0</difficult>
        <bndbox>
            <xmin>263.5148148148162</xmin>
            <ymin>371.2259837962963</ymin>
            <xmax>337.08996355975114</xmax>
            <ymax>499.10000000000036</ymax>
        </bndbox>
    </object>
</annotation>
