<annotation>
    <folder></folder>
    <filename>frame_000133</filename>
    <path></path>
    <source>
        <database>Unknown</database>
    </source>
    <size>
        <width>1280</width>
        <height>720</height>
        <depth>3</depth>
    </size>
    <segmented>0</segmented>
    <object>
        <name>ref</name>
        <pose>Unspecified</pose>
        <truncated>0</truncated>
        <difficult>0</difficult>
        <bndbox>
            <xmin>38.630859375</xmin>
            <ymin>399.5546875</ymin>
            <xmax>92.17324218750036</xmax>
            <ymax>507.8000000000011</ymax>
        </bndbox>
    </object>    <object>
        <name>player</name>
        <pose>Unspecified</pose>
        <truncated>0</truncated>
        <difficult>0</difficult>
        <bndbox>
            <xmin>109.38899456521808</xmin>
            <ymin>408.7183254076087</ymin>
            <xmax>177.13043624214524</xmax>
            <ymax>530.3001882801884</ymax>
        </bndbox>
    </object>    <object>
        <name>keeper</name>
        <pose>Unspecified</pose>
        <truncated>0</truncated>
        <difficult>0</difficult>
        <bndbox>
            <xmin>557.7509765625</xmin>
            <ymin>279.02734375</ymin>
            <xmax>649.9638671875</xmax>
            <ymax>365.7244140625007</ymax>
        </bndbox>
    </object>    <object>
        <name>player</name>
        <pose>Unspecified</pose>
        <truncated>0</truncated>
        <difficult>0</difficult>
        <bndbox>
            <xmin>803.123046875</xmin>
            <ymin>286.599609375</ymin>
            <xmax>864.0403180803585</xmax>
            <ymax>394.88409598214366</ymax>
        </bndbox>
    </object>    <object>
        <name>player</name>
        <pose>Unspecified</pose>
        <truncated>0</truncated>
        <difficult>0</difficult>
        <bndbox>
            <xmin>926.7080078125</xmin>
            <ymin>376.3300083705357</ymin>
            <xmax>996.3356451851989</xmax>
            <ymax>505.25714285714304</ymax>
        </bndbox>
    </object>    <object>
        <name>player</name>
        <pose>Unspecified</pose>
        <truncated>0</truncated>
        <difficult>0</difficult>
        <bndbox>
            <xmin>131.61472486413044</xmin>
            <ymin>457.6201596467391</ymin>
            <xmax>211.61664402173966</xmax>
            <ymax>552.2755095108697</ymax>
        </bndbox>
    </object>    <object>
        <name>player</name>
        <pose>Unspecified</pose>
        <truncated>0</truncated>
        <difficult>0</difficult>
        <bndbox>
            <xmin>444.42787388392856</xmin>
            <ymin>329.13009207589283</ymin>
            <xmax>540.7571428571431</xmax>
            <ymax>436.99285714285736</ymax>
        </bndbox>
    </object>    <object>
        <name>player</name>
        <pose>Unspecified</pose>
        <truncated>0</truncated>
        <difficult>0</difficult>
        <bndbox>
            <xmin>542.2549525669643</xmin>
            <ymin>392.12109375</ymin>
            <xmax>603.8285714285729</xmax>
            <ymax>528.3214285714297</ymax>
        </bndbox>
    </object>    <object>
        <name>player</name>
        <pose>Unspecified</pose>
        <truncated>0</truncated>
        <difficult>0</difficult>
        <bndbox>
            <xmin>411.3153459821432</xmin>
            <ymin>294.9310686383934</ymin>
            <xmax>483.46565322876035</xmax>
            <ymax>414.18345424107144</ymax>
        </bndbox>
    </object>
</annotation>
