<annotation>
    <folder></folder>
    <filename>frame_000115</filename>
    <path></path>
    <source>
        <database>Unknown</database>
    </source>
    <size>
        <width>1280</width>
        <height>720</height>
        <depth>3</depth>
    </size>
    <segmented>0</segmented>
    <object>
        <name>ref</name>
        <pose>Unspecified</pose>
        <truncated>0</truncated>
        <difficult>0</difficult>
        <bndbox>
            <xmin>17.46990966796875</xmin>
            <ymin>399.5546875</ymin>
            <xmax>67.7125000000002</xmax>
            <ymax>506.4000000000008</ymax>
        </bndbox>
    </object>    <object>
        <name>player</name>
        <pose>Unspecified</pose>
        <truncated>0</truncated>
        <difficult>0</difficult>
        <bndbox>
            <xmin>102.72705078125</xmin>
            <ymin>425.1640625</ymin>
            <xmax>170.42886962890645</xmax>
            <ymax>535.002868652345</ymax>
        </bndbox>
    </object>    <object>
        <name>player</name>
        <pose>Unspecified</pose>
        <truncated>0</truncated>
        <difficult>0</difficult>
        <bndbox>
            <xmin>1248.73828125</xmin>
            <ymin>470.3427734375</ymin>
            <xmax>1280.0</xmax>
            <ymax>614.8595703125011</ymax>
        </bndbox>
    </object>    <object>
        <name>keeper</name>
        <pose>Unspecified</pose>
        <truncated>0</truncated>
        <difficult>0</difficult>
        <bndbox>
            <xmin>519.7506103515625</xmin>
            <ymin>276.5029296875</ymin>
            <xmax>611.9635009765625</xmax>
            <ymax>363.2000000000007</ymax>
        </bndbox>
    </object>    <object>
        <name>player</name>
        <pose>Unspecified</pose>
        <truncated>0</truncated>
        <difficult>0</difficult>
        <bndbox>
            <xmin>682.7738037109375</xmin>
            <ymin>273.690673828125</ymin>
            <xmax>747.0558349609382</xmax>
            <ymax>374.4145019531261</ymax>
        </bndbox>
    </object>    <object>
        <name>player</name>
        <pose>Unspecified</pose>
        <truncated>0</truncated>
        <difficult>0</difficult>
        <bndbox>
            <xmin>787.9187500000002</xmin>
            <ymin>358.83111572265625</ymin>
            <xmax>879.5587792396545</xmax>
            <ymax>475.31875000000105</ymax>
        </bndbox>
    </object>    <object>
        <name>player</name>
        <pose>Unspecified</pose>
        <truncated>0</truncated>
        <difficult>0</difficult>
        <bndbox>
            <xmin>136.0384521484375</xmin>
            <ymin>465.84722900390625</ymin>
            <xmax>208.8616943359375</xmax>
            <ymax>559.9735961914066</ymax>
        </bndbox>
    </object>    <object>
        <name>player</name>
        <pose>Unspecified</pose>
        <truncated>0</truncated>
        <difficult>0</difficult>
        <bndbox>
            <xmin>439.80999755859375</xmin>
            <ymin>302.27056884765625</ymin>
            <xmax>521.1239501953127</xmax>
            <ymax>408.37709960937593</ymax>
        </bndbox>
    </object>    <object>
        <name>player</name>
        <pose>Unspecified</pose>
        <truncated>0</truncated>
        <difficult>0</difficult>
        <bndbox>
            <xmin>457.93609619140625</xmin>
            <ymin>385.56158447265625</ymin>
            <xmax>528.7312500000013</xmax>
            <ymax>508.956250000001</ymax>
        </bndbox>
    </object>    <object>
        <name>player</name>
        <pose>Unspecified</pose>
        <truncated>0</truncated>
        <difficult>0</difficult>
        <bndbox>
            <xmin>341.22774658203207</xmin>
            <ymin>292.03009033203125</ymin>
            <xmax>413.22330408096377</xmax>
            <ymax>408.74749755859375</ymax>
        </bndbox>
    </object>
</annotation>
