<annotation>
    <folder></folder>
    <filename>frame_000395</filename>
    <path></path>
    <source>
        <database>Unknown</database>
    </source>
    <size>
        <width>1280</width>
        <height>720</height>
        <depth>3</depth>
    </size>
    <segmented>0</segmented>
    <object>
        <name>player</name>
        <pose>Unspecified</pose>
        <truncated>0</truncated>
        <difficult>0</difficult>
        <bndbox>
            <xmin>814.0289550781258</xmin>
            <ymin>364.593994140625</ymin>
            <xmax>878.0393035888669</xmax>
            <ymax>499.9096191406261</ymax>
        </bndbox>
    </object>    <object>
        <name>player</name>
        <pose>Unspecified</pose>
        <truncated>0</truncated>
        <difficult>0</difficult>
        <bndbox>
            <xmin>572.852783203125</xmin>
            <ymin>218.99169921875</ymin>
            <xmax>644.9009788513185</xmax>
            <ymax>314.0029296875009</ymax>
        </bndbox>
    </object>    <object>
        <name>player</name>
        <pose>Unspecified</pose>
        <truncated>0</truncated>
        <difficult>0</difficult>
        <bndbox>
            <xmin>1194.5263671875</xmin>
            <ymin>457.0341796875</ymin>
            <xmax>1280.0</xmax>
            <ymax>621.3714285714296</ymax>
        </bndbox>
    </object>    <object>
        <name>player</name>
        <pose>Unspecified</pose>
        <truncated>0</truncated>
        <difficult>0</difficult>
        <bndbox>
            <xmin>1161.9697265625</xmin>
            <ymin>275.0735677083333</ymin>
            <xmax>1216.7666666666676</xmax>
            <ymax>389.0000000000012</ymax>
        </bndbox>
    </object>    <object>
        <name>player</name>
        <pose>Unspecified</pose>
        <truncated>0</truncated>
        <difficult>0</difficult>
        <bndbox>
            <xmin>26.478794642857142</xmin>
            <ymin>312.0414341517857</ymin>
            <xmax>101.13577052525216</xmax>
            <ymax>417.09815848214384</ymax>
        </bndbox>
    </object>    <object>
        <name>player</name>
        <pose>Unspecified</pose>
        <truncated>0</truncated>
        <difficult>0</difficult>
        <bndbox>
            <xmin>455.5589355468751</xmin>
            <ymin>283.717529296875</ymin>
            <xmax>529.5740726470958</xmax>
            <ymax>387.2000000000012</ymax>
        </bndbox>
    </object>    <object>
        <name>player</name>
        <pose>Unspecified</pose>
        <truncated>0</truncated>
        <difficult>0</difficult>
        <bndbox>
            <xmin>156.85000000000127</xmin>
            <ymin>365.662353515625</ymin>
            <xmax>262.3995113372803</xmax>
            <ymax>472.5750000000012</ymax>
        </bndbox>
    </object>
</annotation>
