<annotation>
    <folder></folder>
    <filename>frame_000005</filename>
    <path></path>
    <source>
        <database>Unknown</database>
    </source>
    <size>
        <width>1280</width>
        <height>720</height>
        <depth>3</depth>
    </size>
    <segmented>0</segmented>
    <object>
        <name>player</name>
        <pose>Unspecified</pose>
        <truncated>0</truncated>
        <difficult>0</difficult>
        <bndbox>
            <xmin>158.5104782516892</xmin>
            <ymin>472.28338788006755</ymin>
            <xmax>240.85193201013533</xmax>
            <ymax>590.8478542018582</ymax>
        </bndbox>
    </object>    <object>
        <name>player</name>
        <pose>Unspecified</pose>
        <truncated>0</truncated>
        <difficult>0</difficult>
        <bndbox>
            <xmin>778.5673828125</xmin>
            <ymin>614.388671875</ymin>
            <xmax>897.4438781738281</xmax>
            <ymax>720.0</ymax>
        </bndbox>
    </object>    <object>
        <name>player</name>
        <pose>Unspecified</pose>
        <truncated>0</truncated>
        <difficult>0</difficult>
        <bndbox>
            <xmin>964.6519531250001</xmin>
            <ymin>293.90478515625</ymin>
            <xmax>1038.2739715576172</xmax>
            <ymax>399.927188873291</ymax>
        </bndbox>
    </object>    <object>
        <name>keeper</name>
        <pose>Unspecified</pose>
        <truncated>0</truncated>
        <difficult>0</difficult>
        <bndbox>
            <xmin>544.02734375</xmin>
            <ymin>274.091796875</ymin>
            <xmax>653.2652053833008</xmax>
            <ymax>370.47814178466797</ymax>
        </bndbox>
    </object>    <object>
        <name>player</name>
        <pose>Unspecified</pose>
        <truncated>0</truncated>
        <difficult>0</difficult>
        <bndbox>
            <xmin>384.7024414062503</xmin>
            <ymin>351.737060546875</ymin>
            <xmax>481.64349937438965</xmax>
            <ymax>474.1010726928712</ymax>
        </bndbox>
    </object>    <object>
        <name>ref</name>
        <pose>Unspecified</pose>
        <truncated>0</truncated>
        <difficult>0</difficult>
        <bndbox>
            <xmin>33.71484375</xmin>
            <ymin>441.4296875</ymin>
            <xmax>84.0499382019043</xmax>
            <ymax>541.0289154052734</ymax>
        </bndbox>
    </object>    <object>
        <name>player</name>
        <pose>Unspecified</pose>
        <truncated>0</truncated>
        <difficult>0</difficult>
        <bndbox>
            <xmin>435.60366210937536</xmin>
            <ymin>327.1044921875</ymin>
            <xmax>499.5818099975586</xmax>
            <ymax>436.8808643341067</ymax>
        </bndbox>
    </object>    <object>
        <name>player</name>
        <pose>Unspecified</pose>
        <truncated>0</truncated>
        <difficult>0</difficult>
        <bndbox>
            <xmin>241.49184570312536</xmin>
            <ymin>364.0486328125003</ymin>
            <xmax>349.3794975280762</xmax>
            <ymax>490.15998458862305</ymax>
        </bndbox>
    </object>    <object>
        <name>player</name>
        <pose>Unspecified</pose>
        <truncated>0</truncated>
        <difficult>0</difficult>
        <bndbox>
            <xmin>258.88427734375</xmin>
            <ymin>268.468994140625</ymin>
            <xmax>348.8376667022708</xmax>
            <ymax>376.6318180084231</ymax>
        </bndbox>
    </object>    <object>
        <name>player</name>
        <pose>Unspecified</pose>
        <truncated>0</truncated>
        <difficult>0</difficult>
        <bndbox>
            <xmin>233.18964843750018</xmin>
            <ymin>322.552001953125</ymin>
            <xmax>317.29653282165555</xmax>
            <ymax>450.24033203125146</ymax>
        </bndbox>
    </object>    <object>
        <name>player</name>
        <pose>Unspecified</pose>
        <truncated>0</truncated>
        <difficult>0</difficult>
        <bndbox>
            <xmin>203.73330078125036</xmin>
            <ymin>287.211181640625</ymin>
            <xmax>265.8448944091797</xmax>
            <ymax>392.95863609313983</ymax>
        </bndbox>
    </object>
</annotation>
