<annotation>
    <folder></folder>
    <filename>frame_000000</filename>
    <path></path>
    <source>
        <database>Unknown</database>
    </source>
    <size>
        <width>1280</width>
        <height>720</height>
        <depth>3</depth>
    </size>
    <segmented>0</segmented>
    <object>
        <name>player</name>
        <pose>Unspecified</pose>
        <truncated>0</truncated>
        <difficult>0</difficult>
        <bndbox>
            <xmin>161.6943359375</xmin>
            <ymin>471.4150390625</ymin>
            <xmax>242.01629638671875</xmax>
            <ymax>592.4334564208984</ymax>
        </bndbox>
    </object>    <object>
        <name>player</name>
        <pose>Unspecified</pose>
        <truncated>0</truncated>
        <difficult>0</difficult>
        <bndbox>
            <xmin>775.3544921875</xmin>
            <ymin>612.7822265625</ymin>
            <xmax>894.2309875488281</xmax>
            <ymax>720.0</ymax>
        </bndbox>
    </object>    <object>
        <name>player</name>
        <pose>Unspecified</pose>
        <truncated>0</truncated>
        <difficult>0</difficult>
        <bndbox>
            <xmin>978.8359375</xmin>
            <ymin>288.2822265625</ymin>
            <xmax>1051.6611785888672</xmax>
            <ymax>393.2362518310547</ymax>
        </bndbox>
    </object>    <object>
        <name>keeper</name>
        <pose>Unspecified</pose>
        <truncated>0</truncated>
        <difficult>0</difficult>
        <bndbox>
            <xmin>547.240234375</xmin>
            <ymin>274.359375</ymin>
            <xmax>656.4780960083008</xmax>
            <ymax>370.74571990966797</ymax>
        </bndbox>
    </object>    <object>
        <name>player</name>
        <pose>Unspecified</pose>
        <truncated>0</truncated>
        <difficult>0</difficult>
        <bndbox>
            <xmin>380.169921875</xmin>
            <ymin>365.3916015625</ymin>
            <xmax>482.9820251464844</xmax>
            <ymax>484.2680969238281</ymax>
        </bndbox>
    </object>    <object>
        <name>ref</name>
        <pose>Unspecified</pose>
        <truncated>0</truncated>
        <difficult>0</difficult>
        <bndbox>
            <xmin>41.7470703125</xmin>
            <ymin>444.642578125</ymin>
            <xmax>92.0821647644043</xmax>
            <ymax>544.2418060302734</ymax>
        </bndbox>
    </object>    <object>
        <name>player</name>
        <pose>Unspecified</pose>
        <truncated>0</truncated>
        <difficult>0</difficult>
        <bndbox>
            <xmin>430.5048828125</xmin>
            <ymin>335.404296875</ymin>
            <xmax>488.3366928100586</xmax>
            <ymax>436.0744857788086</ymax>
        </bndbox>
    </object>    <object>
        <name>player</name>
        <pose>Unspecified</pose>
        <truncated>0</truncated>
        <difficult>0</difficult>
        <bndbox>
            <xmin>227.0224609375</xmin>
            <ymin>358.96484375</ymin>
            <xmax>335.1893615722656</xmax>
            <ymax>487.47998046875</ymax>
        </bndbox>
    </object>    <object>
        <name>player</name>
        <pose>Unspecified</pose>
        <truncated>0</truncated>
        <difficult>0</difficult>
        <bndbox>
            <xmin>254.8681640625</xmin>
            <ymin>271.146484375</ymin>
            <xmax>350.18355560302734</xmax>
            <ymax>378.24242401123047</ymax>
        </bndbox>
    </object>    <object>
        <name>player</name>
        <pose>Unspecified</pose>
        <truncated>0</truncated>
        <difficult>0</difficult>
        <bndbox>
            <xmin>234.51953125</xmin>
            <ymin>320.41015625</ymin>
            <xmax>320.24160156250036</xmax>
            <ymax>445.68710937500146</ymax>
        </bndbox>
    </object>    <object>
        <name>player</name>
        <pose>Unspecified</pose>
        <truncated>0</truncated>
        <difficult>0</difficult>
        <bndbox>
            <xmin>199.177734375</xmin>
            <ymin>291.4951171875</ymin>
            <xmax>261.2933807373047</xmax>
            <ymax>395.37818145751953</ymax>
        </bndbox>
    </object>
</annotation>
