<annotation>
    <folder></folder>
    <filename>frame_000236</filename>
    <path></path>
    <source>
        <database>Unknown</database>
    </source>
    <size>
        <width>1280</width>
        <height>720</height>
        <depth>3</depth>
    </size>
    <segmented>0</segmented>
    <object>
        <name>player</name>
        <pose>Unspecified</pose>
        <truncated>0</truncated>
        <difficult>0</difficult>
        <bndbox>
            <xmin>36.3603515625</xmin>
            <ymin>296.80078125</ymin>
            <xmax>102.82343750000109</xmax>
            <ymax>423.1642578125011</ymax>
        </bndbox>
    </object>    <object>
        <name>keeper</name>
        <pose>Unspecified</pose>
        <truncated>0</truncated>
        <difficult>0</difficult>
        <bndbox>
            <xmin>415.5</xmin>
            <ymin>275.431640625</ymin>
            <xmax>515.2457046508789</xmax>
            <ymax>387.90000000000146</ymax>
        </bndbox>
    </object>    <object>
        <name>player</name>
        <pose>Unspecified</pose>
        <truncated>0</truncated>
        <difficult>0</difficult>
        <bndbox>
            <xmin>925.2109375</xmin>
            <ymin>246.5146484375</ymin>
            <xmax>1000.1000000000004</xmax>
            <ymax>338.60000000000036</ymax>
        </bndbox>
    </object>    <object>
        <name>player</name>
        <pose>Unspecified</pose>
        <truncated>0</truncated>
        <difficult>0</difficult>
        <bndbox>
            <xmin>1109.4384765625</xmin>
            <ymin>608.5009765625</ymin>
            <xmax>1193.0</xmax>
            <ymax>720.0</ymax>
        </bndbox>
    </object>    <object>
        <name>player</name>
        <pose>Unspecified</pose>
        <truncated>0</truncated>
        <difficult>0</difficult>
        <bndbox>
            <xmin>354.60000000000036</xmin>
            <ymin>438.203125</ymin>
            <xmax>474.47520446777344</xmax>
            <ymax>575.2000000000007</ymax>
        </bndbox>
    </object>    <object>
        <name>player</name>
        <pose>Unspecified</pose>
        <truncated>0</truncated>
        <difficult>0</difficult>
        <bndbox>
            <xmin>111.40000000000146</xmin>
            <ymin>280.783203125</ymin>
            <xmax>204.39258575439453</xmax>
            <ymax>396.5</ymax>
        </bndbox>
    </object>    <object>
        <name>player</name>
        <pose>Unspecified</pose>
        <truncated>0</truncated>
        <difficult>0</difficult>
        <bndbox>
            <xmin>518.3115234375</xmin>
            <ymin>331.0771484375</ymin>
            <xmax>586.9000000000015</xmax>
            <ymax>468.10000000000036</ymax>
        </bndbox>
    </object>    <object>
        <name>player</name>
        <pose>Unspecified</pose>
        <truncated>0</truncated>
        <difficult>0</difficult>
        <bndbox>
            <xmin>305.2000000000007</xmin>
            <ymin>251.8603515625</ymin>
            <xmax>372.5392532348633</xmax>
            <ymax>361.0</ymax>
        </bndbox>
    </object>
</annotation>
