<annotation>
    <folder></folder>
    <filename>frame_000268</filename>
    <path></path>
    <source>
        <database>Unknown</database>
    </source>
    <size>
        <width>1280</width>
        <height>720</height>
        <depth>3</depth>
    </size>
    <segmented>0</segmented>
    <object>
        <name>player</name>
        <pose>Unspecified</pose>
        <truncated>0</truncated>
        <difficult>0</difficult>
        <bndbox>
            <xmin>64.62195490056853</xmin>
            <ymin>319.48757102272725</ymin>
            <xmax>126.67549431132755</xmax>
            <ymax>415.9242036054483</ymax>
        </bndbox>
    </object>    <object>
        <name>keeper</name>
        <pose>Unspecified</pose>
        <truncated>0</truncated>
        <difficult>0</difficult>
        <bndbox>
            <xmin>362.1554509943182</xmin>
            <ymin>279.78457919034093</ymin>
            <xmax>419.09041193181855</xmax>
            <ymax>399.76875887784166</ymax>
        </bndbox>
    </object>    <object>
        <name>player</name>
        <pose>Unspecified</pose>
        <truncated>0</truncated>
        <difficult>0</difficult>
        <bndbox>
            <xmin>688.1018732244319</xmin>
            <ymin>239.58491654829547</ymin>
            <xmax>746.8309690200082</xmax>
            <ymax>323.8529542321193</ymax>
        </bndbox>
    </object>    <object>
        <name>player</name>
        <pose>Unspecified</pose>
        <truncated>0</truncated>
        <difficult>0</difficult>
        <bndbox>
            <xmin>494.4100000000011</xmin>
            <ymin>423.6044921875</ymin>
            <xmax>578.0673446655273</xmax>
            <ymax>548.4100000000001</ymax>
        </bndbox>
    </object>    <object>
        <name>player</name>
        <pose>Unspecified</pose>
        <truncated>0</truncated>
        <difficult>0</difficult>
        <bndbox>
            <xmin>157.55909090909196</xmin>
            <ymin>271.20698686079544</ymin>
            <xmax>228.93048390475187</xmax>
            <ymax>378.97272727272866</ymax>
        </bndbox>
    </object>    <object>
        <name>player</name>
        <pose>Unspecified</pose>
        <truncated>0</truncated>
        <difficult>0</difficult>
        <bndbox>
            <xmin>466.5221502130682</xmin>
            <ymin>316.17848899147725</ymin>
            <xmax>529.2810097434308</xmax>
            <ymax>441.9954545454559</ymax>
        </bndbox>
    </object>    <object>
        <name>player</name>
        <pose>Unspecified</pose>
        <truncated>0</truncated>
        <difficult>0</difficult>
        <bndbox>
            <xmin>288.49962713068186</xmin>
            <ymin>239.4809836647728</ymin>
            <xmax>357.5601917613636</xmax>
            <ymax>331.2526189630682</ymax>
        </bndbox>
    </object>
</annotation>
