<annotation>
    <folder></folder>
    <filename>frame_000213</filename>
    <path></path>
    <source>
        <database>Unknown</database>
    </source>
    <size>
        <width>1280</width>
        <height>720</height>
        <depth>3</depth>
    </size>
    <segmented>0</segmented>
    <object>
        <name>player</name>
        <pose>Unspecified</pose>
        <truncated>0</truncated>
        <difficult>0</difficult>
        <bndbox>
            <xmin>67.86898643092105</xmin>
            <ymin>303.7905530427632</ymin>
            <xmax>134.33207236842213</xmax>
            <ymax>430.15402960526427</ymax>
        </bndbox>
    </object>    <object>
        <name>keeper</name>
        <pose>Unspecified</pose>
        <truncated>0</truncated>
        <difficult>0</difficult>
        <bndbox>
            <xmin>511.2318564967105</xmin>
            <ymin>276.5029296875</ymin>
            <xmax>606.728536184212</xmax>
            <ymax>371.8000000000011</ymax>
        </bndbox>
    </object>    <object>
        <name>player</name>
        <pose>Unspecified</pose>
        <truncated>0</truncated>
        <difficult>0</difficult>
        <bndbox>
            <xmin>1036.3095189144738</xmin>
            <ymin>259.6479235197368</ymin>
            <xmax>1115.4526315789478</xmax>
            <ymax>366.67368421052714</ymax>
        </bndbox>
    </object>    <object>
        <name>player</name>
        <pose>Unspecified</pose>
        <truncated>0</truncated>
        <difficult>0</difficult>
        <bndbox>
            <xmin>1087.238435444079</xmin>
            <ymin>543.6789679276316</ymin>
            <xmax>1215.002631578947</xmax>
            <ymax>703.8109888980266</ymax>
        </bndbox>
    </object>    <object>
        <name>player</name>
        <pose>Unspecified</pose>
        <truncated>0</truncated>
        <difficult>0</difficult>
        <bndbox>
            <xmin>331.6953536184213</xmin>
            <ymin>440.6829255756579</ymin>
            <xmax>422.2805374948601</xmax>
            <ymax>583.973684210527</ymax>
        </bndbox>
    </object>    <object>
        <name>player</name>
        <pose>Unspecified</pose>
        <truncated>0</truncated>
        <difficult>0</difficult>
        <bndbox>
            <xmin>152.77953330592152</xmin>
            <ymin>304.40064761513156</ymin>
            <xmax>245.3705940648128</xmax>
            <ymax>418.12041529605284</ymax>
        </bndbox>
    </object>    <object>
        <name>player</name>
        <pose>Unspecified</pose>
        <truncated>0</truncated>
        <difficult>0</difficult>
        <bndbox>
            <xmin>590.2351459703948</xmin>
            <ymin>346.35238486842104</ymin>
            <xmax>681.3157894736852</xmax>
            <ymax>492.0842105263164</ymax>
        </bndbox>
    </object>    <object>
        <name>player</name>
        <pose>Unspecified</pose>
        <truncated>0</truncated>
        <difficult>0</difficult>
        <bndbox>
            <xmin>375.0054995888158</xmin>
            <ymin>267.4739925986842</ymin>
            <xmax>443.61755804764624</xmax>
            <ymax>376.5842105263162</ymax>
        </bndbox>
    </object>
</annotation>
