<annotation>
    <folder></folder>
    <filename>frame_000006</filename>
    <path></path>
    <source>
        <database>Unknown</database>
    </source>
    <size>
        <width>1280</width>
        <height>720</height>
        <depth>3</depth>
    </size>
    <segmented>0</segmented>
    <object>
        <name>player</name>
        <pose>Unspecified</pose>
        <truncated>0</truncated>
        <difficult>0</difficult>
        <bndbox>
            <xmin>157.87370671452703</xmin>
            <ymin>472.4570576435811</ymin>
            <xmax>240.61905913481866</xmax>
            <ymax>590.5307337580501</ymax>
        </bndbox>
    </object>    <object>
        <name>player</name>
        <pose>Unspecified</pose>
        <truncated>0</truncated>
        <difficult>0</difficult>
        <bndbox>
            <xmin>779.2099609375</xmin>
            <ymin>614.7099609375</ymin>
            <xmax>898.0864562988281</xmax>
            <ymax>720.0</ymax>
        </bndbox>
    </object>    <object>
        <name>player</name>
        <pose>Unspecified</pose>
        <truncated>0</truncated>
        <difficult>0</difficult>
        <bndbox>
            <xmin>961.8151562500001</xmin>
            <ymin>295.029296875</ymin>
            <xmax>1035.5965301513672</xmax>
            <ymax>401.26537628173827</ymax>
        </bndbox>
    </object>    <object>
        <name>keeper</name>
        <pose>Unspecified</pose>
        <truncated>0</truncated>
        <difficult>0</difficult>
        <bndbox>
            <xmin>543.384765625</xmin>
            <ymin>274.03828125</ymin>
            <xmax>652.6226272583008</xmax>
            <ymax>370.424626159668</ymax>
        </bndbox>
    </object>    <object>
        <name>player</name>
        <pose>Unspecified</pose>
        <truncated>0</truncated>
        <difficult>0</difficult>
        <bndbox>
            <xmin>385.60894531250034</xmin>
            <ymin>349.00615234375</ymin>
            <xmax>481.3757942199707</xmax>
            <ymax>472.0676678466798</ymax>
        </bndbox>
    </object>    <object>
        <name>ref</name>
        <pose>Unspecified</pose>
        <truncated>0</truncated>
        <difficult>0</difficult>
        <bndbox>
            <xmin>32.1083984375</xmin>
            <ymin>440.787109375</ymin>
            <xmax>82.4434928894043</xmax>
            <ymax>540.3863372802734</ymax>
        </bndbox>
    </object>    <object>
        <name>player</name>
        <pose>Unspecified</pose>
        <truncated>0</truncated>
        <difficult>0</difficult>
        <bndbox>
            <xmin>436.62341796875046</xmin>
            <ymin>325.44453125</ymin>
            <xmax>501.8308334350586</xmax>
            <ymax>437.0421400451663</ymax>
        </bndbox>
    </object>    <object>
        <name>player</name>
        <pose>Unspecified</pose>
        <truncated>0</truncated>
        <difficult>0</difficult>
        <bndbox>
            <xmin>244.38572265625044</xmin>
            <ymin>365.0653906250003</ymin>
            <xmax>352.21752471923827</xmax>
            <ymax>490.6959854125977</ymax>
        </bndbox>
    </object>    <object>
        <name>player</name>
        <pose>Unspecified</pose>
        <truncated>0</truncated>
        <difficult>0</difficult>
        <bndbox>
            <xmin>259.6875</xmin>
            <ymin>267.93349609375</ymin>
            <xmax>348.56848892211946</xmax>
            <ymax>376.30969680786166</ymax>
        </bndbox>
    </object>    <object>
        <name>player</name>
        <pose>Unspecified</pose>
        <truncated>0</truncated>
        <difficult>0</difficult>
        <bndbox>
            <xmin>232.92367187500022</xmin>
            <ymin>322.98037109375</ymin>
            <xmax>316.7075190734866</xmax>
            <ymax>451.15097656250146</ymax>
        </bndbox>
    </object>    <object>
        <name>player</name>
        <pose>Unspecified</pose>
        <truncated>0</truncated>
        <difficult>0</difficult>
        <bndbox>
            <xmin>204.64441406250043</xmin>
            <ymin>286.35439453125</ymin>
            <xmax>266.7551971435547</xmax>
            <ymax>392.4747270202639</ymax>
        </bndbox>
    </object>
</annotation>
