<annotation>
    <folder></folder>
    <filename>frame_000326</filename>
    <path></path>
    <source>
        <database>Unknown</database>
    </source>
    <size>
        <width>1280</width>
        <height>720</height>
        <depth>3</depth>
    </size>
    <segmented>0</segmented>
    <object>
        <name>player</name>
        <pose>Unspecified</pose>
        <truncated>0</truncated>
        <difficult>0</difficult>
        <bndbox>
            <xmin>1012.8669084821429</xmin>
            <ymin>491.0419921875</ymin>
            <xmax>1100.0428571428586</xmax>
            <ymax>661.242857142858</ymax>
        </bndbox>
    </object>    <object>
        <name>player</name>
        <pose>Unspecified</pose>
        <truncated>0</truncated>
        <difficult>0</difficult>
        <bndbox>
            <xmin>1036.178431919643</xmin>
            <ymin>239.26171875</ymin>
            <xmax>1103.8857142857144</xmax>
            <ymax>340.35714285714363</ymax>
        </bndbox>
    </object>    <object>
        <name>player</name>
        <pose>Unspecified</pose>
        <truncated>0</truncated>
        <difficult>0</difficult>
        <bndbox>
            <xmin>66.29952566964286</xmin>
            <ymin>208.26813616071428</ymin>
            <xmax>130.4428850446436</xmax>
            <ymax>296.080440848215</ymax>
        </bndbox>
    </object>    <object>
        <name>player</name>
        <pose>Unspecified</pose>
        <truncated>0</truncated>
        <difficult>0</difficult>
        <bndbox>
            <xmin>452.22857142857174</xmin>
            <ymin>370.2744140625</ymin>
            <xmax>575.6046665736607</xmax>
            <ymax>491.08571428571565</ymax>
        </bndbox>
    </object>    <object>
        <name>player</name>
        <pose>Unspecified</pose>
        <truncated>0</truncated>
        <difficult>0</difficult>
        <bndbox>
            <xmin>66.75251116071428</xmin>
            <ymin>276.2066127232143</ymin>
            <xmax>111.18610491071533</xmax>
            <ymax>372.69754551478763</ymax>
        </bndbox>
    </object>    <object>
        <name>player</name>
        <pose>Unspecified</pose>
        <truncated>0</truncated>
        <difficult>0</difficult>
        <bndbox>
            <xmin>258.0619698660718</xmin>
            <ymin>315.6704799107143</ymin>
            <xmax>331.97270747593365</xmax>
            <ymax>414.07028459821464</ymax>
        </bndbox>
    </object>    <object>
        <name>player</name>
        <pose>Unspecified</pose>
        <truncated>0</truncated>
        <difficult>0</difficult>
        <bndbox>
            <xmin>48.5322265625</xmin>
            <ymin>201.220703125</ymin>
            <xmax>98.63203125000109</xmax>
            <ymax>288.81015625000146</ymax>
        </bndbox>
    </object>
</annotation>
