<annotation>
    <folder></folder>
    <filename>frame_000247</filename>
    <path></path>
    <source>
        <database>Unknown</database>
    </source>
    <size>
        <width>1280</width>
        <height>720</height>
        <depth>3</depth>
    </size>
    <segmented>0</segmented>
    <object>
        <name>player</name>
        <pose>Unspecified</pose>
        <truncated>0</truncated>
        <difficult>0</difficult>
        <bndbox>
            <xmin>40.52718290441247</xmin>
            <ymin>302.3443818933824</ymin>
            <xmax>101.41418887867685</xmax>
            <ymax>418.9815027573538</ymax>
        </bndbox>
    </object>    <object>
        <name>keeper</name>
        <pose>Unspecified</pose>
        <truncated>0</truncated>
        <difficult>0</difficult>
        <bndbox>
            <xmin>400.2543083639706</xmin>
            <ymin>275.431640625</ymin>
            <xmax>480.5984839944283</xmax>
            <ymax>387.18823529411884</ymax>
        </bndbox>
    </object>    <object>
        <name>player</name>
        <pose>Unspecified</pose>
        <truncated>0</truncated>
        <difficult>0</difficult>
        <bndbox>
            <xmin>849.6762982536765</xmin>
            <ymin>242.35678998161765</ymin>
            <xmax>914.170588235295</xmax>
            <ymax>328.8941176470592</ymax>
        </bndbox>
    </object>    <object>
        <name>player</name>
        <pose>Unspecified</pose>
        <truncated>0</truncated>
        <difficult>0</difficult>
        <bndbox>
            <xmin>1160.7185202205883</xmin>
            <ymin>629.2902688419117</ymin>
            <xmax>1244.2800436580883</xmax>
            <ymax>720.0</ymax>
        </bndbox>
    </object>    <object>
        <name>player</name>
        <pose>Unspecified</pose>
        <truncated>0</truncated>
        <difficult>0</difficult>
        <bndbox>
            <xmin>404.4882352941182</xmin>
            <ymin>431.96633731617646</ymin>
            <xmax>506.35207815731275</xmax>
            <ymax>580.764705882354</ymax>
        </bndbox>
    </object>    <object>
        <name>player</name>
        <pose>Unspecified</pose>
        <truncated>0</truncated>
        <difficult>0</difficult>
        <bndbox>
            <xmin>128.7411764705892</xmin>
            <ymin>278.0110868566176</ymin>
            <xmax>205.08602456485525</xmax>
            <ymax>387.5058823529414</ymax>
        </bndbox>
    </object>    <object>
        <name>player</name>
        <pose>Unspecified</pose>
        <truncated>0</truncated>
        <difficult>0</difficult>
        <bndbox>
            <xmin>491.97799862132354</xmin>
            <ymin>325.5335477941176</ymin>
            <xmax>560.566475183825</xmax>
            <ymax>462.556399356618</ymax>
        </bndbox>
    </object>    <object>
        <name>player</name>
        <pose>Unspecified</pose>
        <truncated>0</truncated>
        <difficult>0</difficult>
        <bndbox>
            <xmin>294.13529411764756</xmin>
            <ymin>244.9303768382353</ymin>
            <xmax>366.30259390438306</xmax>
            <ymax>350.5823529411774</ymax>
        </bndbox>
    </object>
</annotation>
