<annotation>
    <folder></folder>
    <filename>frame_000036</filename>
    <path></path>
    <source>
        <database>Unknown</database>
    </source>
    <size>
        <width>1280</width>
        <height>720</height>
        <depth>3</depth>
    </size>
    <segmented>0</segmented>
    <object>
        <name>player</name>
        <pose>Unspecified</pose>
        <truncated>0</truncated>
        <difficult>0</difficult>
        <bndbox>
            <xmin>138.77056059966216</xmin>
            <ymin>477.6671505489865</ymin>
            <xmax>233.63287287531813</xmax>
            <ymax>581.0171204438087</ymax>
        </bndbox>
    </object>    <object>
        <name>player</name>
        <pose>Unspecified</pose>
        <truncated>0</truncated>
        <difficult>0</difficult>
        <bndbox>
            <xmin>835.5801355698529</xmin>
            <ymin>622.2319048713235</ymin>
            <xmax>930.2519147087553</xmax>
            <ymax>720.0</ymax>
        </bndbox>
    </object>    <object>
        <name>player</name>
        <pose>Unspecified</pose>
        <truncated>0</truncated>
        <difficult>0</difficult>
        <bndbox>
            <xmin>882.7588235294128</xmin>
            <ymin>330.93146829044116</ymin>
            <xmax>982.992498958812</xmax>
            <ymax>444.18823529411833</ymax>
        </bndbox>
    </object>    <object>
        <name>keeper</name>
        <pose>Unspecified</pose>
        <truncated>0</truncated>
        <difficult>0</difficult>
        <bndbox>
            <xmin>515.2379365808823</xmin>
            <ymin>272.28079044117646</ymin>
            <xmax>613.3897960887235</xmax>
            <ymax>361.6044357299808</ymax>
        </bndbox>
    </object>    <object>
        <name>player</name>
        <pose>Unspecified</pose>
        <truncated>0</truncated>
        <difficult>0</difficult>
        <bndbox>
            <xmin>394.26856617647064</xmin>
            <ymin>295.6539522058824</ymin>
            <xmax>473.5545836504778</xmax>
            <ymax>415.3647058823533</ymax>
        </bndbox>
    </object>    <object>
        <name>ref</name>
        <pose>Unspecified</pose>
        <truncated>0</truncated>
        <difficult>0</difficult>
        <bndbox>
            <xmin>0.5657743566176467</xmin>
            <ymin>417.67980238970586</ymin>
            <xmax>35.80901520673069</xmax>
            <ymax>519.2582496194278</ymax>
        </bndbox>
    </object>    <object>
        <name>player</name>
        <pose>Unspecified</pose>
        <truncated>0</truncated>
        <difficult>0</difficult>
        <bndbox>
            <xmin>466.9941176470589</xmin>
            <ymin>303.21243106617646</ymin>
            <xmax>561.5408733592313</xmax>
            <ymax>437.32352941176543</ymax>
        </bndbox>
    </object>    <object>
        <name>player</name>
        <pose>Unspecified</pose>
        <truncated>0</truncated>
        <difficult>0</difficult>
        <bndbox>
            <xmin>331.2670955882354</xmin>
            <ymin>402.48272058823534</ymin>
            <xmax>433.31470031738417</xmax>
            <ymax>518.3411762910735</ymax>
        </bndbox>
    </object>    <object>
        <name>player</name>
        <pose>Unspecified</pose>
        <truncated>0</truncated>
        <difficult>0</difficult>
        <bndbox>
            <xmin>270.9326171875</xmin>
            <ymin>257.41262637867646</ymin>
            <xmax>341.78823529411807</xmax>
            <ymax>368.77610294117756</ymax>
        </bndbox>
    </object>    <object>
        <name>player</name>
        <pose>Unspecified</pose>
        <truncated>0</truncated>
        <difficult>0</difficult>
        <bndbox>
            <xmin>239.27058823529552</xmin>
            <ymin>330.9940831801471</ymin>
            <xmax>327.6122485890108</xmax>
            <ymax>462.86470588235403</ymax>
        </bndbox>
    </object>    <object>
        <name>player</name>
        <pose>Unspecified</pose>
        <truncated>0</truncated>
        <difficult>0</difficult>
        <bndbox>
            <xmin>223.45091911764715</xmin>
            <ymin>265.2876838235294</ymin>
            <xmax>281.5157942827996</xmax>
            <ymax>376.59761029411806</ymax>
        </bndbox>
    </object>
</annotation>
