<annotation>
    <folder></folder>
    <filename>frame_000232</filename>
    <path></path>
    <source>
        <database>Unknown</database>
    </source>
    <size>
        <width>1280</width>
        <height>720</height>
        <depth>3</depth>
    </size>
    <segmented>0</segmented>
    <object>
        <name>player</name>
        <pose>Unspecified</pose>
        <truncated>0</truncated>
        <difficult>0</difficult>
        <bndbox>
            <xmin>41.1796875</xmin>
            <ymin>297.068603515625</ymin>
            <xmax>107.64277343750109</xmax>
            <ymax>423.4320800781261</ymax>
        </bndbox>
    </object>    <object>
        <name>keeper</name>
        <pose>Unspecified</pose>
        <truncated>0</truncated>
        <difficult>0</difficult>
        <bndbox>
            <xmin>432.626708984375</xmin>
            <ymin>275.699462890625</ymin>
            <xmax>531.3101573944095</xmax>
            <ymax>383.87500000000136</ymax>
        </bndbox>
    </object>    <object>
        <name>player</name>
        <pose>Unspecified</pose>
        <truncated>0</truncated>
        <difficult>0</difficult>
        <bndbox>
            <xmin>947.165771484375</xmin>
            <ymin>248.12109375</ymin>
            <xmax>1022.3250000000003</xmax>
            <ymax>343.15000000000055</ymax>
        </bndbox>
    </object>    <object>
        <name>player</name>
        <pose>Unspecified</pose>
        <truncated>0</truncated>
        <difficult>0</difficult>
        <bndbox>
            <xmin>1098.461181640625</xmin>
            <ymin>597.5234375</ymin>
            <xmax>1195.146875</xmax>
            <ymax>720.0</ymax>
        </bndbox>
    </object>    <object>
        <name>player</name>
        <pose>Unspecified</pose>
        <truncated>0</truncated>
        <difficult>0</difficult>
        <bndbox>
            <xmin>350.85000000000036</xmin>
            <ymin>437.935302734375</ymin>
            <xmax>463.4980068206787</xmax>
            <ymax>574.9250000000006</ymax>
        </bndbox>
    </object>    <object>
        <name>player</name>
        <pose>Unspecified</pose>
        <truncated>0</truncated>
        <difficult>0</difficult>
        <bndbox>
            <xmin>114.35000000000127</xmin>
            <ymin>285.6025390625</ymin>
            <xmax>209.21187210083008</xmax>
            <ymax>400.5250000000001</ymax>
        </bndbox>
    </object>    <object>
        <name>player</name>
        <pose>Unspecified</pose>
        <truncated>0</truncated>
        <difficult>0</difficult>
        <bndbox>
            <xmin>527.414794921875</xmin>
            <ymin>333.218994140625</ymin>
            <xmax>601.6250000000014</xmax>
            <ymax>472.12500000000045</ymax>
        </bndbox>
    </object>    <object>
        <name>player</name>
        <pose>Unspecified</pose>
        <truncated>0</truncated>
        <difficult>0</difficult>
        <bndbox>
            <xmin>313.77500000000055</xmin>
            <ymin>255.0732421875</ymin>
            <xmax>382.7134733200073</xmax>
            <ymax>364.5</ymax>
        </bndbox>
    </object>
</annotation>
