<annotation>
    <folder></folder>
    <filename>frame_000017</filename>
    <path></path>
    <source>
        <database>Unknown</database>
    </source>
    <size>
        <width>1280</width>
        <height>720</height>
        <depth>3</depth>
    </size>
    <segmented>0</segmented>
    <object>
        <name>player</name>
        <pose>Unspecified</pose>
        <truncated>0</truncated>
        <difficult>0</difficult>
        <bndbox>
            <xmin>150.86921980574326</xmin>
            <ymin>474.36742504222974</ymin>
            <xmax>238.05745750633514</xmax>
            <ymax>587.0424088761616</ymax>
        </bndbox>
    </object>    <object>
        <name>player</name>
        <pose>Unspecified</pose>
        <truncated>0</truncated>
        <difficult>0</difficult>
        <bndbox>
            <xmin>786.2783203125</xmin>
            <ymin>618.244140625</ymin>
            <xmax>905.1548156738281</xmax>
            <ymax>720.0</ymax>
        </bndbox>
    </object>    <object>
        <name>player</name>
        <pose>Unspecified</pose>
        <truncated>0</truncated>
        <difficult>0</difficult>
        <bndbox>
            <xmin>930.6103906250003</xmin>
            <ymin>307.39892578125</ymin>
            <xmax>1006.1446746826172</xmax>
            <ymax>415.9854377746582</ymax>
        </bndbox>
    </object>    <object>
        <name>keeper</name>
        <pose>Unspecified</pose>
        <truncated>0</truncated>
        <difficult>0</difficult>
        <bndbox>
            <xmin>536.31640625</xmin>
            <ymin>273.449609375</ymin>
            <xmax>645.5542678833008</xmax>
            <ymax>369.835954284668</ymax>
        </bndbox>
    </object>    <object>
        <name>player</name>
        <pose>Unspecified</pose>
        <truncated>0</truncated>
        <difficult>0</difficult>
        <bndbox>
            <xmin>395.58048828125095</xmin>
            <ymin>318.966162109375</ymin>
            <xmax>478.4310375213623</xmax>
            <ymax>449.7002145385745</ymax>
        </bndbox>
    </object>    <object>
        <name>ref</name>
        <pose>Unspecified</pose>
        <truncated>0</truncated>
        <difficult>0</difficult>
        <bndbox>
            <xmin>14.4375</xmin>
            <ymin>433.71875</ymin>
            <xmax>64.7725944519043</xmax>
            <ymax>533.3179779052734</ymax>
        </bndbox>
    </object>    <object>
        <name>player</name>
        <pose>Unspecified</pose>
        <truncated>0</truncated>
        <difficult>0</difficult>
        <bndbox>
            <xmin>447.8407324218762</xmin>
            <ymin>307.1849609375</ymin>
            <xmax>526.5700912475586</xmax>
            <ymax>438.8161728668222</ymax>
        </bndbox>
    </object>    <object>
        <name>player</name>
        <pose>Unspecified</pose>
        <truncated>0</truncated>
        <difficult>0</difficult>
        <bndbox>
            <xmin>276.21836914062624</xmin>
            <ymin>376.24972656250094</ymin>
            <xmax>383.43582382202146</xmax>
            <ymax>496.59199447631835</ymax>
        </bndbox>
    </object>    <object>
        <name>player</name>
        <pose>Unspecified</pose>
        <truncated>0</truncated>
        <difficult>0</difficult>
        <bndbox>
            <xmin>268.52294921875</xmin>
            <ymin>262.043017578125</ymin>
            <xmax>345.607533340455</xmax>
            <ymax>372.7663636016855</ymax>
        </bndbox>
    </object>    <object>
        <name>player</name>
        <pose>Unspecified</pose>
        <truncated>0</truncated>
        <difficult>0</difficult>
        <bndbox>
            <xmin>229.99792968750063</xmin>
            <ymin>327.692431640625</ymin>
            <xmax>310.228367843628</xmax>
            <ymax>461.16806640625146</ymax>
        </bndbox>
    </object>    <object>
        <name>player</name>
        <pose>Unspecified</pose>
        <truncated>0</truncated>
        <difficult>0</difficult>
        <bndbox>
            <xmin>214.66666015625123</xmin>
            <ymin>276.929736328125</ymin>
            <xmax>276.7685272216797</xmax>
            <ymax>387.15172721862854</ymax>
        </bndbox>
    </object>
</annotation>
