<annotation>
    <folder></folder>
    <filename>frame_000434</filename>
    <path></path>
    <source>
        <database>Unknown</database>
    </source>
    <size>
        <width>1280</width>
        <height>720</height>
        <depth>3</depth>
    </size>
    <segmented>0</segmented>
    <object>
        <name>player</name>
        <pose>Unspecified</pose>
        <truncated>0</truncated>
        <difficult>0</difficult>
        <bndbox>
            <xmin>800.1272536057693</xmin>
            <ymin>315.7825270432692</ymin>
            <xmax>865.0076923076928</xmax>
            <ymax>437.3076923076926</ymax>
        </bndbox>
    </object>    <object>
        <name>player</name>
        <pose>Unspecified</pose>
        <truncated>0</truncated>
        <difficult>0</difficult>
        <bndbox>
            <xmin>419.0881159855769</xmin>
            <ymin>206.51036658653845</ymin>
            <xmax>479.90072115384675</xmax>
            <ymax>301.97620192307716</ymax>
        </bndbox>
    </object>    <object>
        <name>player</name>
        <pose>Unspecified</pose>
        <truncated>0</truncated>
        <difficult>0</difficult>
        <bndbox>
            <xmin>1178.7438401442307</xmin>
            <ymin>422.72791466346155</ymin>
            <xmax>1250.7545823317307</xmax>
            <ymax>570.5378756009619</ymax>
        </bndbox>
    </object>    <object>
        <name>player</name>
        <pose>Unspecified</pose>
        <truncated>0</truncated>
        <difficult>0</difficult>
        <bndbox>
            <xmin>1071.5149489182693</xmin>
            <ymin>275.9254807692308</ymin>
            <xmax>1132.71885516827</xmax>
            <ymax>384.15223858173186</ymax>
        </bndbox>
    </object>    <object>
        <name>player</name>
        <pose>Unspecified</pose>
        <truncated>0</truncated>
        <difficult>0</difficult>
        <bndbox>
            <xmin>118.21195913461605</xmin>
            <ymin>302.4260817307692</ymin>
            <xmax>184.95408747746393</xmax>
            <ymax>425.715384615385</ymax>
        </bndbox>
    </object>    <object>
        <name>player</name>
        <pose>Unspecified</pose>
        <truncated>0</truncated>
        <difficult>0</difficult>
        <bndbox>
            <xmin>7.807692307692728</xmin>
            <ymin>506.4274338942308</ymin>
            <xmax>107.97378305288461</xmax>
            <ymax>622.5307692307699</ymax>
        </bndbox>
    </object>    <object>
        <name>player</name>
        <pose>Unspecified</pose>
        <truncated>0</truncated>
        <difficult>0</difficult>
        <bndbox>
            <xmin>501.83076923077</xmin>
            <ymin>250.20860877403845</ymin>
            <xmax>563.0613470811111</xmax>
            <ymax>336.4846153846162</ymax>
        </bndbox>
    </object>    <object>
        <name>player</name>
        <pose>Unspecified</pose>
        <truncated>0</truncated>
        <difficult>0</difficult>
        <bndbox>
            <xmin>226.9538461538474</xmin>
            <ymin>379.31790865384613</ymin>
            <xmax>330.6120646550105</xmax>
            <ymax>503.16153846153946</ymax>
        </bndbox>
    </object>
</annotation>
