<annotation>
    <folder></folder>
    <filename>frame_000366</filename>
    <path></path>
    <source>
        <database>Unknown</database>
    </source>
    <size>
        <width>1280</width>
        <height>720</height>
        <depth>3</depth>
    </size>
    <segmented>0</segmented>
    <object>
        <name>player</name>
        <pose>Unspecified</pose>
        <truncated>0</truncated>
        <difficult>0</difficult>
        <bndbox>
            <xmin>781.072</xmin>
            <ymin>405.44</ymin>
            <xmax>867.7259735107422</xmax>
            <ymax>538.7280000000004</ymax>
        </bndbox>
    </object>    <object>
        <name>player</name>
        <pose>Unspecified</pose>
        <truncated>0</truncated>
        <difficult>0</difficult>
        <bndbox>
            <xmin>640.4863636363636</xmin>
            <ymin>226.86782670454548</ymin>
            <xmax>716.1829931085759</xmax>
            <ymax>322.0001510620128</ymax>
        </bndbox>
    </object>    <object>
        <name>player</name>
        <pose>Unspecified</pose>
        <truncated>0</truncated>
        <difficult>0</difficult>
        <bndbox>
            <xmin>1153.6386962890635</xmin>
            <ymin>489.4438883463542</ymin>
            <xmax>1252.261305173238</xmax>
            <ymax>637.0000000000015</ymax>
        </bndbox>
    </object>    <object>
        <name>player</name>
        <pose>Unspecified</pose>
        <truncated>0</truncated>
        <difficult>0</difficult>
        <bndbox>
            <xmin>1174.3929036458333</xmin>
            <ymin>274.3831814236111</ymin>
            <xmax>1227.1422222222222</xmax>
            <ymax>380.6866666666681</ymax>
        </bndbox>
    </object>    <object>
        <name>player</name>
        <pose>Unspecified</pose>
        <truncated>0</truncated>
        <difficult>0</difficult>
        <bndbox>
            <xmin>411.75647656250106</xmin>
            <ymin>310.8448046875</ymin>
            <xmax>484.44662500000004</xmax>
            <ymax>428.172</ymax>
        </bndbox>
    </object>    <object>
        <name>player</name>
        <pose>Unspecified</pose>
        <truncated>0</truncated>
        <difficult>0</difficult>
        <bndbox>
            <xmin>120.8622425426137</xmin>
            <ymin>340.7058771306818</ymin>
            <xmax>198.39892543445933</xmax>
            <ymax>448.6772727272735</ymax>
        </bndbox>
    </object>
</annotation>
