<annotation>
    <folder></folder>
    <filename>frame_000361</filename>
    <path></path>
    <source>
        <database>Unknown</database>
    </source>
    <size>
        <width>1280</width>
        <height>720</height>
        <depth>3</depth>
    </size>
    <segmented>0</segmented>
    <object>
        <name>player</name>
        <pose>Unspecified</pose>
        <truncated>0</truncated>
        <difficult>0</difficult>
        <bndbox>
            <xmin>784.1658653846154</xmin>
            <ymin>410.8955829326923</ymin>
            <xmax>868.6459587684042</xmax>
            <ymax>547.0194820804202</ymax>
        </bndbox>
    </object>    <object>
        <name>player</name>
        <pose>Unspecified</pose>
        <truncated>0</truncated>
        <difficult>0</difficult>
        <bndbox>
            <xmin>657.4831730769231</xmin>
            <ymin>228.40144230769232</ymin>
            <xmax>735.7819131704478</xmax>
            <ymax>321.6230769230778</ymax>
        </bndbox>
    </object>    <object>
        <name>player</name>
        <pose>Unspecified</pose>
        <truncated>0</truncated>
        <difficult>0</difficult>
        <bndbox>
            <xmin>1150.6430889423084</xmin>
            <ymin>494.7077824519231</ymin>
            <xmax>1249.197759935072</xmax>
            <ymax>645.7047639860152</ymax>
        </bndbox>
    </object>    <object>
        <name>player</name>
        <pose>Unspecified</pose>
        <truncated>0</truncated>
        <difficult>0</difficult>
        <bndbox>
            <xmin>1174.521709735577</xmin>
            <ymin>276.0967548076923</ymin>
            <xmax>1227.8076923076924</xmax>
            <ymax>382.73846153846256</ymax>
        </bndbox>
    </object>    <object>
        <name>player</name>
        <pose>Unspecified</pose>
        <truncated>0</truncated>
        <difficult>0</difficult>
        <bndbox>
            <xmin>400.4585937500008</xmin>
            <ymin>318.12094350961536</ymin>
            <xmax>471.98107244318146</xmax>
            <ymax>439.9923076923078</ymax>
        </bndbox>
    </object>    <object>
        <name>player</name>
        <pose>Unspecified</pose>
        <truncated>0</truncated>
        <difficult>0</difficult>
        <bndbox>
            <xmin>120.66458834134616</xmin>
            <ymin>334.8082932692308</ymin>
            <xmax>196.03076923076935</xmax>
            <ymax>441.85384615384686</ymax>
        </bndbox>
    </object>
</annotation>
