<annotation>
    <folder></folder>
    <filename>frame_000418</filename>
    <path></path>
    <source>
        <database>Unknown</database>
    </source>
    <size>
        <width>1280</width>
        <height>720</height>
        <depth>3</depth>
    </size>
    <segmented>0</segmented>
    <object>
        <name>player</name>
        <pose>Unspecified</pose>
        <truncated>0</truncated>
        <difficult>0</difficult>
        <bndbox>
            <xmin>838.0830078125</xmin>
            <ymin>340.3089192708333</ymin>
            <xmax>902.9828312924031</xmax>
            <ymax>470.6779159813602</ymax>
        </bndbox>
    </object>    <object>
        <name>player</name>
        <pose>Unspecified</pose>
        <truncated>0</truncated>
        <difficult>0</difficult>
        <bndbox>
            <xmin>531.9985026041674</xmin>
            <ymin>216.9282552083338</ymin>
            <xmax>579.9688807169599</xmax>
            <ymax>307.54140523274754</ymax>
        </bndbox>
    </object>    <object>
        <name>player</name>
        <pose>Unspecified</pose>
        <truncated>0</truncated>
        <difficult>0</difficult>
        <bndbox>
            <xmin>1218.3805338541667</xmin>
            <ymin>443.2327473958333</ymin>
            <xmax>1280.0</xmax>
            <ymax>596.6211828399131</ymax>
        </bndbox>
    </object>    <object>
        <name>player</name>
        <pose>Unspecified</pose>
        <truncated>0</truncated>
        <difficult>0</difficult>
        <bndbox>
            <xmin>1137.9957682291667</xmin>
            <ymin>279.1891276041667</ymin>
            <xmax>1196.1035498903511</xmax>
            <ymax>392.9984306469311</ymax>
        </bndbox>
    </object>    <object>
        <name>player</name>
        <pose>Unspecified</pose>
        <truncated>0</truncated>
        <difficult>0</difficult>
        <bndbox>
            <xmin>103.8666666666674</xmin>
            <ymin>309.6497395833333</ymin>
            <xmax>171.6238276163737</xmax>
            <ymax>425.46666666666715</ymax>
        </bndbox>
    </object>    <object>
        <name>player</name>
        <pose>Unspecified</pose>
        <truncated>0</truncated>
        <difficult>0</difficult>
        <bndbox>
            <xmin>494.7315789473688</xmin>
            <ymin>266.5114103618421</ymin>
            <xmax>567.7618339940121</xmax>
            <ymax>351.77368421052734</ymax>
        </bndbox>
    </object>    <object>
        <name>player</name>
        <pose>Unspecified</pose>
        <truncated>0</truncated>
        <difficult>0</difficult>
        <bndbox>
            <xmin>226.60000000000096</xmin>
            <ymin>388.8623046875</ymin>
            <xmax>309.03417205810547</xmax>
            <ymax>504.43821957236895</ymax>
        </bndbox>
    </object>
</annotation>
