<annotation>
    <folder></folder>
    <filename>frame_000354</filename>
    <path></path>
    <source>
        <database>Unknown</database>
    </source>
    <size>
        <width>1280</width>
        <height>720</height>
        <depth>3</depth>
    </size>
    <segmented>0</segmented>
    <object>
        <name>player</name>
        <pose>Unspecified</pose>
        <truncated>0</truncated>
        <difficult>0</difficult>
        <bndbox>
            <xmin>791.4561298076923</xmin>
            <ymin>417.89400540865387</ymin>
            <xmax>870.4808353130628</xmax>
            <ymax>559.1285757211548</ymax>
        </bndbox>
    </object>    <object>
        <name>player</name>
        <pose>Unspecified</pose>
        <truncated>0</truncated>
        <difficult>0</difficult>
        <bndbox>
            <xmin>682.8287259615385</xmin>
            <ymin>230.81295072115384</ymin>
            <xmax>765.507091815655</xmax>
            <ymax>320.43846153846204</ymax>
        </bndbox>
    </object>    <object>
        <name>player</name>
        <pose>Unspecified</pose>
        <truncated>0</truncated>
        <difficult>0</difficult>
        <bndbox>
            <xmin>1147.7434945913462</xmin>
            <ymin>501.73302283653845</ymin>
            <xmax>1245.9471086355352</xmax>
            <ymax>660.2381009615394</ymax>
        </bndbox>
    </object>    <object>
        <name>player</name>
        <pose>Unspecified</pose>
        <truncated>0</truncated>
        <difficult>0</difficult>
        <bndbox>
            <xmin>1173.9974459134614</xmin>
            <ymin>279.13716947115387</ymin>
            <xmax>1228.3461538461538</xmax>
            <ymax>386.8307692307695</ymax>
        </bndbox>
    </object>    <object>
        <name>player</name>
        <pose>Unspecified</pose>
        <truncated>0</truncated>
        <difficult>0</difficult>
        <bndbox>
            <xmin>383.23613281250016</xmin>
            <ymin>329.1299579326923</ymin>
            <xmax>452.715039062499</xmax>
            <ymax>458.35384615384646</ymax>
        </bndbox>
    </object>    <object>
        <name>player</name>
        <pose>Unspecified</pose>
        <truncated>0</truncated>
        <difficult>0</difficult>
        <bndbox>
            <xmin>120.11350661057692</xmin>
            <ymin>326.26284555288464</ymin>
            <xmax>196.0846153846157</xmax>
            <ymax>431.62307692307763</ymax>
        </bndbox>
    </object>
</annotation>
