<annotation>
    <folder></folder>
    <filename>frame_000345</filename>
    <path></path>
    <source>
        <database>Unknown</database>
    </source>
    <size>
        <width>1280</width>
        <height>720</height>
        <depth>3</depth>
    </size>
    <segmented>0</segmented>
    <object>
        <name>player</name>
        <pose>Unspecified</pose>
        <truncated>0</truncated>
        <difficult>0</difficult>
        <bndbox>
            <xmin>834.6602647569445</xmin>
            <ymin>433.9406467013889</ymin>
            <xmax>906.6709001329214</xmax>
            <ymax>581.7460799400255</ymax>
        </bndbox>
    </object>    <object>
        <name>player</name>
        <pose>Unspecified</pose>
        <truncated>0</truncated>
        <difficult>0</difficult>
        <bndbox>
            <xmin>749.2475043402778</xmin>
            <ymin>229.68435329861111</ymin>
            <xmax>827.6880859374994</xmax>
            <ymax>325.96644965277784</ymax>
        </bndbox>
    </object>    <object>
        <name>player</name>
        <pose>Unspecified</pose>
        <truncated>0</truncated>
        <difficult>0</difficult>
        <bndbox>
            <xmin>1173.6184895833333</xmin>
            <ymin>513.583984375</ymin>
            <xmax>1271.3707446936414</xmax>
            <ymax>681.7423295454553</ymax>
        </bndbox>
    </object>    <object>
        <name>player</name>
        <pose>Unspecified</pose>
        <truncated>0</truncated>
        <difficult>0</difficult>
        <bndbox>
            <xmin>1202.9262152777778</xmin>
            <ymin>287.27549913194446</ymin>
            <xmax>1254.4000000000008</xmax>
            <ymax>387.92222222222335</ymax>
        </bndbox>
    </object>    <object>
        <name>player</name>
        <pose>Unspecified</pose>
        <truncated>0</truncated>
        <difficult>0</difficult>
        <bndbox>
            <xmin>390.6953125</xmin>
            <ymin>344.69476996527777</ymin>
            <xmax>457.5467684659088</xmax>
            <ymax>472.07777777777784</ymax>
        </bndbox>
    </object>    <object>
        <name>player</name>
        <pose>Unspecified</pose>
        <truncated>0</truncated>
        <difficult>0</difficult>
        <bndbox>
            <xmin>134.91232638888889</xmin>
            <ymin>319.50477430555554</ymin>
            <xmax>206.02076822916732</xmax>
            <ymax>422.6433593750007</ymax>
        </bndbox>
    </object>
</annotation>
