<annotation>
    <folder></folder>
    <filename>frame_000338</filename>
    <path></path>
    <source>
        <database>Unknown</database>
    </source>
    <size>
        <width>1280</width>
        <height>720</height>
        <depth>3</depth>
    </size>
    <segmented>0</segmented>
    <object>
        <name>player</name>
        <pose>Unspecified</pose>
        <truncated>0</truncated>
        <difficult>0</difficult>
        <bndbox>
            <xmin>889.248046875</xmin>
            <ymin>449.734375</ymin>
            <xmax>959.7000000000007</xmax>
            <ymax>599.0</ymax>
        </bndbox>
    </object>    <object>
        <name>player</name>
        <pose>Unspecified</pose>
        <truncated>0</truncated>
        <difficult>0</difficult>
        <bndbox>
            <xmin>827.2000000000007</xmin>
            <ymin>227.0224609375</ymin>
            <xmax>904.072265625</xmax>
            <ymax>325.5</ymax>
        </bndbox>
    </object>    <object>
        <name>player</name>
        <pose>Unspecified</pose>
        <truncated>0</truncated>
        <difficult>0</difficult>
        <bndbox>
            <xmin>1216.58984375</xmin>
            <ymin>535.673828125</ymin>
            <xmax>1280.0</xmax>
            <ymax>705.9563751220703</ymax>
        </bndbox>
    </object>    <object>
        <name>player</name>
        <pose>Unspecified</pose>
        <truncated>0</truncated>
        <difficult>0</difficult>
        <bndbox>
            <xmin>1249.7890625</xmin>
            <ymin>295.7783203125</ymin>
            <xmax>1280.0</xmax>
            <ymax>395.37754821777344</ymax>
        </bndbox>
    </object>    <object>
        <name>player</name>
        <pose>Unspecified</pose>
        <truncated>0</truncated>
        <difficult>0</difficult>
        <bndbox>
            <xmin>419.935546875</xmin>
            <ymin>353.59765625</ymin>
            <xmax>499.10000000000036</xmax>
            <ymax>474.5</ymax>
        </bndbox>
    </object>    <object>
        <name>player</name>
        <pose>Unspecified</pose>
        <truncated>0</truncated>
        <difficult>0</difficult>
        <bndbox>
            <xmin>0.0</xmin>
            <ymin>274.3701171875</ymin>
            <xmax>29.7978515625</xmax>
            <ymax>374.02871093750036</ymax>
        </bndbox>
    </object>    <object>
        <name>player</name>
        <pose>Unspecified</pose>
        <truncated>0</truncated>
        <difficult>0</difficult>
        <bndbox>
            <xmin>167.0302734375</xmin>
            <ymin>315.05859375</ymin>
            <xmax>236.70000000000073</xmax>
            <ymax>417.7000000000007</ymax>
        </bndbox>
    </object>
</annotation>
