<annotation>
    <folder></folder>
    <filename>frame_000408</filename>
    <path></path>
    <source>
        <database>Unknown</database>
    </source>
    <size>
        <width>1280</width>
        <height>720</height>
        <depth>3</depth>
    </size>
    <segmented>0</segmented>
    <object>
        <name>player</name>
        <pose>Unspecified</pose>
        <truncated>0</truncated>
        <difficult>0</difficult>
        <bndbox>
            <xmin>832.8242382812501</xmin>
            <ymin>349.27900390625</ymin>
            <xmax>896.8345867919912</xmax>
            <ymax>484.5946289062511</ymax>
        </bndbox>
    </object>    <object>
        <name>player</name>
        <pose>Unspecified</pose>
        <truncated>0</truncated>
        <difficult>0</difficult>
        <bndbox>
            <xmin>560.32314453125</xmin>
            <ymin>217.5990234375</ymin>
            <xmax>622.6267971801765</xmax>
            <ymax>311.92039062500044</ymax>
        </bndbox>
    </object>    <object>
        <name>player</name>
        <pose>Unspecified</pose>
        <truncated>0</truncated>
        <difficult>0</difficult>
        <bndbox>
            <xmin>1216.4046223958333</xmin>
            <ymin>449.0784505208333</ymin>
            <xmax>1280.0</xmax>
            <ymax>607.4428571428582</ymax>
        </bndbox>
    </object>    <object>
        <name>player</name>
        <pose>Unspecified</pose>
        <truncated>0</truncated>
        <difficult>0</difficult>
        <bndbox>
            <xmin>1156.4007161458333</xmin>
            <ymin>275.38305121527776</ymin>
            <xmax>1212.115555555557</xmax>
            <ymax>392.72666666666777</ymax>
        </bndbox>
    </object>    <object>
        <name>player</name>
        <pose>Unspecified</pose>
        <truncated>0</truncated>
        <difficult>0</difficult>
        <bndbox>
            <xmin>81.53050595238095</xmin>
            <ymin>312.7046130952381</ymin>
            <xmax>141.57759624662867</xmax>
            <ymax>422.3864211309531</ymax>
        </bndbox>
    </object>    <object>
        <name>player</name>
        <pose>Unspecified</pose>
        <truncated>0</truncated>
        <difficult>0</difficult>
        <bndbox>
            <xmin>478.5611914062503</xmin>
            <ymin>274.66767578125</ymin>
            <xmax>556.0266615295411</xmax>
            <ymax>363.54000000000144</ymax>
        </bndbox>
    </object>    <object>
        <name>player</name>
        <pose>Unspecified</pose>
        <truncated>0</truncated>
        <difficult>0</difficult>
        <bndbox>
            <xmin>194.4200000000008</xmin>
            <ymin>383.06572265625</ymin>
            <xmax>279.106795501709</xmax>
            <ymax>492.79000000000144</ymax>
        </bndbox>
    </object>
</annotation>
