<annotation>
    <folder></folder>
    <filename>frame_000131</filename>
    <path></path>
    <source>
        <database>Unknown</database>
    </source>
    <size>
        <width>1280</width>
        <height>720</height>
        <depth>3</depth>
    </size>
    <segmented>0</segmented>
    <object>
        <name>ref</name>
        <pose>Unspecified</pose>
        <truncated>0</truncated>
        <difficult>0</difficult>
        <bndbox>
            <xmin>37.25390625</xmin>
            <ymin>399.5546875</ymin>
            <xmax>90.79628906250036</xmax>
            <ymax>507.8000000000011</ymax>
        </bndbox>
    </object>    <object>
        <name>player</name>
        <pose>Unspecified</pose>
        <truncated>0</truncated>
        <difficult>0</difficult>
        <bndbox>
            <xmin>110.13716032608752</xmin>
            <ymin>410.7713145380435</ymin>
            <xmax>176.8521751072098</xmax>
            <ymax>530.3001540474271</ymax>
        </bndbox>
    </object>    <object>
        <name>keeper</name>
        <pose>Unspecified</pose>
        <truncated>0</truncated>
        <difficult>0</difficult>
        <bndbox>
            <xmin>554.0791015625</xmin>
            <ymin>278.568359375</ymin>
            <xmax>646.2919921875</xmax>
            <ymax>365.2654296875007</ymax>
        </bndbox>
    </object>    <object>
        <name>player</name>
        <pose>Unspecified</pose>
        <truncated>0</truncated>
        <difficult>0</difficult>
        <bndbox>
            <xmin>790.271484375</xmin>
            <ymin>284.763671875</ymin>
            <xmax>851.8005301339298</xmax>
            <ymax>391.6734933035723</ymax>
        </bndbox>
    </object>    <object>
        <name>player</name>
        <pose>Unspecified</pose>
        <truncated>0</truncated>
        <difficult>0</difficult>
        <bndbox>
            <xmin>913.3974609375</xmin>
            <ymin>374.34102957589283</ymin>
            <xmax>983.0260753086642</xmax>
            <ymax>501.4285714285717</ymax>
        </bndbox>
    </object>    <object>
        <name>player</name>
        <pose>Unspecified</pose>
        <truncated>0</truncated>
        <difficult>0</difficult>
        <bndbox>
            <xmin>131.0560461956522</xmin>
            <ymin>458.1789232336956</ymin>
            <xmax>209.7527513586961</xmax>
            <ymax>552.738094429348</ymax>
        </bndbox>
    </object>    <object>
        <name>player</name>
        <pose>Unspecified</pose>
        <truncated>0</truncated>
        <difficult>0</difficult>
        <bndbox>
            <xmin>446.5698939732143</xmin>
            <ymin>326.37632533482144</ymin>
            <xmax>541.5285714285717</xmax>
            <ymax>433.32142857142895</ymax>
        </bndbox>
    </object>    <object>
        <name>player</name>
        <pose>Unspecified</pose>
        <truncated>0</truncated>
        <difficult>0</difficult>
        <bndbox>
            <xmin>533.2283063616071</xmin>
            <ymin>392.12109375</ymin>
            <xmax>595.1142857142871</xmax>
            <ymax>526.3357142857155</ymax>
        </bndbox>
    </object>    <object>
        <name>player</name>
        <pose>Unspecified</pose>
        <truncated>0</truncated>
        <difficult>0</difficult>
        <bndbox>
            <xmin>403.51255580357196</xmin>
            <ymin>295.0851143973219</ymin>
            <xmax>475.97608871460005</xmax>
            <ymax>413.8773716517857</ymax>
        </bndbox>
    </object>
</annotation>
