<annotation>
    <folder></folder>
    <filename>frame_000161</filename>
    <path></path>
    <source>
        <database>Unknown</database>
    </source>
    <size>
        <width>1280</width>
        <height>720</height>
        <depth>3</depth>
    </size>
    <segmented>0</segmented>
    <object>
        <name>ref</name>
        <pose>Unspecified</pose>
        <truncated>0</truncated>
        <difficult>0</difficult>
        <bndbox>
            <xmin>47.638020833333336</xmin>
            <ymin>399.5546875</ymin>
            <xmax>101.18040364583369</xmax>
            <ymax>507.8000000000011</ymax>
        </bndbox>
    </object>    <object>
        <name>player</name>
        <pose>Unspecified</pose>
        <truncated>0</truncated>
        <difficult>0</difficult>
        <bndbox>
            <xmin>112.51666666666682</xmin>
            <ymin>364.98546006944446</ymin>
            <xmax>194.97777811686197</xmax>
            <ymax>494.12226596408436</ymax>
        </bndbox>
    </object>    <object>
        <name>keeper</name>
        <pose>Unspecified</pose>
        <truncated>0</truncated>
        <difficult>0</difficult>
        <bndbox>
            <xmin>587.0579788773148</xmin>
            <ymin>273.7660228587963</ymin>
            <xmax>690.2201244212963</xmax>
            <ymax>363.4379918981489</ymax>
        </bndbox>
    </object>    <object>
        <name>player</name>
        <pose>Unspecified</pose>
        <truncated>0</truncated>
        <difficult>0</difficult>
        <bndbox>
            <xmin>980.90234375</xmin>
            <ymin>293.3987630208333</ymin>
            <xmax>1040.9019531250015</xmax>
            <ymax>403.74524739583404</ymax>
        </bndbox>
    </object>    <object>
        <name>player</name>
        <pose>Unspecified</pose>
        <truncated>0</truncated>
        <difficult>0</difficult>
        <bndbox>
            <xmin>1091.1351996527778</xmin>
            <ymin>421.43836805555554</ymin>
            <xmax>1172.3333333333348</xmax>
            <ymax>570.1777777777788</ymax>
        </bndbox>
    </object>    <object>
        <name>player</name>
        <pose>Unspecified</pose>
        <truncated>0</truncated>
        <difficult>0</difficult>
        <bndbox>
            <xmin>184.50742187500066</xmin>
            <ymin>442.8439670138889</ymin>
            <xmax>271.350349934896</xmax>
            <ymax>557.1444444444447</ymax>
        </bndbox>
    </object>    <object>
        <name>player</name>
        <pose>Unspecified</pose>
        <truncated>0</truncated>
        <difficult>0</difficult>
        <bndbox>
            <xmin>355.8947482638889</xmin>
            <ymin>348.3722873263889</ymin>
            <xmax>425.48888888888985</xmax>
            <ymax>465.76666666666745</ymax>
        </bndbox>
    </object>    <object>
        <name>player</name>
        <pose>Unspecified</pose>
        <truncated>0</truncated>
        <difficult>0</difficult>
        <bndbox>
            <xmin>648.4918619791666</xmin>
            <ymin>392.2409939236111</ymin>
            <xmax>742.5444444444458</xmax>
            <ymax>530.5333333333344</ymax>
        </bndbox>
    </object>    <object>
        <name>player</name>
        <pose>Unspecified</pose>
        <truncated>0</truncated>
        <difficult>0</difficult>
        <bndbox>
            <xmin>496.32139756944446</xmin>
            <ymin>297.3181423611111</ymin>
            <xmax>587.0412760416677</xmax>
            <ymax>409.6556857638898</ymax>
        </bndbox>
    </object>
</annotation>
