<annotation>
    <folder></folder>
    <filename>frame_000450</filename>
    <path></path>
    <source>
        <database>Unknown</database>
    </source>
    <size>
        <width>1280</width>
        <height>720</height>
        <depth>3</depth>
    </size>
    <segmented>0</segmented>
    <object>
        <name>player</name>
        <pose>Unspecified</pose>
        <truncated>0</truncated>
        <difficult>0</difficult>
        <bndbox>
            <xmin>727.6320612980769</xmin>
            <ymin>285.4658203125</ymin>
            <xmax>781.9307692307697</xmax>
            <ymax>404.38461538461564</ymax>
        </bndbox>
    </object>    <object>
        <name>player</name>
        <pose>Unspecified</pose>
        <truncated>0</truncated>
        <difficult>0</difficult>
        <bndbox>
            <xmin>288.5959284855769</xmin>
            <ymin>207.8282752403846</ymin>
            <xmax>348.1307692307703</xmax>
            <ymax>304.6461538461545</ymax>
        </bndbox>
    </object>    <object>
        <name>player</name>
        <pose>Unspecified</pose>
        <truncated>0</truncated>
        <difficult>0</difficult>
        <bndbox>
            <xmin>1107.5665564903845</xmin>
            <ymin>396.3655348557692</ymin>
            <xmax>1174.3238131009623</xmax>
            <ymax>540.1994140625009</ymax>
        </bndbox>
    </object>    <object>
        <name>player</name>
        <pose>Unspecified</pose>
        <truncated>0</truncated>
        <difficult>0</difficult>
        <bndbox>
            <xmin>991.1111027644231</xmin>
            <ymin>268.6754807692308</ymin>
            <xmax>1045.0880859375009</xmax>
            <ymax>374.24454627403935</ymax>
        </bndbox>
    </object>    <object>
        <name>player</name>
        <pose>Unspecified</pose>
        <truncated>0</truncated>
        <difficult>0</difficult>
        <bndbox>
            <xmin>125.4618389423077</xmin>
            <ymin>291.88100961538464</ymin>
            <xmax>187.58461538461583</xmax>
            <ymax>415.19230769230785</ymax>
        </bndbox>
    </object>    <object>
        <name>player</name>
        <pose>Unspecified</pose>
        <truncated>0</truncated>
        <difficult>0</difficult>
        <bndbox>
            <xmin>54.5769230769235</xmin>
            <ymin>524.2219050480769</ymin>
            <xmax>137.63051194411057</xmax>
            <ymax>642.9615384615385</ymax>
        </bndbox>
    </object>    <object>
        <name>ref</name>
        <pose>Unspecified</pose>
        <truncated>0</truncated>
        <difficult>0</difficult>
        <bndbox>
            <xmin>1213.741319444445</xmin>
            <ymin>204.19184027777777</ymin>
            <xmax>1255.244444444445</xmax>
            <ymax>308.15221879747213</ymax>
        </bndbox>
    </object>    <object>
        <name>player</name>
        <pose>Unspecified</pose>
        <truncated>0</truncated>
        <difficult>0</difficult>
        <bndbox>
            <xmin>476.8323317307698</xmin>
            <ymin>233.73264723557693</ymin>
            <xmax>530.1087042588445</xmax>
            <ymax>324.62776442307836</ymax>
        </bndbox>
    </object>    <object>
        <name>player</name>
        <pose>Unspecified</pose>
        <truncated>0</truncated>
        <difficult>0</difficult>
        <bndbox>
            <xmin>241.47692307692452</xmin>
            <ymin>370.75</ymin>
            <xmax>328.6350185687725</xmax>
            <ymax>497.86923076923154</ymax>
        </bndbox>
    </object>
</annotation>
