<annotation>
    <folder></folder>
    <filename>frame_000358</filename>
    <path></path>
    <source>
        <database>Unknown</database>
    </source>
    <size>
        <width>1280</width>
        <height>720</height>
        <depth>3</depth>
    </size>
    <segmented>0</segmented>
    <object>
        <name>player</name>
        <pose>Unspecified</pose>
        <truncated>0</truncated>
        <difficult>0</difficult>
        <bndbox>
            <xmin>787.2902644230769</xmin>
            <ymin>413.89490685096155</ymin>
            <xmax>869.4323344304007</xmax>
            <ymax>552.209093640735</ymax>
        </bndbox>
    </object>    <object>
        <name>player</name>
        <pose>Unspecified</pose>
        <truncated>0</truncated>
        <difficult>0</difficult>
        <bndbox>
            <xmin>668.3455528846154</xmin>
            <ymin>229.43494591346155</ymin>
            <xmax>748.5212754469651</xmax>
            <ymax>321.1153846153853</ymax>
        </bndbox>
    </object>    <object>
        <name>player</name>
        <pose>Unspecified</pose>
        <truncated>0</truncated>
        <difficult>0</difficult>
        <bndbox>
            <xmin>1149.400405649039</xmin>
            <ymin>497.71859975961536</ymin>
            <xmax>1247.804623663842</xmax>
            <ymax>651.9333369755257</ymax>
        </bndbox>
    </object>    <object>
        <name>player</name>
        <pose>Unspecified</pose>
        <truncated>0</truncated>
        <difficult>0</difficult>
        <bndbox>
            <xmin>1174.2970252403845</xmin>
            <ymin>277.39978966346155</ymin>
            <xmax>1228.0384615384614</xmax>
            <ymax>384.4923076923084</ymax>
        </bndbox>
    </object>    <object>
        <name>player</name>
        <pose>Unspecified</pose>
        <truncated>0</truncated>
        <difficult>0</difficult>
        <bndbox>
            <xmin>393.0775390625005</xmin>
            <ymin>322.8390925480769</ymin>
            <xmax>463.7242009943175</xmax>
            <ymax>447.86153846153866</ymax>
        </bndbox>
    </object>    <object>
        <name>player</name>
        <pose>Unspecified</pose>
        <truncated>0</truncated>
        <difficult>0</difficult>
        <bndbox>
            <xmin>120.42841045673077</xmin>
            <ymin>331.14595853365387</ymin>
            <xmax>196.05384615384634</xmax>
            <ymax>437.4692307692315</ymax>
        </bndbox>
    </object>
</annotation>
