<annotation>
    <folder></folder>
    <filename>frame_000059</filename>
    <path></path>
    <source>
        <database>Unknown</database>
    </source>
    <size>
        <width>1280</width>
        <height>720</height>
        <depth>3</depth>
    </size>
    <segmented>0</segmented>
    <object>
        <name>player</name>
        <pose>Unspecified</pose>
        <truncated>0</truncated>
        <difficult>0</difficult>
        <bndbox>
            <xmin>109.8612109375</xmin>
            <ymin>472.1869921875</ymin>
            <xmax>187.1835000000005</xmax>
            <ymax>571.2473906250004</ymax>
        </bndbox>
    </object>    <object>
        <name>player</name>
        <pose>Unspecified</pose>
        <truncated>0</truncated>
        <difficult>0</difficult>
        <bndbox>
            <xmin>915.821171875</xmin>
            <ymin>612.0542578125</ymin>
            <xmax>1000.5160000000013</xmax>
            <ymax>720.0</ymax>
        </bndbox>
    </object>    <object>
        <name>player</name>
        <pose>Unspecified</pose>
        <truncated>0</truncated>
        <difficult>0</difficult>
        <bndbox>
            <xmin>890.1588309151786</xmin>
            <ymin>362.6283482142857</ymin>
            <xmax>974.3642857142866</xmax>
            <ymax>477.96428571428623</ymax>
        </bndbox>
    </object>    <object>
        <name>keeper</name>
        <pose>Unspecified</pose>
        <truncated>0</truncated>
        <difficult>0</difficult>
        <bndbox>
            <xmin>484.82484375</xmin>
            <ymin>269.3904296875</ymin>
            <xmax>573.8360000000007</xmax>
            <ymax>348.8680000000007</ymax>
        </bndbox>
    </object>    <object>
        <name>player</name>
        <pose>Unspecified</pose>
        <truncated>0</truncated>
        <difficult>0</difficult>
        <bndbox>
            <xmin>423.55970982142856</xmin>
            <ymin>283.62904575892856</ymin>
            <xmax>496.3857130868095</xmax>
            <ymax>383.46428571428703</ymax>
        </bndbox>
    </object>    <object>
        <name>player</name>
        <pose>Unspecified</pose>
        <truncated>0</truncated>
        <difficult>0</difficult>
        <bndbox>
            <xmin>519.322837611608</xmin>
            <ymin>315.7818080357143</ymin>
            <xmax>610.2861251831055</xmax>
            <ymax>424.7071428571439</ymax>
        </bndbox>
    </object>    <object>
        <name>player</name>
        <pose>Unspecified</pose>
        <truncated>0</truncated>
        <difficult>0</difficult>
        <bndbox>
            <xmin>316.16099330357144</xmin>
            <ymin>433.1478794642857</ymin>
            <xmax>434.8199698660715</xmax>
            <ymax>558.232066964286</ymax>
        </bndbox>
    </object>    <object>
        <name>player</name>
        <pose>Unspecified</pose>
        <truncated>0</truncated>
        <difficult>0</difficult>
        <bndbox>
            <xmin>310.5154296875</xmin>
            <ymin>255.3390234375</ymin>
            <xmax>374.5599531250007</xmax>
            <ymax>363.90918750000077</ymax>
        </bndbox>
    </object>    <object>
        <name>player</name>
        <pose>Unspecified</pose>
        <truncated>0</truncated>
        <difficult>0</difficult>
        <bndbox>
            <xmin>278.4821289062506</xmin>
            <ymin>342.1870814732143</ymin>
            <xmax>351.5058175223216</xmax>
            <ymax>466.3642462594171</ymax>
        </bndbox>
    </object>    <object>
        <name>player</name>
        <pose>Unspecified</pose>
        <truncated>0</truncated>
        <difficult>0</difficult>
        <bndbox>
            <xmin>232.3111328125</xmin>
            <ymin>260.00875</ymin>
            <xmax>290.1238479614243</xmax>
            <ymax>371.3167578125004</ymax>
        </bndbox>
    </object>
</annotation>
