<annotation>
    <folder></folder>
    <filename>frame_000032</filename>
    <path></path>
    <source>
        <database>Unknown</database>
    </source>
    <size>
        <width>1280</width>
        <height>720</height>
        <depth>3</depth>
    </size>
    <segmented>0</segmented>
    <object>
        <name>player</name>
        <pose>Unspecified</pose>
        <truncated>0</truncated>
        <difficult>0</difficult>
        <bndbox>
            <xmin>141.3176467483108</xmin>
            <ymin>476.97247149493245</ymin>
            <xmax>234.56436437658488</xmax>
            <ymax>582.2856022190409</ymax>
        </bndbox>
    </object>    <object>
        <name>player</name>
        <pose>Unspecified</pose>
        <truncated>0</truncated>
        <difficult>0</difficult>
        <bndbox>
            <xmin>823.7366153492648</xmin>
            <ymin>621.4759306066177</ymin>
            <xmax>924.4595735437734</xmax>
            <ymax>720.0</ymax>
        </bndbox>
    </object>    <object>
        <name>player</name>
        <pose>Unspecified</pose>
        <truncated>0</truncated>
        <difficult>0</difficult>
        <bndbox>
            <xmin>892.5941176470596</xmin>
            <ymin>325.89171645220586</ymin>
            <xmax>986.7724618350758</xmax>
            <ymax>438.14117647058873</ymax>
        </bndbox>
    </object>    <object>
        <name>keeper</name>
        <pose>Unspecified</pose>
        <truncated>0</truncated>
        <difficult>0</difficult>
        <bndbox>
            <xmin>520.0256204044117</xmin>
            <ymin>272.5328584558824</ymin>
            <xmax>620.9489804436179</xmax>
            <ymax>363.6221786499026</ymax>
        </bndbox>
    </object>    <object>
        <name>player</name>
        <pose>Unspecified</pose>
        <truncated>0</truncated>
        <difficult>0</difficult>
        <bndbox>
            <xmin>395.27642463235327</xmin>
            <ymin>299.43382352941177</ymin>
            <xmax>474.57291825238474</xmax>
            <ymax>422.42352941176506</ymax>
        </bndbox>
    </object>    <object>
        <name>ref</name>
        <pose>Unspecified</pose>
        <truncated>0</truncated>
        <difficult>0</difficult>
        <bndbox>
            <xmin>2.8288717830882355</xmin>
            <ymin>421.2076056985294</ymin>
            <xmax>41.84507603364909</xmax>
            <ymax>522.2912480971393</ymax>
        </bndbox>
    </object>    <object>
        <name>player</name>
        <pose>Unspecified</pose>
        <truncated>0</truncated>
        <difficult>0</difficult>
        <bndbox>
            <xmin>462.97058823529454</xmin>
            <ymin>302.9605928308824</ymin>
            <xmax>554.4849454094382</xmax>
            <ymax>437.8176470588244</ymax>
        </bndbox>
    </object>    <object>
        <name>player</name>
        <pose>Unspecified</pose>
        <truncated>0</truncated>
        <difficult>0</difficult>
        <bndbox>
            <xmin>319.6753216911769</xmin>
            <ymin>396.6870404411768</ymin>
            <xmax>422.97350158691506</xmax>
            <ymax>513.3058814553656</ymax>
        </bndbox>
    </object>    <object>
        <name>player</name>
        <pose>Unspecified</pose>
        <truncated>0</truncated>
        <difficult>0</difficult>
        <bndbox>
            <xmin>270.9326171875</xmin>
            <ymin>258.1686006433824</ymin>
            <xmax>342.5411764705888</xmax>
            <ymax>369.53207720588347</ymax>
        </bndbox>
    </object>    <object>
        <name>player</name>
        <pose>Unspecified</pose>
        <truncated>0</truncated>
        <difficult>0</difficult>
        <bndbox>
            <xmin>236.75294117647184</xmin>
            <ymin>330.4899471507353</ymin>
            <xmax>322.8245180915384</xmax>
            <ymax>463.1235294117659</ymax>
        </bndbox>
    </object>    <object>
        <name>player</name>
        <pose>Unspecified</pose>
        <truncated>0</truncated>
        <difficult>0</difficult>
        <bndbox>
            <xmin>221.93818933823573</xmin>
            <ymin>267.5556066176471</ymin>
            <xmax>281.0117045683009</xmax>
            <ymax>378.8732077205887</ymax>
        </bndbox>
    </object>
</annotation>
