<annotation>
    <folder></folder>
    <filename>frame_000379</filename>
    <path></path>
    <source>
        <database>Unknown</database>
    </source>
    <size>
        <width>1280</width>
        <height>720</height>
        <depth>3</depth>
    </size>
    <segmented>0</segmented>
    <object>
        <name>player</name>
        <pose>Unspecified</pose>
        <truncated>0</truncated>
        <difficult>0</difficult>
        <bndbox>
            <xmin>795.0080000000006</xmin>
            <ymin>386.505703125</ymin>
            <xmax>869.3966766357422</xmax>
            <ymax>520.8920000000007</ymax>
        </bndbox>
    </object>    <object>
        <name>player</name>
        <pose>Unspecified</pose>
        <truncated>0</truncated>
        <difficult>0</difficult>
        <bndbox>
            <xmin>607.8090909090914</xmin>
            <ymin>224.8448863636366</ymin>
            <xmax>682.2126450972123</xmax>
            <ymax>318.10211486816445</ymax>
        </bndbox>
    </object>    <object>
        <name>player</name>
        <pose>Unspecified</pose>
        <truncated>0</truncated>
        <difficult>0</difficult>
        <bndbox>
            <xmin>1171.0417480468755</xmin>
            <ymin>473.2007649739583</ymin>
            <xmax>1267.939697901408</xmax>
            <ymax>631.8000000000012</ymax>
        </bndbox>
    </object>    <object>
        <name>player</name>
        <pose>Unspecified</pose>
        <truncated>0</truncated>
        <difficult>0</difficult>
        <bndbox>
            <xmin>1168.8238932291667</xmin>
            <ymin>274.69266493055557</ymin>
            <xmax>1222.4911111111116</xmax>
            <ymax>384.41333333333466</ymax>
        </bndbox>
    </object>    <object>
        <name>player</name>
        <pose>Unspecified</pose>
        <truncated>0</truncated>
        <difficult>0</difficult>
        <bndbox>
            <xmin>0.3567708333333333</xmin>
            <ymin>313.1637369791667</ymin>
            <xmax>48.89583282470752</xmax>
            <ymax>403.2323801676436</ymax>
        </bndbox>
    </object>    <object>
        <name>player</name>
        <pose>Unspecified</pose>
        <truncated>0</truncated>
        <difficult>0</difficult>
        <bndbox>
            <xmin>430.6906718750005</xmin>
            <ymin>298.03625</ymin>
            <xmax>503.3797031250008</xmax>
            <ymax>410.9080000000006</ymax>
        </bndbox>
    </object>    <object>
        <name>player</name>
        <pose>Unspecified</pose>
        <truncated>0</truncated>
        <difficult>0</difficult>
        <bndbox>
            <xmin>119.33799715909184</xmin>
            <ymin>353.89399857954544</ymin>
            <xmax>229.58495608243075</xmax>
            <ymax>461.3818181818189</ymax>
        </bndbox>
    </object>
</annotation>
