<annotation>
    <folder></folder>
    <filename>frame_000278</filename>
    <path></path>
    <source>
        <database>Unknown</database>
    </source>
    <size>
        <width>1280</width>
        <height>720</height>
        <depth>3</depth>
    </size>
    <segmented>0</segmented>
    <object>
        <name>player</name>
        <pose>Unspecified</pose>
        <truncated>0</truncated>
        <difficult>0</difficult>
        <bndbox>
            <xmin>79.84150390625018</xmin>
            <ymin>321.462890625</ymin>
            <xmax>140.6491797952085</xmax>
            <ymax>419.16623965992767</ymax>
        </bndbox>
    </object>    <object>
        <name>keeper</name>
        <pose>Unspecified</pose>
        <truncated>0</truncated>
        <difficult>0</difficult>
        <bndbox>
            <xmin>332.0595703125</xmin>
            <ymin>280.47216796875</ymin>
            <xmax>388.99453125000036</xmax>
            <ymax>400.4563476562507</ymax>
        </bndbox>
    </object>    <object>
        <name>player</name>
        <pose>Unspecified</pose>
        <truncated>0</truncated>
        <difficult>0</difficult>
        <bndbox>
            <xmin>608.87646484375</xmin>
            <ymin>234.54541015625</ymin>
            <xmax>666.6523779700792</xmax>
            <ymax>326.38249655330856</ymax>
        </bndbox>
    </object>    <object>
        <name>player</name>
        <pose>Unspecified</pose>
        <truncated>0</truncated>
        <difficult>0</difficult>
        <bndbox>
            <xmin>506.20000000000135</xmin>
            <ymin>416.8465983072917</ymin>
            <xmax>617.9847660064697</xmax>
            <ymax>547.7083333333338</ymax>
        </bndbox>
    </object>    <object>
        <name>player</name>
        <pose>Unspecified</pose>
        <truncated>0</truncated>
        <difficult>0</difficult>
        <bndbox>
            <xmin>180.15000000000055</xmin>
            <ymin>271.84130859375</ymin>
            <xmax>249.40124702453613</xmax>
            <ymax>374.7000000000007</ymax>
        </bndbox>
    </object>    <object>
        <name>player</name>
        <pose>Unspecified</pose>
        <truncated>0</truncated>
        <difficult>0</difficult>
        <bndbox>
            <xmin>451.98779296875</xmin>
            <ymin>317.12353515625</ymin>
            <xmax>521.0911071777346</xmax>
            <ymax>437.9500000000007</ymax>
        </bndbox>
    </object>    <object>
        <name>player</name>
        <pose>Unspecified</pose>
        <truncated>0</truncated>
        <difficult>0</difficult>
        <bndbox>
            <xmin>292.4998046875007</xmin>
            <ymin>233.49003906250073</ymin>
            <xmax>358.162109375</xmax>
            <ymax>323.77880859375</ymax>
        </bndbox>
    </object>
</annotation>
