<annotation>
    <folder></folder>
    <filename>frame_000045</filename>
    <path></path>
    <source>
        <database>Unknown</database>
    </source>
    <size>
        <width>1280</width>
        <height>720</height>
        <depth>3</depth>
    </size>
    <segmented>0</segmented>
    <object>
        <name>player</name>
        <pose>Unspecified</pose>
        <truncated>0</truncated>
        <difficult>0</difficult>
        <bndbox>
            <xmin>127.8528515625</xmin>
            <ymin>475.7848828125</ymin>
            <xmax>216.5940000000011</xmax>
            <ymax>577.2626875000007</ymax>
        </bndbox>
    </object>    <object>
        <name>player</name>
        <pose>Unspecified</pose>
        <truncated>0</truncated>
        <difficult>0</difficult>
        <bndbox>
            <xmin>866.642890625</xmin>
            <ymin>618.6512109375</ymin>
            <xmax>956.724000000001</xmax>
            <ymax>720.0</ymax>
        </bndbox>
    </object>    <object>
        <name>player</name>
        <pose>Unspecified</pose>
        <truncated>0</truncated>
        <difficult>0</difficult>
        <bndbox>
            <xmin>888.0576704545457</xmin>
            <ymin>338.3909801136364</ymin>
            <xmax>970.2311386108406</xmax>
            <ymax>458.13636363636465</ymax>
        </bndbox>
    </object>    <object>
        <name>keeper</name>
        <pose>Unspecified</pose>
        <truncated>0</truncated>
        <difficult>0</difficult>
        <bndbox>
            <xmin>503.416953125</xmin>
            <ymin>271.1896484375</ymin>
            <xmax>597.8040000000002</xmax>
            <ymax>356.6520000000005</ymax>
        </bndbox>
    </object>    <object>
        <name>player</name>
        <pose>Unspecified</pose>
        <truncated>0</truncated>
        <difficult>0</difficult>
        <bndbox>
            <xmin>394.32839133522725</xmin>
            <ymin>291.3751775568182</ymin>
            <xmax>477.51818181818237</xmax>
            <ymax>399.8545454545461</ymax>
        </bndbox>
    </object>    <object>
        <name>ref</name>
        <pose>Unspecified</pose>
        <truncated>0</truncated>
        <difficult>0</difficult>
        <bndbox>
            <xmin>0.0</xmin>
            <ymin>416.7978515625</ymin>
            <xmax>25.732031250001093</xmax>
            <ymax>518.5</ymax>
        </bndbox>
    </object>    <object>
        <name>player</name>
        <pose>Unspecified</pose>
        <truncated>0</truncated>
        <difficult>0</difficult>
        <bndbox>
            <xmin>488.05326704545456</xmin>
            <ymin>305.73703835227275</ymin>
            <xmax>568.5376878218217</xmax>
            <ymax>429.2000000000007</ymax>
        </bndbox>
    </object>    <object>
        <name>player</name>
        <pose>Unspecified</pose>
        <truncated>0</truncated>
        <difficult>0</difficult>
        <bndbox>
            <xmin>338.7452947443182</xmin>
            <ymin>414.55593039772725</ymin>
            <xmax>446.6344431818189</xmax>
            <ymax>533.6482272727284</ymax>
        </bndbox>
    </object>    <object>
        <name>player</name>
        <pose>Unspecified</pose>
        <truncated>0</truncated>
        <difficult>0</difficult>
        <bndbox>
            <xmin>285.3263671875</xmin>
            <ymin>256.5383203125</ymin>
            <xmax>353.58543750000047</xmax>
            <ymax>366.886046875001</ymax>
        </bndbox>
    </object>    <object>
        <name>player</name>
        <pose>Unspecified</pose>
        <truncated>0</truncated>
        <difficult>0</difficult>
        <bndbox>
            <xmin>256.71207386363676</xmin>
            <ymin>331.66770241477275</ymin>
            <xmax>328.72977669455844</xmax>
            <ymax>460.6181818181829</ymax>
        </bndbox>
    </object>    <object>
        <name>player</name>
        <pose>Unspecified</pose>
        <truncated>0</truncated>
        <difficult>0</difficult>
        <bndbox>
            <xmin>226.9134765625</xmin>
            <ymin>263.007265625</ymin>
            <xmax>284.72619171142435</xmax>
            <ymax>374.31527343750037</ymax>
        </bndbox>
    </object>
</annotation>
