<annotation>
    <folder></folder>
    <filename>frame_000025</filename>
    <path></path>
    <source>
        <database>Unknown</database>
    </source>
    <size>
        <width>1280</width>
        <height>720</height>
        <depth>3</depth>
    </size>
    <segmented>0</segmented>
    <object>
        <name>player</name>
        <pose>Unspecified</pose>
        <truncated>0</truncated>
        <difficult>0</difficult>
        <bndbox>
            <xmin>145.77504750844594</xmin>
            <ymin>475.7567831503378</ymin>
            <xmax>236.19447450380167</xmax>
            <ymax>584.5054453256973</ymax>
        </bndbox>
    </object>    <object>
        <name>player</name>
        <pose>Unspecified</pose>
        <truncated>0</truncated>
        <difficult>0</difficult>
        <bndbox>
            <xmin>803.0104549632352</xmin>
            <ymin>620.1529756433823</ymin>
            <xmax>914.3229765050554</xmax>
            <ymax>720.0</ymax>
        </bndbox>
    </object>    <object>
        <name>player</name>
        <pose>Unspecified</pose>
        <truncated>0</truncated>
        <difficult>0</difficult>
        <bndbox>
            <xmin>909.8058823529418</xmin>
            <ymin>317.07215073529414</ymin>
            <xmax>993.3873968685375</xmax>
            <ymax>427.558823529412</ymax>
        </bndbox>
    </object>    <object>
        <name>keeper</name>
        <pose>Unspecified</pose>
        <truncated>0</truncated>
        <difficult>0</difficult>
        <bndbox>
            <xmin>528.4040670955883</xmin>
            <ymin>272.9739774816176</ymin>
            <xmax>634.1775530646829</xmax>
            <ymax>367.15322875976574</ymax>
        </bndbox>
    </object>    <object>
        <name>player</name>
        <pose>Unspecified</pose>
        <truncated>0</truncated>
        <difficult>0</difficult>
        <bndbox>
            <xmin>397.0401769301478</xmin>
            <ymin>306.04859834558823</ymin>
            <xmax>476.3550038057218</xmax>
            <ymax>434.77647058823567</ymax>
        </bndbox>
    </object>    <object>
        <name>ref</name>
        <pose>Unspecified</pose>
        <truncated>0</truncated>
        <difficult>0</difficult>
        <bndbox>
            <xmin>6.7892922794117645</xmin>
            <ymin>427.3812614889706</ymin>
            <xmax>52.408182480756295</xmax>
            <ymax>527.5989954331342</ymax>
        </bndbox>
    </object>    <object>
        <name>player</name>
        <pose>Unspecified</pose>
        <truncated>0</truncated>
        <difficult>0</difficult>
        <bndbox>
            <xmin>455.9294117647069</xmin>
            <ymin>302.5198759191176</ymin>
            <xmax>542.1370714973001</xmax>
            <ymax>438.68235294117744</ymax>
        </bndbox>
    </object>    <object>
        <name>player</name>
        <pose>Unspecified</pose>
        <truncated>0</truncated>
        <difficult>0</difficult>
        <bndbox>
            <xmin>299.38971737132454</xmin>
            <ymin>386.5446001838243</ymin>
            <xmax>404.8764038085942</xmax>
            <ymax>504.494115492877</ymax>
        </bndbox>
    </object>    <object>
        <name>player</name>
        <pose>Unspecified</pose>
        <truncated>0</truncated>
        <difficult>0</difficult>
        <bndbox>
            <xmin>270.9326171875</xmin>
            <ymin>259.4915556066176</ymin>
            <xmax>343.85882352941263</xmax>
            <ymax>370.8550321691187</ymax>
        </bndbox>
    </object>    <object>
        <name>player</name>
        <pose>Unspecified</pose>
        <truncated>0</truncated>
        <difficult>0</difficult>
        <bndbox>
            <xmin>232.34705882353035</xmin>
            <ymin>329.6077090992647</ymin>
            <xmax>314.4459897209616</xmax>
            <ymax>463.57647058823665</ymax>
        </bndbox>
    </object>    <object>
        <name>player</name>
        <pose>Unspecified</pose>
        <truncated>0</truncated>
        <difficult>0</difficult>
        <bndbox>
            <xmin>219.29091222426572</xmin>
            <ymin>271.5244715073529</ymin>
            <xmax>280.1295475679281</xmax>
            <ymax>382.8555032169124</ymax>
        </bndbox>
    </object>
</annotation>
