<annotation>
    <folder></folder>
    <filename>frame_000305</filename>
    <path></path>
    <source>
        <database>Unknown</database>
    </source>
    <size>
        <width>1280</width>
        <height>720</height>
        <depth>3</depth>
    </size>
    <segmented>0</segmented>
    <object>
        <name>player</name>
        <pose>Unspecified</pose>
        <truncated>0</truncated>
        <difficult>0</difficult>
        <bndbox>
            <xmin>65.40796875000088</xmin>
            <ymin>335.996875</ymin>
            <xmax>123.35015853881778</xmax>
            <ymax>436.61367187500144</ymax>
        </bndbox>
    </object>    <object>
        <name>keeper</name>
        <pose>Unspecified</pose>
        <truncated>0</truncated>
        <difficult>0</difficult>
        <bndbox>
            <xmin>187.385546875</xmin>
            <ymin>276.7177734375</ymin>
            <xmax>241.73019531250065</xmax>
            <ymax>396.6900781250006</ymax>
        </bndbox>
    </object>    <object>
        <name>player</name>
        <pose>Unspecified</pose>
        <truncated>0</truncated>
        <difficult>0</difficult>
        <bndbox>
            <xmin>338.3400000000009</xmin>
            <ymin>223.8111328125</ymin>
            <xmax>398.647811126709</xmax>
            <ymax>327.48000000000104</ymax>
        </bndbox>
    </object>    <object>
        <name>player</name>
        <pose>Unspecified</pose>
        <truncated>0</truncated>
        <difficult>0</difficult>
        <bndbox>
            <xmin>575.0</xmin>
            <ymin>395.36484375</ymin>
            <xmax>655.6820419311523</xmax>
            <ymax>535.8400000000008</ymax>
        </bndbox>
    </object>    <object>
        <name>player</name>
        <pose>Unspecified</pose>
        <truncated>0</truncated>
        <difficult>0</difficult>
        <bndbox>
            <xmin>189.3923828125</xmin>
            <ymin>273.7279296875</ymin>
            <xmax>243.7927734375</xmax>
            <ymax>370.22793273925674</ymax>
        </bndbox>
    </object>    <object>
        <name>player</name>
        <pose>Unspecified</pose>
        <truncated>0</truncated>
        <difficult>0</difficult>
        <bndbox>
            <xmin>397.5000000000015</xmin>
            <ymin>316.298046875</ymin>
            <xmax>465.1995681762695</xmax>
            <ymax>423.14000000000124</ymax>
        </bndbox>
    </object>    <object>
        <name>player</name>
        <pose>Unspecified</pose>
        <truncated>0</truncated>
        <difficult>0</difficult>
        <bndbox>
            <xmin>233.4806640625</xmin>
            <ymin>218.66171875</ymin>
            <xmax>300.7454296875003</xmax>
            <ymax>312.719140625</ymax>
        </bndbox>
    </object>
</annotation>
