<annotation>
    <folder></folder>
    <filename>frame_000253</filename>
    <path></path>
    <source>
        <database>Unknown</database>
    </source>
    <size>
        <width>1280</width>
        <height>720</height>
        <depth>3</depth>
    </size>
    <segmented>0</segmented>
    <object>
        <name>player</name>
        <pose>Unspecified</pose>
        <truncated>0</truncated>
        <difficult>0</difficult>
        <bndbox>
            <xmin>42.80000000000109</xmin>
            <ymin>305.3681640625</ymin>
            <xmax>100.6455078125</xmax>
            <ymax>416.7000000000007</ymax>
        </bndbox>
    </object>    <object>
        <name>keeper</name>
        <pose>Unspecified</pose>
        <truncated>0</truncated>
        <difficult>0</difficult>
        <bndbox>
            <xmin>391.9384765625</xmin>
            <ymin>275.431640625</ymin>
            <xmax>461.7000000000007</xmax>
            <ymax>386.8000000000011</ymax>
        </bndbox>
    </object>    <object>
        <name>player</name>
        <pose>Unspecified</pose>
        <truncated>0</truncated>
        <difficult>0</difficult>
        <bndbox>
            <xmin>808.4755859375</xmin>
            <ymin>240.0888671875</ymin>
            <xmax>867.3000000000011</xmax>
            <ymax>323.60000000000036</ymax>
        </bndbox>
    </object>    <object>
        <name>player</name>
        <pose>Unspecified</pose>
        <truncated>0</truncated>
        <difficult>0</difficult>
        <bndbox>
            <xmin>1188.689453125</xmin>
            <ymin>640.6298828125</ymin>
            <xmax>1272.2509765625</xmax>
            <ymax>720.0</ymax>
        </bndbox>
    </object>    <object>
        <name>player</name>
        <pose>Unspecified</pose>
        <truncated>0</truncated>
        <difficult>0</difficult>
        <bndbox>
            <xmin>431.7000000000007</xmin>
            <ymin>428.564453125</ymin>
            <xmax>523.7394638061523</xmax>
            <ymax>583.8000000000011</ymax>
        </bndbox>
    </object>    <object>
        <name>player</name>
        <pose>Unspecified</pose>
        <truncated>0</truncated>
        <difficult>0</difficult>
        <bndbox>
            <xmin>138.20000000000073</xmin>
            <ymin>276.4990234375</ymin>
            <xmax>205.46426391601562</xmax>
            <ymax>382.60000000000036</ymax>
        </bndbox>
    </object>    <object>
        <name>player</name>
        <pose>Unspecified</pose>
        <truncated>0</truncated>
        <difficult>0</difficult>
        <bndbox>
            <xmin>477.6142578125</xmin>
            <ymin>322.509765625</ymin>
            <xmax>546.2027343750015</xmax>
            <ymax>459.53261718750036</ymax>
        </bndbox>
    </object>    <object>
        <name>player</name>
        <pose>Unspecified</pose>
        <truncated>0</truncated>
        <difficult>0</difficult>
        <bndbox>
            <xmin>288.10000000000036</xmin>
            <ymin>241.150390625</ymin>
            <xmax>362.9007797241211</xmax>
            <ymax>344.90000000000146</ymax>
        </bndbox>
    </object>
</annotation>
