<annotation>
    <folder></folder>
    <filename>frame_000051</filename>
    <path></path>
    <source>
        <database>Unknown</database>
    </source>
    <size>
        <width>1280</width>
        <height>720</height>
        <depth>3</depth>
    </size>
    <segmented>0</segmented>
    <object>
        <name>player</name>
        <pose>Unspecified</pose>
        <truncated>0</truncated>
        <difficult>0</difficult>
        <bndbox>
            <xmin>120.1421484375</xmin>
            <ymin>474.2429296875</ymin>
            <xmax>203.98950000000085</xmax>
            <ymax>574.6847031250005</ymax>
        </bndbox>
    </object>    <object>
        <name>player</name>
        <pose>Unspecified</pose>
        <truncated>0</truncated>
        <difficult>0</difficult>
        <bndbox>
            <xmin>887.719296875</xmin>
            <ymin>615.8239453125</ymin>
            <xmax>975.4920000000011</xmax>
            <ymax>720.0</ymax>
        </bndbox>
    </object>    <object>
        <name>player</name>
        <pose>Unspecified</pose>
        <truncated>0</truncated>
        <difficult>0</difficult>
        <bndbox>
            <xmin>890.7464425223214</xmin>
            <ymin>346.6919642857143</ymin>
            <xmax>968.1357142857153</xmax>
            <ymax>466.9357142857152</ymax>
        </bndbox>
    </object>    <object>
        <name>keeper</name>
        <pose>Unspecified</pose>
        <truncated>0</truncated>
        <difficult>0</difficult>
        <bndbox>
            <xmin>495.44890625</xmin>
            <ymin>270.4185546875</ymin>
            <xmax>587.5320000000004</xmax>
            <ymax>353.31600000000054</ymax>
        </bndbox>
    </object>    <object>
        <name>player</name>
        <pose>Unspecified</pose>
        <truncated>0</truncated>
        <difficult>0</difficult>
        <bndbox>
            <xmin>402.38560267857144</xmin>
            <ymin>288.35337611607144</ymin>
            <xmax>483.81428538731194</xmax>
            <ymax>391.63571428571515</ymax>
        </bndbox>
    </object>    <object>
        <name>player</name>
        <pose>Unspecified</pose>
        <truncated>0</truncated>
        <difficult>0</difficult>
        <bndbox>
            <xmin>502.0504045758931</xmin>
            <ymin>309.1478794642857</ymin>
            <xmax>581.3507614135742</xmax>
            <ymax>425.79285714285794</ymax>
        </bndbox>
    </object>    <object>
        <name>player</name>
        <pose>Unspecified</pose>
        <truncated>0</truncated>
        <difficult>0</difficult>
        <bndbox>
            <xmin>333.83510044642856</xmin>
            <ymin>422.5239955357143</ymin>
            <xmax>446.33988950892893</xmax>
            <ymax>544.1842455357154</ymax>
        </bndbox>
    </object>    <object>
        <name>player</name>
        <pose>Unspecified</pose>
        <truncated>0</truncated>
        <difficult>0</difficult>
        <bndbox>
            <xmin>296.1216796875</xmin>
            <ymin>256.0243359375</ymin>
            <xmax>362.5745156250006</xmax>
            <ymax>365.61025000000086</ymax>
        </bndbox>
    </object>    <object>
        <name>player</name>
        <pose>Unspecified</pose>
        <truncated>0</truncated>
        <difficult>0</difficult>
        <bndbox>
            <xmin>267.23447265625015</xmin>
            <ymin>334.6859654017857</ymin>
            <xmax>334.91976841517913</xmax>
            <ymax>461.5902489798418</ymax>
        </bndbox>
    </object>    <object>
        <name>player</name>
        <pose>Unspecified</pose>
        <truncated>0</truncated>
        <difficult>0</difficult>
        <bndbox>
            <xmin>229.2267578125</xmin>
            <ymin>261.7221875</ymin>
            <xmax>287.03947296142434</xmax>
            <ymax>373.0301953125004</ymax>
        </bndbox>
    </object>
</annotation>
