<annotation>
    <folder></folder>
    <filename>frame_000370</filename>
    <path></path>
    <source>
        <database>Unknown</database>
    </source>
    <size>
        <width>1280</width>
        <height>720</height>
        <depth>3</depth>
    </size>
    <segmented>0</segmented>
    <object>
        <name>player</name>
        <pose>Unspecified</pose>
        <truncated>0</truncated>
        <difficult>0</difficult>
        <bndbox>
            <xmin>785.3600000000002</xmin>
            <ymin>399.6140625</ymin>
            <xmax>868.2400360107422</xmax>
            <ymax>533.2400000000005</ymax>
        </bndbox>
    </object>    <object>
        <name>player</name>
        <pose>Unspecified</pose>
        <truncated>0</truncated>
        <difficult>0</difficult>
        <bndbox>
            <xmin>630.4318181818184</xmin>
            <ymin>226.24538352272737</ymin>
            <xmax>705.7305783358487</xmax>
            <ymax>320.80075531005946</ymax>
        </bndbox>
    </object>    <object>
        <name>player</name>
        <pose>Unspecified</pose>
        <truncated>0</truncated>
        <difficult>0</difficult>
        <bndbox>
            <xmin>1158.9934814453134</xmin>
            <ymin>484.4460042317708</ymin>
            <xmax>1257.085426012675</xmax>
            <ymax>635.4000000000013</ymax>
        </bndbox>
    </object>    <object>
        <name>player</name>
        <pose>Unspecified</pose>
        <truncated>0</truncated>
        <difficult>0</difficult>
        <bndbox>
            <xmin>1172.6793619791667</xmin>
            <ymin>274.47840711805554</ymin>
            <xmax>1225.7111111111112</xmax>
            <ymax>381.83333333333474</ymax>
        </bndbox>
    </object>    <object>
        <name>player</name>
        <pose>Unspecified</pose>
        <truncated>0</truncated>
        <difficult>0</difficult>
        <bndbox>
            <xmin>417.5823828125009</xmin>
            <ymin>306.9037109375</ymin>
            <xmax>490.2721875000003</xmax>
            <ymax>422.86000000000024</ymax>
        </bndbox>
    </object>    <object>
        <name>player</name>
        <pose>Unspecified</pose>
        <truncated>0</truncated>
        <difficult>0</difficult>
        <bndbox>
            <xmin>120.39324396306851</xmin>
            <ymin>344.76376065340907</ymin>
            <xmax>207.9946271722967</xmax>
            <ymax>452.58636363636435</ymax>
        </bndbox>
    </object>
</annotation>
