<annotation>
    <folder></folder>
    <filename>frame_000323</filename>
    <path></path>
    <source>
        <database>Unknown</database>
    </source>
    <size>
        <width>1280</width>
        <height>720</height>
        <depth>3</depth>
    </size>
    <segmented>0</segmented>
    <object>
        <name>player</name>
        <pose>Unspecified</pose>
        <truncated>0</truncated>
        <difficult>0</difficult>
        <bndbox>
            <xmin>1047.290318080357</xmin>
            <ymin>504.8115234375</ymin>
            <xmax>1148.2571428571443</xmax>
            <ymax>679.1571428571434</ymax>
        </bndbox>
    </object>    <object>
        <name>player</name>
        <pose>Unspecified</pose>
        <truncated>0</truncated>
        <difficult>0</difficult>
        <bndbox>
            <xmin>1092.633091517857</xmin>
            <ymin>244.76953125</ymin>
            <xmax>1156.214285714286</xmax>
            <ymax>344.94285714285746</ymax>
        </bndbox>
    </object>    <object>
        <name>player</name>
        <pose>Unspecified</pose>
        <truncated>0</truncated>
        <difficult>0</difficult>
        <bndbox>
            <xmin>104.85379464285714</xmin>
            <ymin>211.93987165178572</ymin>
            <xmax>168.99715401785787</xmax>
            <ymax>299.75217633928645</ymax>
        </bndbox>
    </object>    <object>
        <name>player</name>
        <pose>Unspecified</pose>
        <truncated>0</truncated>
        <difficult>0</difficult>
        <bndbox>
            <xmin>476.57142857142935</xmin>
            <ymin>374.4052734375</ymin>
            <xmax>590.7508174351284</xmax>
            <ymax>496.6142857142869</ymax>
        </bndbox>
    </object>    <object>
        <name>player</name>
        <pose>Unspecified</pose>
        <truncated>0</truncated>
        <difficult>0</difficult>
        <bndbox>
            <xmin>89.70159040178571</xmin>
            <ymin>275.7474888392857</ymin>
            <xmax>140.11526227678613</xmax>
            <ymax>372.2438637869691</ymax>
        </bndbox>
    </object>    <object>
        <name>player</name>
        <pose>Unspecified</pose>
        <truncated>0</truncated>
        <difficult>0</difficult>
        <bndbox>
            <xmin>283.76478794642964</xmin>
            <ymin>316.5883091517857</ymin>
            <xmax>357.67552555629146</xmax>
            <ymax>414.9881138392861</ymax>
        </bndbox>
    </object>    <object>
        <name>player</name>
        <pose>Unspecified</pose>
        <truncated>0</truncated>
        <difficult>0</difficult>
        <bndbox>
            <xmin>84.3330078125</xmin>
            <ymin>203.974609375</ymin>
            <xmax>134.4328125000011</xmax>
            <ymax>291.56406250000146</ymax>
        </bndbox>
    </object>
</annotation>
