<annotation>
    <folder></folder>
    <filename>frame_000068</filename>
    <path></path>
    <source>
        <database>Unknown</database>
    </source>
    <size>
        <width>1280</width>
        <height>720</height>
        <depth>3</depth>
    </size>
    <segmented>0</segmented>
    <object>
        <name>player</name>
        <pose>Unspecified</pose>
        <truncated>0</truncated>
        <difficult>0</difficult>
        <bndbox>
            <xmin>89.46028645833333</xmin>
            <ymin>462.2591145833333</ymin>
            <xmax>164.3356770833337</xmax>
            <ymax>560.8014973958337</ymax>
        </bndbox>
    </object>    <object>
        <name>player</name>
        <pose>Unspecified</pose>
        <truncated>0</truncated>
        <difficult>0</difficult>
        <bndbox>
            <xmin>958.2088994565217</xmin>
            <ymin>613.7137398097826</ymin>
            <xmax>1041.7495244565232</xmax>
            <ymax>720.0</ymax>
        </bndbox>
    </object>    <object>
        <name>player</name>
        <pose>Unspecified</pose>
        <truncated>0</truncated>
        <difficult>0</difficult>
        <bndbox>
            <xmin>905.3304036458334</xmin>
            <ymin>376.6754557291667</ymin>
            <xmax>995.1697795480917</xmax>
            <ymax>494.6286741394936</ymax>
        </bndbox>
    </object>    <object>
        <name>keeper</name>
        <pose>Unspecified</pose>
        <truncated>0</truncated>
        <difficult>0</difficult>
        <bndbox>
            <xmin>474.6945906929348</xmin>
            <ymin>269.8430281929348</ymin>
            <xmax>558.9173913043486</xmax>
            <ymax>349.70434782608777</ymax>
        </bndbox>
    </object>    <object>
        <name>player</name>
        <pose>Unspecified</pose>
        <truncated>0</truncated>
        <difficult>0</difficult>
        <bndbox>
            <xmin>453.0123697916667</xmin>
            <ymin>279.3430989583333</ymin>
            <xmax>507.89999949137444</xmax>
            <ymax>378.8666666666674</ymax>
        </bndbox>
    </object>    <object>
        <name>player</name>
        <pose>Unspecified</pose>
        <truncated>0</truncated>
        <difficult>0</difficult>
        <bndbox>
            <xmin>552.0666666666675</xmin>
            <ymin>322.4602864583333</ymin>
            <xmax>634.82275390625</xmax>
            <ymax>425.3000000000011</ymax>
        </bndbox>
    </object>    <object>
        <name>player</name>
        <pose>Unspecified</pose>
        <truncated>0</truncated>
        <difficult>0</difficult>
        <bndbox>
            <xmin>288.0208333333333</xmin>
            <ymin>446.2581380208333</ymin>
            <xmax>404.7924479166674</xmax>
            <ymax>579.0419270833336</ymax>
        </bndbox>
    </object>    <object>
        <name>player</name>
        <pose>Unspecified</pose>
        <truncated>0</truncated>
        <difficult>0</difficult>
        <bndbox>
            <xmin>314.4541015625</xmin>
            <ymin>259.5826822916667</ymin>
            <xmax>391.2848307291679</xmax>
            <ymax>366.22376302083404</ymax>
        </bndbox>
    </object>    <object>
        <name>player</name>
        <pose>Unspecified</pose>
        <truncated>0</truncated>
        <difficult>0</difficult>
        <bndbox>
            <xmin>288.47421875000026</xmin>
            <ymin>351.42578125</ymin>
            <xmax>367.04186197916715</xmax>
            <ymax>470.98483174642024</ymax>
        </bndbox>
    </object>    <object>
        <name>player</name>
        <pose>Unspecified</pose>
        <truncated>0</truncated>
        <difficult>0</difficult>
        <bndbox>
            <xmin>236.82010020380434</xmin>
            <ymin>262.9980044157609</ymin>
            <xmax>297.7029698247488</xmax>
            <ymax>375.7157269021742</ymax>
        </bndbox>
    </object>
</annotation>
