<annotation>
    <folder></folder>
    <filename>frame_000341</filename>
    <path></path>
    <source>
        <database>Unknown</database>
    </source>
    <size>
        <width>1280</width>
        <height>720</height>
        <depth>3</depth>
    </size>
    <segmented>0</segmented>
    <object>
        <name>player</name>
        <pose>Unspecified</pose>
        <truncated>0</truncated>
        <difficult>0</difficult>
        <bndbox>
            <xmin>863.5447265625</xmin>
            <ymin>442.6662109375</ymin>
            <xmax>933.9966796875008</xmax>
            <ymax>591.9318359375</ymax>
        </bndbox>
    </object>    <object>
        <name>player</name>
        <pose>Unspecified</pose>
        <truncated>0</truncated>
        <difficult>0</difficult>
        <bndbox>
            <xmin>790.5731640625003</xmin>
            <ymin>228.3080078125</ymin>
            <xmax>867.4454296874995</xmax>
            <ymax>326.785546875</ymax>
        </bndbox>
    </object>    <object>
        <name>player</name>
        <pose>Unspecified</pose>
        <truncated>0</truncated>
        <difficult>0</difficult>
        <bndbox>
            <xmin>1195.384765625</xmin>
            <ymin>524.107421875</ymin>
            <xmax>1279.3400000000008</xmax>
            <ymax>694.4025500488285</ymax>
        </bndbox>
    </object>    <object>
        <name>player</name>
        <pose>Unspecified</pose>
        <truncated>0</truncated>
        <difficult>0</difficult>
        <bndbox>
            <xmin>1226.65625</xmin>
            <ymin>291.9228515625</ymin>
            <xmax>1269.0800000000006</xmax>
            <ymax>390.8910192871102</ymax>
        </bndbox>
    </object>    <object>
        <name>player</name>
        <pose>Unspecified</pose>
        <truncated>0</truncated>
        <difficult>0</difficult>
        <bndbox>
            <xmin>404.513671875</xmin>
            <ymin>350.3849609375</ymin>
            <xmax>475.94000000000017</xmax>
            <ymax>474.5</ymax>
        </bndbox>
    </object>    <object>
        <name>player</name>
        <pose>Unspecified</pose>
        <truncated>0</truncated>
        <difficult>0</difficult>
        <bndbox>
            <xmin>150.3234375</xmin>
            <ymin>316.986328125</ymin>
            <xmax>219.99316406250074</xmax>
            <ymax>419.6277343750007</ymax>
        </bndbox>
    </object>
</annotation>
