<annotation>
    <folder></folder>
    <filename>frame_000011</filename>
    <path></path>
    <source>
        <database>Unknown</database>
    </source>
    <size>
        <width>1280</width>
        <height>720</height>
        <depth>3</depth>
    </size>
    <segmented>0</segmented>
    <object>
        <name>player</name>
        <pose>Unspecified</pose>
        <truncated>0</truncated>
        <difficult>0</difficult>
        <bndbox>
            <xmin>154.68984902871622</xmin>
            <ymin>473.32540646114865</ymin>
            <xmax>239.45469475823523</xmax>
            <ymax>588.9451315390099</ymax>
        </bndbox>
    </object>    <object>
        <name>player</name>
        <pose>Unspecified</pose>
        <truncated>0</truncated>
        <difficult>0</difficult>
        <bndbox>
            <xmin>782.4228515625</xmin>
            <ymin>616.31640625</ymin>
            <xmax>901.2993469238281</xmax>
            <ymax>720.0</ymax>
        </bndbox>
    </object>    <object>
        <name>player</name>
        <pose>Unspecified</pose>
        <truncated>0</truncated>
        <difficult>0</difficult>
        <bndbox>
            <xmin>947.6311718750002</xmin>
            <ymin>300.65185546875</ymin>
            <xmax>1022.2093231201172</xmax>
            <ymax>407.9563133239746</ymax>
        </bndbox>
    </object>    <object>
        <name>keeper</name>
        <pose>Unspecified</pose>
        <truncated>0</truncated>
        <difficult>0</difficult>
        <bndbox>
            <xmin>540.171875</xmin>
            <ymin>273.770703125</ymin>
            <xmax>649.4097366333008</xmax>
            <ymax>370.157048034668</ymax>
        </bndbox>
    </object>    <object>
        <name>player</name>
        <pose>Unspecified</pose>
        <truncated>0</truncated>
        <difficult>0</difficult>
        <bndbox>
            <xmin>390.1414648437506</xmin>
            <ymin>335.351611328125</ymin>
            <xmax>480.037268447876</xmax>
            <ymax>461.90064361572286</ymax>
        </bndbox>
    </object>    <object>
        <name>ref</name>
        <pose>Unspecified</pose>
        <truncated>0</truncated>
        <difficult>0</difficult>
        <bndbox>
            <xmin>24.076171875</xmin>
            <ymin>437.57421875</ymin>
            <xmax>74.4112663269043</xmax>
            <ymax>537.1734466552734</ymax>
        </bndbox>
    </object>    <object>
        <name>player</name>
        <pose>Unspecified</pose>
        <truncated>0</truncated>
        <difficult>0</difficult>
        <bndbox>
            <xmin>441.7221972656258</xmin>
            <ymin>317.1447265625</ymin>
            <xmax>513.0759506225586</xmax>
            <ymax>437.84851860046444</ymax>
        </bndbox>
    </object>    <object>
        <name>player</name>
        <pose>Unspecified</pose>
        <truncated>0</truncated>
        <difficult>0</difficult>
        <bndbox>
            <xmin>258.8551074218758</xmin>
            <ymin>370.1491796875006</ymin>
            <xmax>366.4076606750488</xmax>
            <ymax>493.3759895324707</ymax>
        </bndbox>
    </object>    <object>
        <name>player</name>
        <pose>Unspecified</pose>
        <truncated>0</truncated>
        <difficult>0</difficult>
        <bndbox>
            <xmin>263.70361328125</xmin>
            <ymin>265.256005859375</ymin>
            <xmax>347.2226000213629</xmax>
            <ymax>374.6990908050543</ymax>
        </bndbox>
    </object>    <object>
        <name>player</name>
        <pose>Unspecified</pose>
        <truncated>0</truncated>
        <difficult>0</difficult>
        <bndbox>
            <xmin>231.5937890625004</xmin>
            <ymin>325.122216796875</ymin>
            <xmax>313.7624503326418</xmax>
            <ymax>455.70419921875146</ymax>
        </bndbox>
    </object>    <object>
        <name>player</name>
        <pose>Unspecified</pose>
        <truncated>0</truncated>
        <difficult>0</difficult>
        <bndbox>
            <xmin>209.1999804687508</xmin>
            <ymin>282.070458984375</ymin>
            <xmax>271.3067108154297</xmax>
            <ymax>390.0551816558842</ymax>
        </bndbox>
    </object>
</annotation>
