<annotation>
    <folder></folder>
    <filename>frame_000004</filename>
    <path></path>
    <source>
        <database>Unknown</database>
    </source>
    <size>
        <width>1280</width>
        <height>720</height>
        <depth>3</depth>
    </size>
    <segmented>0</segmented>
    <object>
        <name>player</name>
        <pose>Unspecified</pose>
        <truncated>0</truncated>
        <difficult>0</difficult>
        <bndbox>
            <xmin>159.14724978885135</xmin>
            <ymin>472.10971811655406</ymin>
            <xmax>241.084804885452</xmax>
            <ymax>591.1649746456662</ymax>
        </bndbox>
    </object>    <object>
        <name>player</name>
        <pose>Unspecified</pose>
        <truncated>0</truncated>
        <difficult>0</difficult>
        <bndbox>
            <xmin>777.9248046875</xmin>
            <ymin>614.0673828125</ymin>
            <xmax>896.8013000488281</xmax>
            <ymax>720.0</ymax>
        </bndbox>
    </object>    <object>
        <name>player</name>
        <pose>Unspecified</pose>
        <truncated>0</truncated>
        <difficult>0</difficult>
        <bndbox>
            <xmin>967.4887500000001</xmin>
            <ymin>292.7802734375</ymin>
            <xmax>1040.9514129638671</xmax>
            <ymax>398.58900146484376</ymax>
        </bndbox>
    </object>    <object>
        <name>keeper</name>
        <pose>Unspecified</pose>
        <truncated>0</truncated>
        <difficult>0</difficult>
        <bndbox>
            <xmin>544.669921875</xmin>
            <ymin>274.1453125</ymin>
            <xmax>653.9077835083008</xmax>
            <ymax>370.53165740966796</ymax>
        </bndbox>
    </object>    <object>
        <name>player</name>
        <pose>Unspecified</pose>
        <truncated>0</truncated>
        <difficult>0</difficult>
        <bndbox>
            <xmin>383.7959375000002</xmin>
            <ymin>354.46796875</ymin>
            <xmax>481.9112045288086</xmax>
            <ymax>476.1344775390626</ymax>
        </bndbox>
    </object>    <object>
        <name>ref</name>
        <pose>Unspecified</pose>
        <truncated>0</truncated>
        <difficult>0</difficult>
        <bndbox>
            <xmin>35.3212890625</xmin>
            <ymin>442.072265625</ymin>
            <xmax>85.6563835144043</xmax>
            <ymax>541.6714935302734</ymax>
        </bndbox>
    </object>    <object>
        <name>player</name>
        <pose>Unspecified</pose>
        <truncated>0</truncated>
        <difficult>0</difficult>
        <bndbox>
            <xmin>434.58390625000027</xmin>
            <ymin>328.764453125</ymin>
            <xmax>497.3327865600586</xmax>
            <ymax>436.7195886230471</ymax>
        </bndbox>
    </object>    <object>
        <name>player</name>
        <pose>Unspecified</pose>
        <truncated>0</truncated>
        <difficult>0</difficult>
        <bndbox>
            <xmin>238.5979687500003</xmin>
            <ymin>363.03187500000024</ymin>
            <xmax>346.5414703369141</xmax>
            <ymax>489.6239837646484</ymax>
        </bndbox>
    </object>    <object>
        <name>player</name>
        <pose>Unspecified</pose>
        <truncated>0</truncated>
        <difficult>0</difficult>
        <bndbox>
            <xmin>258.0810546875</xmin>
            <ymin>269.0044921875</ymin>
            <xmax>349.1068444824221</xmax>
            <ymax>376.9539392089846</ymax>
        </bndbox>
    </object>    <object>
        <name>player</name>
        <pose>Unspecified</pose>
        <truncated>0</truncated>
        <difficult>0</difficult>
        <bndbox>
            <xmin>233.45562500000014</xmin>
            <ymin>322.1236328125</ymin>
            <xmax>317.8855465698245</xmax>
            <ymax>449.32968750000146</ymax>
        </bndbox>
    </object>    <object>
        <name>player</name>
        <pose>Unspecified</pose>
        <truncated>0</truncated>
        <difficult>0</difficult>
        <bndbox>
            <xmin>202.8221875000003</xmin>
            <ymin>288.06796875</ymin>
            <xmax>264.93459167480466</xmax>
            <ymax>393.44254516601575</ymax>
        </bndbox>
    </object>
</annotation>
