<annotation>
    <folder></folder>
    <filename>frame_000280</filename>
    <path></path>
    <source>
        <database>Unknown</database>
    </source>
    <size>
        <width>1280</width>
        <height>720</height>
        <depth>3</depth>
    </size>
    <segmented>0</segmented>
    <object>
        <name>player</name>
        <pose>Unspecified</pose>
        <truncated>0</truncated>
        <difficult>0</difficult>
        <bndbox>
            <xmin>82.8854137073865</xmin>
            <ymin>321.85795454545456</ymin>
            <xmax>143.4439168919847</xmax>
            <ymax>419.81464687082354</ymax>
        </bndbox>
    </object>    <object>
        <name>keeper</name>
        <pose>Unspecified</pose>
        <truncated>0</truncated>
        <difficult>0</difficult>
        <bndbox>
            <xmin>326.0403941761364</xmin>
            <ymin>280.6096857244318</ymin>
            <xmax>382.97535511363674</xmax>
            <ymax>400.59386541193254</ymax>
        </bndbox>
    </object>    <object>
        <name>player</name>
        <pose>Unspecified</pose>
        <truncated>0</truncated>
        <difficult>0</difficult>
        <bndbox>
            <xmin>593.0313831676136</xmin>
            <ymin>233.5375088778409</ymin>
            <xmax>650.6166597600934</xmax>
            <ymax>326.8884050175464</ymax>
        </bndbox>
    </object>    <object>
        <name>player</name>
        <pose>Unspecified</pose>
        <truncated>0</truncated>
        <difficult>0</difficult>
        <bndbox>
            <xmin>518.8000000000011</xmin>
            <ymin>415.494873046875</ymin>
            <xmax>625.9681987762451</xmax>
            <ymax>547.9250000000006</ymax>
        </bndbox>
    </object>    <object>
        <name>player</name>
        <pose>Unspecified</pose>
        <truncated>0</truncated>
        <difficult>0</difficult>
        <bndbox>
            <xmin>184.66818181818226</xmin>
            <ymin>271.96817294034093</ymin>
            <xmax>253.495399648493</xmax>
            <ymax>373.84545454545514</ymax>
        </bndbox>
    </object>    <object>
        <name>player</name>
        <pose>Unspecified</pose>
        <truncated>0</truncated>
        <difficult>0</difficult>
        <bndbox>
            <xmin>449.0809215198864</xmin>
            <ymin>317.31254438920456</ymin>
            <xmax>519.4531266645953</xmax>
            <ymax>437.1409090909097</ymax>
        </bndbox>
    </object>    <object>
        <name>player</name>
        <pose>Unspecified</pose>
        <truncated>0</truncated>
        <difficult>0</difficult>
        <bndbox>
            <xmin>293.2998401988645</xmin>
            <ymin>232.29185014204631</ymin>
            <xmax>358.28249289772725</xmax>
            <ymax>322.2840465198864</ymax>
        </bndbox>
    </object>
</annotation>
