<annotation>
    <folder></folder>
    <filename>frame_000499</filename>
    <path></path>
    <source>
        <database>Unknown</database>
    </source>
    <size>
        <width>1280</width>
        <height>720</height>
        <depth>3</depth>
    </size>
    <segmented>0</segmented>
    <object>
        <name>player</name>
        <pose>Unspecified</pose>
        <truncated>0</truncated>
        <difficult>0</difficult>
        <bndbox>
            <xmin>654.12421875</xmin>
            <ymin>242.9112109375</ymin>
            <xmax>710.4480000000004</xmax>
            <ymax>329.29600000000084</ymax>
        </bndbox>
    </object>    <object>
        <name>player</name>
        <pose>Unspecified</pose>
        <truncated>0</truncated>
        <difficult>0</difficult>
        <bndbox>
            <xmin>95.99188281250012</xmin>
            <ymin>235.8478515625</ymin>
            <xmax>155.75379840087868</xmax>
            <ymax>320.50859375000147</ymax>
        </bndbox>
    </object>    <object>
        <name>player</name>
        <pose>Unspecified</pose>
        <truncated>0</truncated>
        <difficult>0</difficult>
        <bndbox>
            <xmin>1011.5751953125</xmin>
            <ymin>387.3230859375</ymin>
            <xmax>1083.4960000000003</xmax>
            <ymax>502.028000000001</ymax>
        </bndbox>
    </object>    <object>
        <name>player</name>
        <pose>Unspecified</pose>
        <truncated>0</truncated>
        <difficult>0</difficult>
        <bndbox>
            <xmin>897.571875</xmin>
            <ymin>255.76765625</ymin>
            <xmax>955.0480000000006</xmax>
            <ymax>334.62400000000093</ymax>
        </bndbox>
    </object>    <object>
        <name>player</name>
        <pose>Unspecified</pose>
        <truncated>0</truncated>
        <difficult>0</difficult>
        <bndbox>
            <xmin>232.48463281250034</xmin>
            <ymin>250.13375</ymin>
            <xmax>273.9653752441416</xmax>
            <ymax>365.1240000000011</ymax>
        </bndbox>
    </object>    <object>
        <name>player</name>
        <pose>Unspecified</pose>
        <truncated>0</truncated>
        <difficult>0</difficult>
        <bndbox>
            <xmin>356.5</xmin>
            <ymin>544.9677734375</ymin>
            <xmax>437.6492691040039</xmax>
            <ymax>667.6000000000004</ymax>
        </bndbox>
    </object>    <object>
        <name>ref</name>
        <pose>Unspecified</pose>
        <truncated>0</truncated>
        <difficult>0</difficult>
        <bndbox>
            <xmin>956.05484375</xmin>
            <ymin>180.6679296875</ymin>
            <xmax>1004.5960000000007</xmax>
            <ymax>273.8</ymax>
        </bndbox>
    </object>    <object>
        <name>player</name>
        <pose>Unspecified</pose>
        <truncated>0</truncated>
        <difficult>0</difficult>
        <bndbox>
            <xmin>495.7240000000002</xmin>
            <ymin>216.4724609375</ymin>
            <xmax>547.1164251708984</xmax>
            <ymax>322.40000000000146</ymax>
        </bndbox>
    </object>    <object>
        <name>player</name>
        <pose>Unspecified</pose>
        <truncated>0</truncated>
        <difficult>0</difficult>
        <bndbox>
            <xmin>377.6040000000002</xmin>
            <ymin>383.0016015625</ymin>
            <xmax>442.6211459350586</xmax>
            <ymax>512.2240000000011</ymax>
        </bndbox>
    </object>
</annotation>
