<annotation>
    <folder></folder>
    <filename>frame_000432</filename>
    <path></path>
    <source>
        <database>Unknown</database>
    </source>
    <size>
        <width>1280</width>
        <height>720</height>
        <depth>3</depth>
    </size>
    <segmented>0</segmented>
    <object>
        <name>player</name>
        <pose>Unspecified</pose>
        <truncated>0</truncated>
        <difficult>0</difficult>
        <bndbox>
            <xmin>810.5072115384615</xmin>
            <ymin>319.24256310096155</ymin>
            <xmax>875.8846153846159</xmax>
            <ymax>441.5846153846156</ymax>
        </bndbox>
    </object>    <object>
        <name>player</name>
        <pose>Unspecified</pose>
        <truncated>0</truncated>
        <difficult>0</difficult>
        <bndbox>
            <xmin>437.54154146634613</xmin>
            <ymin>207.00465745192307</ymin>
            <xmax>498.3509014423083</xmax>
            <ymax>301.9702524038464</ymax>
        </bndbox>
    </object>    <object>
        <name>player</name>
        <pose>Unspecified</pose>
        <truncated>0</truncated>
        <difficult>0</difficult>
        <bndbox>
            <xmin>1190.4420072115386</xmin>
            <ymin>426.3527644230769</ymin>
            <xmax>1262.4527493990386</xmax>
            <ymax>574.1627253605773</ymax>
        </bndbox>
    </object>    <object>
        <name>player</name>
        <pose>Unspecified</pose>
        <truncated>0</truncated>
        <difficult>0</difficult>
        <bndbox>
            <xmin>1083.7074068509614</xmin>
            <ymin>276.58458533653845</ymin>
            <xmax>1144.9113131009622</xmax>
            <ymax>384.81134314903954</ymax>
        </bndbox>
    </object>    <object>
        <name>player</name>
        <pose>Unspecified</pose>
        <truncated>0</truncated>
        <difficult>0</difficult>
        <bndbox>
            <xmin>118.04717548077006</xmin>
            <ymin>303.57947716346155</ymin>
            <xmax>185.94260934682993</xmax>
            <ymax>426.86923076923114</ymax>
        </bndbox>
    </object>    <object>
        <name>player</name>
        <pose>Unspecified</pose>
        <truncated>0</truncated>
        <difficult>0</difficult>
        <bndbox>
            <xmin>4.684615384615636</xmin>
            <ymin>505.27403846153845</ymin>
            <xmax>104.18426983173077</xmax>
            <ymax>622.0384615384623</ymax>
        </bndbox>
    </object>    <object>
        <name>player</name>
        <pose>Unspecified</pose>
        <truncated>0</truncated>
        <difficult>0</difficult>
        <bndbox>
            <xmin>505.93846153846215</xmin>
            <ymin>253.00954026442307</ymin>
            <xmax>569.1575907193698</xmax>
            <ymax>338.13076923076983</ymax>
        </bndbox>
    </object>    <object>
        <name>player</name>
        <pose>Unspecified</pose>
        <truncated>0</truncated>
        <difficult>0</difficult>
        <bndbox>
            <xmin>229.09230769230888</xmin>
            <ymin>381.4598858173077</ymin>
            <xmax>331.60067690335785</xmax>
            <ymax>504.976923076924</ymax>
        </bndbox>
    </object>
</annotation>
