<annotation>
    <folder></folder>
    <filename>frame_000312</filename>
    <path></path>
    <source>
        <database>Unknown</database>
    </source>
    <size>
        <width>1280</width>
        <height>720</height>
        <depth>3</depth>
    </size>
    <segmented>0</segmented>
    <object>
        <name>player</name>
        <pose>Unspecified</pose>
        <truncated>0</truncated>
        <difficult>0</difficult>
        <bndbox>
            <xmin>1180.8544363839299</xmin>
            <ymin>553.3102120535726</ymin>
            <xmax>1272.356972830636</xmax>
            <ymax>718.771258544922</ymax>
        </bndbox>
    </object>    <object>
        <name>player</name>
        <pose>Unspecified</pose>
        <truncated>0</truncated>
        <difficult>0</difficult>
        <bndbox>
            <xmin>32.931361607142854</xmin>
            <ymin>340.4033203125</ymin>
            <xmax>88.71241858345977</xmax>
            <ymax>441.02011718750146</ymax>
        </bndbox>
    </object>    <object>
        <name>keeper</name>
        <pose>Unspecified</pose>
        <truncated>0</truncated>
        <difficult>0</difficult>
        <bndbox>
            <xmin>114.86635044642857</xmin>
            <ymin>278.95145089285717</ymin>
            <xmax>165.32553013392968</xmax>
            <ymax>398.90594308035753</ymax>
        </bndbox>
    </object>    <object>
        <name>player</name>
        <pose>Unspecified</pose>
        <truncated>0</truncated>
        <difficult>0</difficult>
        <bndbox>
            <xmin>245.91350446428572</xmin>
            <ymin>224.48479352678572</ymin>
            <xmax>312.23783285958444</xmax>
            <ymax>318.2571428571443</ymax>
        </bndbox>
    </object>    <object>
        <name>player</name>
        <pose>Unspecified</pose>
        <truncated>0</truncated>
        <difficult>0</difficult>
        <bndbox>
            <xmin>551.3428571428574</xmin>
            <ymin>388.17452566964283</ymin>
            <xmax>638.1791959490095</xmax>
            <ymax>516.5142857142857</ymax>
        </bndbox>
    </object>    <object>
        <name>player</name>
        <pose>Unspecified</pose>
        <truncated>0</truncated>
        <difficult>0</difficult>
        <bndbox>
            <xmin>159.31389508928572</xmin>
            <ymin>274.52315848214283</ymin>
            <xmax>213.71428571428572</xmax>
            <ymax>371.02316153389955</ymax>
        </bndbox>
    </object>    <object>
        <name>player</name>
        <pose>Unspecified</pose>
        <truncated>0</truncated>
        <difficult>0</difficult>
        <bndbox>
            <xmin>354.6273158482155</xmin>
            <ymin>312.5712611607144</ymin>
            <xmax>430.65387529645625</xmax>
            <ymax>419.900000217984</ymax>
        </bndbox>
    </object>    <object>
        <name>player</name>
        <pose>Unspecified</pose>
        <truncated>0</truncated>
        <difficult>0</difficult>
        <bndbox>
            <xmin>189.26171875</xmin>
            <ymin>211.47140066964286</ymin>
            <xmax>252.86741027832093</xmax>
            <ymax>307.9714285714287</ymax>
        </bndbox>
    </object>
</annotation>
