<annotation>
    <folder></folder>
    <filename>frame_000303</filename>
    <path></path>
    <source>
        <database>Unknown</database>
    </source>
    <size>
        <width>1280</width>
        <height>720</height>
        <depth>3</depth>
    </size>
    <segmented>0</segmented>
    <object>
        <name>player</name>
        <pose>Unspecified</pose>
        <truncated>0</truncated>
        <difficult>0</difficult>
        <bndbox>
            <xmin>74.40398437500116</xmin>
            <ymin>335.1400390625</ymin>
            <xmax>132.34617416381806</xmax>
            <ymax>435.7568359375015</ymax>
        </bndbox>
    </object>    <object>
        <name>keeper</name>
        <pose>Unspecified</pose>
        <truncated>0</truncated>
        <difficult>0</difficult>
        <bndbox>
            <xmin>207.7337890625</xmin>
            <ymin>276.0751953125</ymin>
            <xmax>263.3735937500005</xmax>
            <ymax>396.05343750000065</ymax>
        </bndbox>
    </object>    <object>
        <name>player</name>
        <pose>Unspecified</pose>
        <truncated>0</truncated>
        <difficult>0</difficult>
        <bndbox>
            <xmin>365.12000000000114</xmin>
            <ymin>223.3826171875</ymin>
            <xmax>423.0657020568848</xmax>
            <ymax>329.8400000000009</ymax>
        </bndbox>
    </object>    <object>
        <name>player</name>
        <pose>Unspecified</pose>
        <truncated>0</truncated>
        <difficult>0</difficult>
        <bndbox>
            <xmin>581.0</xmin>
            <ymin>397.506640625</ymin>
            <xmax>660.3943466186523</xmax>
            <ymax>541.6200000000011</ymax>
        </bndbox>
    </object>    <object>
        <name>player</name>
        <pose>Unspecified</pose>
        <truncated>0</truncated>
        <difficult>0</difficult>
        <bndbox>
            <xmin>197.531640625</xmin>
            <ymin>273.5138671875</ymin>
            <xmax>251.93203125</xmax>
            <ymax>370.01387023925673</ymax>
        </bndbox>
    </object>    <object>
        <name>player</name>
        <pose>Unspecified</pose>
        <truncated>0</truncated>
        <difficult>0</difficult>
        <bndbox>
            <xmin>409.70000000000147</xmin>
            <ymin>317.7974609375</ymin>
            <xmax>474.6239044189453</xmax>
            <ymax>424.22000000000116</ymax>
        </bndbox>
    </object>    <object>
        <name>player</name>
        <pose>Unspecified</pose>
        <truncated>0</truncated>
        <difficult>0</difficult>
        <bndbox>
            <xmin>245.261328125</xmin>
            <ymin>220.803515625</ymin>
            <xmax>313.59390625000015</xmax>
            <ymax>313.7921875</ymax>
        </bndbox>
    </object>
</annotation>
