<annotation>
    <folder></folder>
    <filename>frame_000180</filename>
    <path></path>
    <source>
        <database>Unknown</database>
    </source>
    <size>
        <width>1280</width>
        <height>720</height>
        <depth>3</depth>
    </size>
    <segmented>0</segmented>
    <object>
        <name>ref</name>
        <pose>Unspecified</pose>
        <truncated>0</truncated>
        <difficult>0</difficult>
        <bndbox>
            <xmin>63.25189887152778</xmin>
            <ymin>403.4034830729167</ymin>
            <xmax>116.79428168402814</xmax>
            <ymax>511.6487955729178</ymax>
        </bndbox>
    </object>    <object>
        <name>player</name>
        <pose>Unspecified</pose>
        <truncated>0</truncated>
        <difficult>0</difficult>
        <bndbox>
            <xmin>120.54931640625</xmin>
            <ymin>340.82958984375</ymin>
            <xmax>206.1611111111118</xmax>
            <ymax>461.26666666666705</ymax>
        </bndbox>
    </object>    <object>
        <name>keeper</name>
        <pose>Unspecified</pose>
        <truncated>0</truncated>
        <difficult>0</difficult>
        <bndbox>
            <xmin>591.4242720170455</xmin>
            <ymin>276.77139559659093</ymin>
            <xmax>691.641202526914</xmax>
            <ymax>369.0913791492232</ymax>
        </bndbox>
    </object>    <object>
        <name>player</name>
        <pose>Unspecified</pose>
        <truncated>0</truncated>
        <difficult>0</difficult>
        <bndbox>
            <xmin>1064.555859375</xmin>
            <ymin>284.5335286458333</ymin>
            <xmax>1156.9600000000014</xmax>
            <ymax>402.6333333333344</ymax>
        </bndbox>
    </object>    <object>
        <name>player</name>
        <pose>Unspecified</pose>
        <truncated>0</truncated>
        <difficult>0</difficult>
        <bndbox>
            <xmin>1154.5603841145833</xmin>
            <ymin>458.74359809027777</ymin>
            <xmax>1239.027777777779</xmax>
            <ymax>628.9444444444448</ymax>
        </bndbox>
    </object>    <object>
        <name>player</name>
        <pose>Unspecified</pose>
        <truncated>0</truncated>
        <difficult>0</difficult>
        <bndbox>
            <xmin>253.4107421875</xmin>
            <ymin>442.3718554687501</ymin>
            <xmax>342.5181304931639</xmax>
            <ymax>582.3451390075691</ymax>
        </bndbox>
    </object>    <object>
        <name>player</name>
        <pose>Unspecified</pose>
        <truncated>0</truncated>
        <difficult>0</difficult>
        <bndbox>
            <xmin>277.2633897569448</xmin>
            <ymin>341.23280164930554</ymin>
            <xmax>355.63561486138246</xmax>
            <ymax>457.0944444444445</ymax>
        </bndbox>
    </object>    <object>
        <name>player</name>
        <pose>Unspecified</pose>
        <truncated>0</truncated>
        <difficult>0</difficult>
        <bndbox>
            <xmin>704.9556749131945</xmin>
            <ymin>374.9274631076389</ymin>
            <xmax>788.3166666666681</xmax>
            <ymax>525.2000000000014</ymax>
        </bndbox>
    </object>    <object>
        <name>player</name>
        <pose>Unspecified</pose>
        <truncated>0</truncated>
        <difficult>0</difficult>
        <bndbox>
            <xmin>503.2228190104167</xmin>
            <ymin>283.751953125</ymin>
            <xmax>579.0944444444452</xmax>
            <ymax>401.17777777777854</ymax>
        </bndbox>
    </object>
</annotation>
