<annotation>
    <folder></folder>
    <filename>frame_000186</filename>
    <path></path>
    <source>
        <database>Unknown</database>
    </source>
    <size>
        <width>1280</width>
        <height>720</height>
        <depth>3</depth>
    </size>
    <segmented>0</segmented>
    <object>
        <name>ref</name>
        <pose>Unspecified</pose>
        <truncated>0</truncated>
        <difficult>0</difficult>
        <bndbox>
            <xmin>50.750732421875</xmin>
            <ymin>406.307373046875</ymin>
            <xmax>104.29311523437536</xmax>
            <ymax>514.5526855468761</ymax>
        </bndbox>
    </object>    <object>
        <name>player</name>
        <pose>Unspecified</pose>
        <truncated>0</truncated>
        <difficult>0</difficult>
        <bndbox>
            <xmin>112.93359375</xmin>
            <ymin>333.2138671875</ymin>
            <xmax>193.85000000000082</xmax>
            <ymax>454.77500000000055</ymax>
        </bndbox>
    </object>    <object>
        <name>keeper</name>
        <pose>Unspecified</pose>
        <truncated>0</truncated>
        <difficult>0</difficult>
        <bndbox>
            <xmin>581.8468572443181</xmin>
            <ymin>276.6946910511364</ymin>
            <xmax>680.7151446620818</xmax>
            <ymax>369.865270820874</ymax>
        </bndbox>
    </object>    <object>
        <name>player</name>
        <pose>Unspecified</pose>
        <truncated>0</truncated>
        <difficult>0</difficult>
        <bndbox>
            <xmin>1078.9312065972222</xmin>
            <ymin>279.0002170138889</ymin>
            <xmax>1161.6246763441302</xmax>
            <ymax>395.459505208334</ymax>
        </bndbox>
    </object>    <object>
        <name>player</name>
        <pose>Unspecified</pose>
        <truncated>0</truncated>
        <difficult>0</difficult>
        <bndbox>
            <xmin>1154.7088758680557</xmin>
            <ymin>472.4876302083333</ymin>
            <xmax>1246.5796278211822</xmax>
            <ymax>643.0894368489579</ymax>
        </bndbox>
    </object>    <object>
        <name>player</name>
        <pose>Unspecified</pose>
        <truncated>0</truncated>
        <difficult>0</difficult>
        <bndbox>
            <xmin>255.09819878472223</xmin>
            <ymin>444.3611111111111</ymin>
            <xmax>366.4577977498371</xmax>
            <ymax>587.4539062500012</ymax>
        </bndbox>
    </object>    <object>
        <name>player</name>
        <pose>Unspecified</pose>
        <truncated>0</truncated>
        <difficult>0</difficult>
        <bndbox>
            <xmin>255.69689670138905</xmin>
            <ymin>333.5275607638889</ymin>
            <xmax>332.9710083007815</xmax>
            <ymax>448.05555555555617</ymax>
        </bndbox>
    </object>    <object>
        <name>player</name>
        <pose>Unspecified</pose>
        <truncated>0</truncated>
        <difficult>0</difficult>
        <bndbox>
            <xmin>703.2204861111111</xmin>
            <ymin>368.115234375</ymin>
            <xmax>781.3254506429043</xmax>
            <ymax>517.6777777777793</ymax>
        </bndbox>
    </object>    <object>
        <name>player</name>
        <pose>Unspecified</pose>
        <truncated>0</truncated>
        <difficult>0</difficult>
        <bndbox>
            <xmin>493.01898871527777</xmin>
            <ymin>280.8361545138889</ymin>
            <xmax>562.3111111111116</xmax>
            <ymax>400.0888888888894</ymax>
        </bndbox>
    </object>
</annotation>
