<annotation>
    <folder></folder>
    <filename>frame_000346</filename>
    <path></path>
    <source>
        <database>Unknown</database>
    </source>
    <size>
        <width>1280</width>
        <height>720</height>
        <depth>3</depth>
    </size>
    <segmented>0</segmented>
    <object>
        <name>player</name>
        <pose>Unspecified</pose>
        <truncated>0</truncated>
        <difficult>0</difficult>
        <bndbox>
            <xmin>828.7858072916666</xmin>
            <ymin>431.9339192708333</ymin>
            <xmax>901.5757837931318</xmax>
            <ymax>579.0092566287882</ymax>
        </bndbox>
    </object>    <object>
        <name>player</name>
        <pose>Unspecified</pose>
        <truncated>0</truncated>
        <difficult>0</difficult>
        <bndbox>
            <xmin>740.7936197916666</xmin>
            <ymin>229.94401041666666</ymin>
            <xmax>820.0183593749995</xmax>
            <ymax>325.1283854166668</ymax>
        </bndbox>
    </object>    <object>
        <name>player</name>
        <pose>Unspecified</pose>
        <truncated>0</truncated>
        <difficult>0</difficult>
        <bndbox>
            <xmin>1169.8037109375</xmin>
            <ymin>512.177734375</ymin>
            <xmax>1267.6061170404616</xmax>
            <ymax>679.2634943181826</ymax>
        </bndbox>
    </object>    <object>
        <name>player</name>
        <pose>Unspecified</pose>
        <truncated>0</truncated>
        <difficult>0</difficult>
        <bndbox>
            <xmin>1198.7721354166667</xmin>
            <ymin>286.2369791666667</ymin>
            <xmax>1250.7000000000007</xmax>
            <ymax>387.9333333333343</ymax>
        </bndbox>
    </object>    <object>
        <name>player</name>
        <pose>Unspecified</pose>
        <truncated>0</truncated>
        <difficult>0</difficult>
        <bndbox>
            <xmin>388.9267578125</xmin>
            <ymin>342.9205729166667</ymin>
            <xmax>456.07015269886324</xmax>
            <ymax>470.8666666666668</ymax>
        </bndbox>
    </object>    <object>
        <name>player</name>
        <pose>Unspecified</pose>
        <truncated>0</truncated>
        <difficult>0</difficult>
        <bndbox>
            <xmin>132.77571614583334</xmin>
            <ymin>320.1214192708333</ymin>
            <xmax>204.6035156250006</xmax>
            <ymax>423.5085937500007</ymax>
        </bndbox>
    </object>
</annotation>
