<annotation>
    <folder></folder>
    <filename>frame_000168</filename>
    <path></path>
    <source>
        <database>Unknown</database>
    </source>
    <size>
        <width>1280</width>
        <height>720</height>
        <depth>3</depth>
    </size>
    <segmented>0</segmented>
    <object>
        <name>ref</name>
        <pose>Unspecified</pose>
        <truncated>0</truncated>
        <difficult>0</difficult>
        <bndbox>
            <xmin>52.622341579861114</xmin>
            <ymin>400.6866861979167</ymin>
            <xmax>106.16472439236148</xmax>
            <ymax>508.9319986979178</ymax>
        </bndbox>
    </object>    <object>
        <name>player</name>
        <pose>Unspecified</pose>
        <truncated>0</truncated>
        <difficult>0</difficult>
        <bndbox>
            <xmin>115.55126953125</xmin>
            <ymin>355.10888671875</ymin>
            <xmax>199.69444444444466</xmax>
            <ymax>481.26666666666705</ymax>
        </bndbox>
    </object>    <object>
        <name>keeper</name>
        <pose>Unspecified</pose>
        <truncated>0</truncated>
        <difficult>0</difficult>
        <bndbox>
            <xmin>590.230224609375</xmin>
            <ymin>274.3819580078125</ymin>
            <xmax>693.144441303454</xmax>
            <ymax>365.00074912623427</ymax>
        </bndbox>
    </object>    <object>
        <name>player</name>
        <pose>Unspecified</pose>
        <truncated>0</truncated>
        <difficult>0</difficult>
        <bndbox>
            <xmin>1014.577734375</xmin>
            <ymin>290.9593098958333</ymin>
            <xmax>1097.6800000000012</xmax>
            <ymax>412.6333333333344</ymax>
        </bndbox>
    </object>    <object>
        <name>player</name>
        <pose>Unspecified</pose>
        <truncated>0</truncated>
        <difficult>0</difficult>
        <bndbox>
            <xmin>1117.4334309895833</xmin>
            <ymin>435.1824001736111</ymin>
            <xmax>1199.7611111111125</xmax>
            <ymax>591.0777777777787</ymax>
        </bndbox>
    </object>    <object>
        <name>player</name>
        <pose>Unspecified</pose>
        <truncated>0</truncated>
        <difficult>0</difficult>
        <bndbox>
            <xmin>209.14433593750027</xmin>
            <ymin>435.34350585937545</ymin>
            <xmax>292.7196788787851</xmax>
            <ymax>565.2311178207399</ymax>
        </bndbox>
    </object>    <object>
        <name>player</name>
        <pose>Unspecified</pose>
        <truncated>0</truncated>
        <difficult>0</difficult>
        <bndbox>
            <xmin>327.2240668402779</xmin>
            <ymin>346.94439019097223</ymin>
            <xmax>397.04576907687795</xmax>
            <ymax>464.22777777777833</ymax>
        </bndbox>
    </object>    <object>
        <name>player</name>
        <pose>Unspecified</pose>
        <truncated>0</truncated>
        <difficult>0</difficult>
        <bndbox>
            <xmin>669.9706488715278</xmin>
            <ymin>387.06483289930554</ymin>
            <xmax>763.3166666666681</xmax>
            <ymax>528.8000000000012</ymax>
        </bndbox>
    </object>    <object>
        <name>player</name>
        <pose>Unspecified</pose>
        <truncated>0</truncated>
        <difficult>0</difficult>
        <bndbox>
            <xmin>501.7950846354167</xmin>
            <ymin>293.748046875</ymin>
            <xmax>589.8277777777788</xmax>
            <ymax>406.9111111111121</ymax>
        </bndbox>
    </object>
</annotation>
