<annotation>
    <folder></folder>
    <filename>frame_000135</filename>
    <path></path>
    <source>
        <database>Unknown</database>
    </source>
    <size>
        <width>1280</width>
        <height>720</height>
        <depth>3</depth>
    </size>
    <segmented>0</segmented>
    <object>
        <name>ref</name>
        <pose>Unspecified</pose>
        <truncated>0</truncated>
        <difficult>0</difficult>
        <bndbox>
            <xmin>40.0078125</xmin>
            <ymin>399.5546875</ymin>
            <xmax>93.55019531250036</xmax>
            <ymax>507.8000000000011</ymax>
        </bndbox>
    </object>    <object>
        <name>player</name>
        <pose>Unspecified</pose>
        <truncated>0</truncated>
        <difficult>0</difficult>
        <bndbox>
            <xmin>108.64082880434864</xmin>
            <ymin>406.66533627717394</ymin>
            <xmax>177.40869737708067</xmax>
            <ymax>530.3002225129497</ymax>
        </bndbox>
    </object>    <object>
        <name>keeper</name>
        <pose>Unspecified</pose>
        <truncated>0</truncated>
        <difficult>0</difficult>
        <bndbox>
            <xmin>561.4228515625</xmin>
            <ymin>279.486328125</ymin>
            <xmax>653.6357421875</xmax>
            <ymax>366.1833984375007</ymax>
        </bndbox>
    </object>    <object>
        <name>player</name>
        <pose>Unspecified</pose>
        <truncated>0</truncated>
        <difficult>0</difficult>
        <bndbox>
            <xmin>815.974609375</xmin>
            <ymin>288.435546875</ymin>
            <xmax>876.2801060267872</xmax>
            <ymax>398.09469866071504</ymax>
        </bndbox>
    </object>    <object>
        <name>player</name>
        <pose>Unspecified</pose>
        <truncated>0</truncated>
        <difficult>0</difficult>
        <bndbox>
            <xmin>940.0185546875</xmin>
            <ymin>378.31898716517856</ymin>
            <xmax>1009.6452150617337</xmax>
            <ymax>509.08571428571435</ymax>
        </bndbox>
    </object>    <object>
        <name>player</name>
        <pose>Unspecified</pose>
        <truncated>0</truncated>
        <difficult>0</difficult>
        <bndbox>
            <xmin>132.1734035326087</xmin>
            <ymin>457.0613960597826</ymin>
            <xmax>213.48053668478323</xmax>
            <ymax>551.8129245923915</ymax>
        </bndbox>
    </object>    <object>
        <name>player</name>
        <pose>Unspecified</pose>
        <truncated>0</truncated>
        <difficult>0</difficult>
        <bndbox>
            <xmin>442.28585379464283</xmin>
            <ymin>331.8838588169643</ymin>
            <xmax>539.9857142857146</xmax>
            <ymax>440.66428571428577</ymax>
        </bndbox>
    </object>    <object>
        <name>player</name>
        <pose>Unspecified</pose>
        <truncated>0</truncated>
        <difficult>0</difficult>
        <bndbox>
            <xmin>551.2815987723214</xmin>
            <ymin>392.12109375</ymin>
            <xmax>612.5428571428586</xmax>
            <ymax>530.307142857144</ymax>
        </bndbox>
    </object>    <object>
        <name>player</name>
        <pose>Unspecified</pose>
        <truncated>0</truncated>
        <difficult>0</difficult>
        <bndbox>
            <xmin>419.1181361607144</xmin>
            <ymin>294.77702287946494</ymin>
            <xmax>490.9552177429206</xmax>
            <ymax>414.48953683035717</ymax>
        </bndbox>
    </object>
</annotation>
