<annotation>
    <folder></folder>
    <filename>frame_000427</filename>
    <path></path>
    <source>
        <database>Unknown</database>
    </source>
    <size>
        <width>1280</width>
        <height>720</height>
        <depth>3</depth>
    </size>
    <segmented>0</segmented>
    <object>
        <name>player</name>
        <pose>Unspecified</pose>
        <truncated>0</truncated>
        <difficult>0</difficult>
        <bndbox>
            <xmin>829.8455636160714</xmin>
            <ymin>328.0238560267857</ymin>
            <xmax>895.7460464362817</xmax>
            <ymax>452.8278959116542</ymax>
        </bndbox>
    </object>    <object>
        <name>player</name>
        <pose>Unspecified</pose>
        <truncated>0</truncated>
        <difficult>0</difficult>
        <bndbox>
            <xmin>480.52977120535746</xmin>
            <ymin>210.30435267857163</ymin>
            <xmax>535.8339287894117</xmax>
            <ymax>302.97583661760626</ymax>
        </bndbox>
    </object>    <object>
        <name>player</name>
        <pose>Unspecified</pose>
        <truncated>0</truncated>
        <difficult>0</difficult>
        <bndbox>
            <xmin>1210.7596261160713</xmin>
            <ymin>434.39913504464283</ymin>
            <xmax>1280.0</xmax>
            <ymax>583.2233640742486</ymax>
        </bndbox>
    </object>    <object>
        <name>player</name>
        <pose>Unspecified</pose>
        <truncated>0</truncated>
        <difficult>0</difficult>
        <bndbox>
            <xmin>1109.7748325892858</xmin>
            <ymin>278.5718470982143</ymin>
            <xmax>1170.4158070958651</xmax>
            <ymax>387.81361313439965</ymax>
        </bndbox>
    </object>    <object>
        <name>player</name>
        <pose>Unspecified</pose>
        <truncated>0</truncated>
        <difficult>0</difficult>
        <bndbox>
            <xmin>115.80000000000109</xmin>
            <ymin>306.0986328125</ymin>
            <xmax>186.31414685930525</xmax>
            <ymax>428.0285714285718</ymax>
        </bndbox>
    </object>    <object>
        <name>player</name>
        <pose>Unspecified</pose>
        <truncated>0</truncated>
        <difficult>0</difficult>
        <bndbox>
            <xmin>0.0</xmin>
            <ymin>503.5439453125</ymin>
            <xmax>87.8</xmax>
            <ymax>616.380000000001</ymax>
        </bndbox>
    </object>    <object>
        <name>player</name>
        <pose>Unspecified</pose>
        <truncated>0</truncated>
        <difficult>0</difficult>
        <bndbox>
            <xmin>508.9421052631583</xmin>
            <ymin>258.9019325657895</ymin>
            <xmax>576.3855703253495</xmax>
            <ymax>342.6315789473689</ymax>
        </bndbox>
    </object>    <object>
        <name>player</name>
        <pose>Unspecified</pose>
        <truncated>0</truncated>
        <difficult>0</difficult>
        <bndbox>
            <xmin>234.44285714285823</xmin>
            <ymin>386.3154296875</ymin>
            <xmax>330.12047794886996</xmax>
            <ymax>507.98780838815844</ymax>
        </bndbox>
    </object>
</annotation>
