<annotation>
    <folder></folder>
    <filename>frame_000409</filename>
    <path></path>
    <source>
        <database>Unknown</database>
    </source>
    <size>
        <width>1280</width>
        <height>720</height>
        <depth>3</depth>
    </size>
    <segmented>0</segmented>
    <object>
        <name>player</name>
        <pose>Unspecified</pose>
        <truncated>0</truncated>
        <difficult>0</difficult>
        <bndbox>
            <xmin>834.270029296875</xmin>
            <ymin>348.100927734375</ymin>
            <xmax>898.2803778076161</xmax>
            <ymax>483.41655273437607</ymax>
        </bndbox>
    </object>    <object>
        <name>player</name>
        <pose>Unspecified</pose>
        <truncated>0</truncated>
        <difficult>0</difficult>
        <bndbox>
            <xmin>559.359326171875</xmin>
            <ymin>217.49189453125</ymin>
            <xmax>620.9133985900886</xmax>
            <ymax>311.7601953125004</ymax>
        </bndbox>
    </object>    <object>
        <name>player</name>
        <pose>Unspecified</pose>
        <truncated>0</truncated>
        <difficult>0</difficult>
        <bndbox>
            <xmin>1218.0875651041667</xmin>
            <ymin>448.4664713541667</ymin>
            <xmax>1280.0</xmax>
            <ymax>606.3714285714296</ymax>
        </bndbox>
    </object>    <object>
        <name>player</name>
        <pose>Unspecified</pose>
        <truncated>0</truncated>
        <difficult>0</difficult>
        <bndbox>
            <xmin>1155.9723307291667</xmin>
            <ymin>275.4068576388889</ymin>
            <xmax>1211.7577777777792</xmax>
            <ymax>393.01333333333446</ymax>
        </bndbox>
    </object>    <object>
        <name>player</name>
        <pose>Unspecified</pose>
        <truncated>0</truncated>
        <difficult>0</difficult>
        <bndbox>
            <xmin>85.76525297619048</xmin>
            <ymin>312.75562686011904</ymin>
            <xmax>144.6885059175038</xmax>
            <ymax>422.79321056547695</ymax>
        </bndbox>
    </object>    <object>
        <name>player</name>
        <pose>Unspecified</pose>
        <truncated>0</truncated>
        <difficult>0</difficult>
        <bndbox>
            <xmin>480.33059570312537</xmin>
            <ymin>273.971533203125</ymin>
            <xmax>558.06147605896</xmax>
            <ymax>361.72000000000145</ymax>
        </bndbox>
    </object>    <object>
        <name>player</name>
        <pose>Unspecified</pose>
        <truncated>0</truncated>
        <difficult>0</difficult>
        <bndbox>
            <xmin>197.31000000000077</xmin>
            <ymin>384.404443359375</ymin>
            <xmax>280.39197120666506</xmax>
            <ymax>494.34500000000145</ymax>
        </bndbox>
    </object>
</annotation>
