<annotation>
    <folder></folder>
    <filename>frame_000195</filename>
    <path></path>
    <source>
        <database>Unknown</database>
    </source>
    <size>
        <width>1280</width>
        <height>720</height>
        <depth>3</depth>
    </size>
    <segmented>0</segmented>
    <object>
        <name>ref</name>
        <pose>Unspecified</pose>
        <truncated>0</truncated>
        <difficult>0</difficult>
        <bndbox>
            <xmin>26.65419921875</xmin>
            <ymin>411.12685546875</ymin>
            <xmax>80.19658203125036</xmax>
            <ymax>519.3721679687511</ymax>
        </bndbox>
    </object>    <object>
        <name>player</name>
        <pose>Unspecified</pose>
        <truncated>0</truncated>
        <difficult>0</difficult>
        <bndbox>
            <xmin>98.4755859375</xmin>
            <ymin>321.6474609375</ymin>
            <xmax>170.720000000001</xmax>
            <ymax>446.0900000000009</ymax>
        </bndbox>
    </object>    <object>
        <name>keeper</name>
        <pose>Unspecified</pose>
        <truncated>0</truncated>
        <difficult>0</difficult>
        <bndbox>
            <xmin>567.4807350852273</xmin>
            <ymin>276.57963423295456</ymin>
            <xmax>664.3260578648336</xmax>
            <ymax>371.0261083283503</ymax>
        </bndbox>
    </object>    <object>
        <name>player</name>
        <pose>Unspecified</pose>
        <truncated>0</truncated>
        <difficult>0</difficult>
        <bndbox>
            <xmin>1082.1528764204545</xmin>
            <ymin>273.24946732954544</ymin>
            <xmax>1161.1296822287823</xmax>
            <ymax>387.3020596590913</ymax>
        </bndbox>
    </object>    <object>
        <name>player</name>
        <pose>Unspecified</pose>
        <truncated>0</truncated>
        <difficult>0</difficult>
        <bndbox>
            <xmin>1139.6714311079545</xmin>
            <ymin>493.6930042613636</ymin>
            <xmax>1244.5472709517055</xmax>
            <ymax>662.8707191051134</ymax>
        </bndbox>
    </object>    <object>
        <name>player</name>
        <pose>Unspecified</pose>
        <truncated>0</truncated>
        <difficult>0</difficult>
        <bndbox>
            <xmin>282.88227982954544</xmin>
            <ymin>445.80690696022725</ymin>
            <xmax>393.85227966308577</xmax>
            <ymax>595.1727272727287</ymax>
        </bndbox>
    </object>    <object>
        <name>player</name>
        <pose>Unspecified</pose>
        <truncated>0</truncated>
        <difficult>0</difficult>
        <bndbox>
            <xmin>224.3711825284091</xmin>
            <ymin>320.51535866477275</ymin>
            <xmax>301.67821516557177</xmax>
            <ymax>435.0654474431824</ymax>
        </bndbox>
    </object>    <object>
        <name>player</name>
        <pose>Unspecified</pose>
        <truncated>0</truncated>
        <difficult>0</difficult>
        <bndbox>
            <xmin>677.5047052556819</xmin>
            <ymin>360.91867897727275</ymin>
            <xmax>759.5813515403057</xmax>
            <ymax>509.03636363636457</ymax>
        </bndbox>
    </object>    <object>
        <name>player</name>
        <pose>Unspecified</pose>
        <truncated>0</truncated>
        <difficult>0</difficult>
        <bndbox>
            <xmin>462.53861860795456</xmin>
            <ymin>276.005859375</ymin>
            <xmax>525.1000000000005</xmax>
            <ymax>390.37272727272796</ymax>
        </bndbox>
    </object>
</annotation>
