<annotation>
    <folder></folder>
    <filename>frame_000162</filename>
    <path></path>
    <source>
        <database>Unknown</database>
    </source>
    <size>
        <width>1280</width>
        <height>720</height>
        <depth>3</depth>
    </size>
    <segmented>0</segmented>
    <object>
        <name>ref</name>
        <pose>Unspecified</pose>
        <truncated>0</truncated>
        <difficult>0</difficult>
        <bndbox>
            <xmin>47.915690104166664</xmin>
            <ymin>399.5546875</ymin>
            <xmax>101.45807291666704</xmax>
            <ymax>507.8000000000011</ymax>
        </bndbox>
    </object>    <object>
        <name>player</name>
        <pose>Unspecified</pose>
        <truncated>0</truncated>
        <difficult>0</difficult>
        <bndbox>
            <xmin>112.99270833333341</xmin>
            <ymin>363.02202690972223</ymin>
            <xmax>195.988889058431</xmax>
            <ymax>491.86113298204236</ymax>
        </bndbox>
    </object>    <object>
        <name>keeper</name>
        <pose>Unspecified</pose>
        <truncated>0</truncated>
        <difficult>0</difficult>
        <bndbox>
            <xmin>588.0099464699074</xmin>
            <ymin>273.52803096064815</ymin>
            <xmax>691.6100622106482</xmax>
            <ymax>363.3189959490748</ymax>
        </bndbox>
    </object>    <object>
        <name>player</name>
        <pose>Unspecified</pose>
        <truncated>0</truncated>
        <difficult>0</difficult>
        <bndbox>
            <xmin>987.328125</xmin>
            <ymin>293.5177408854167</ymin>
            <xmax>1047.3277343750015</xmax>
            <ymax>403.8642252604174</ymax>
        </bndbox>
    </object>    <object>
        <name>player</name>
        <pose>Unspecified</pose>
        <truncated>0</truncated>
        <difficult>0</difficult>
        <bndbox>
            <xmin>1096.549533420139</xmin>
            <ymin>423.40180121527777</ymin>
            <xmax>1177.8666666666682</xmax>
            <ymax>572.73888888889</ymax>
        </bndbox>
    </object>    <object>
        <name>player</name>
        <pose>Unspecified</pose>
        <truncated>0</truncated>
        <difficult>0</difficult>
        <bndbox>
            <xmin>187.6037109375007</xmin>
            <ymin>442.12999131944446</ymin>
            <xmax>274.38474680582686</xmax>
            <ymax>557.6222222222226</ymax>
        </bndbox>
    </object>    <object>
        <name>player</name>
        <pose>Unspecified</pose>
        <truncated>0</truncated>
        <difficult>0</difficult>
        <bndbox>
            <xmin>351.96788194444446</xmin>
            <ymin>348.84825303819446</ymin>
            <xmax>419.89444444444547</xmax>
            <ymax>466.4833333333341</ymax>
        </bndbox>
    </object>    <object>
        <name>player</name>
        <pose>Unspecified</pose>
        <truncated>0</truncated>
        <difficult>0</difficult>
        <bndbox>
            <xmin>651.9427083333334</xmin>
            <ymin>392.18153211805554</ymin>
            <xmax>747.7222222222236</xmax>
            <ymax>530.4166666666678</ymax>
        </bndbox>
    </object>    <object>
        <name>player</name>
        <pose>Unspecified</pose>
        <truncated>0</truncated>
        <difficult>0</difficult>
        <bndbox>
            <xmin>498.76079644097223</xmin>
            <ymin>297.61561414930554</ymin>
            <xmax>590.6706380208344</xmax>
            <ymax>409.47784288194543</ymax>
        </bndbox>
    </object>
</annotation>
