<annotation>
    <folder></folder>
    <filename>frame_000294</filename>
    <path></path>
    <source>
        <database>Unknown</database>
    </source>
    <size>
        <width>1280</width>
        <height>720</height>
        <depth>3</depth>
    </size>
    <segmented>0</segmented>
    <object>
        <name>player</name>
        <pose>Unspecified</pose>
        <truncated>0</truncated>
        <difficult>0</difficult>
        <bndbox>
            <xmin>91.09008789062561</xmin>
            <ymin>328.0721842447917</ymin>
            <xmax>149.9043821447029</xmax>
            <ymax>427.80227960324936</ymax>
        </bndbox>
    </object>    <object>
        <name>keeper</name>
        <pose>Unspecified</pose>
        <truncated>0</truncated>
        <difficult>0</difficult>
        <bndbox>
            <xmin>269.424072265625</xmin>
            <ymin>278.8135579427083</ymin>
            <xmax>326.35903320312536</xmax>
            <ymax>398.79773763020904</ymax>
        </bndbox>
    </object>    <object>
        <name>player</name>
        <pose>Unspecified</pose>
        <truncated>0</truncated>
        <difficult>0</difficult>
        <bndbox>
            <xmin>467.6333007812506</xmin>
            <ymin>226.48201497395834</ymin>
            <xmax>523.8841216367837</xmax>
            <ymax>330.4295793121934</ymax>
        </bndbox>
    </object>    <object>
        <name>player</name>
        <pose>Unspecified</pose>
        <truncated>0</truncated>
        <difficult>0</difficult>
        <bndbox>
            <xmin>580.2916666666666</xmin>
            <ymin>405.3439127604167</ymin>
            <xmax>663.2323983510336</xmax>
            <ymax>548.2750000000015</ymax>
        </bndbox>
    </object>    <object>
        <name>player</name>
        <pose>Unspecified</pose>
        <truncated>0</truncated>
        <difficult>0</difficult>
        <bndbox>
            <xmin>205.279541015625</xmin>
            <ymin>272.8560384114583</ymin>
            <xmax>266.98250420888263</xmax>
            <ymax>369.91658655802365</ymax>
        </bndbox>
    </object>    <object>
        <name>player</name>
        <pose>Unspecified</pose>
        <truncated>0</truncated>
        <difficult>0</difficult>
        <bndbox>
            <xmin>430.1250000000006</xmin>
            <ymin>318.635498046875</ymin>
            <xmax>500.4013919830322</xmax>
            <ymax>430.08333333333377</ymax>
        </bndbox>
    </object>    <object>
        <name>player</name>
        <pose>Unspecified</pose>
        <truncated>0</truncated>
        <difficult>0</difficult>
        <bndbox>
            <xmin>280.2924967447925</xmin>
            <ymin>225.25221354166752</ymin>
            <xmax>345.331787109375</xmax>
            <ymax>315.2691243489583</ymax>
        </bndbox>
    </object>
</annotation>
