<annotation>
    <folder></folder>
    <filename>frame_000340</filename>
    <path></path>
    <source>
        <database>Unknown</database>
    </source>
    <size>
        <width>1280</width>
        <height>720</height>
        <depth>3</depth>
    </size>
    <segmented>0</segmented>
    <object>
        <name>player</name>
        <pose>Unspecified</pose>
        <truncated>0</truncated>
        <difficult>0</difficult>
        <bndbox>
            <xmin>872.1125</xmin>
            <ymin>445.022265625</ymin>
            <xmax>942.5644531250007</xmax>
            <ymax>594.287890625</ymax>
        </bndbox>
    </object>    <object>
        <name>player</name>
        <pose>Unspecified</pose>
        <truncated>0</truncated>
        <difficult>0</difficult>
        <bndbox>
            <xmin>802.7821093750005</xmin>
            <ymin>227.8794921875</ymin>
            <xmax>879.6543749999997</xmax>
            <ymax>326.35703125</ymax>
        </bndbox>
    </object>    <object>
        <name>player</name>
        <pose>Unspecified</pose>
        <truncated>0</truncated>
        <difficult>0</difficult>
        <bndbox>
            <xmin>1202.453125</xmin>
            <ymin>527.962890625</ymin>
            <xmax>1279.5600000000006</xmax>
            <ymax>698.2538250732425</ymax>
        </bndbox>
    </object>    <object>
        <name>player</name>
        <pose>Unspecified</pose>
        <truncated>0</truncated>
        <difficult>0</difficult>
        <bndbox>
            <xmin>1234.3671875</xmin>
            <ymin>293.2080078125</ymin>
            <xmax>1272.7200000000005</xmax>
            <ymax>392.38652893066467</ymax>
        </bndbox>
    </object>    <object>
        <name>player</name>
        <pose>Unspecified</pose>
        <truncated>0</truncated>
        <difficult>0</difficult>
        <bndbox>
            <xmin>409.654296875</xmin>
            <ymin>351.455859375</ymin>
            <xmax>483.6600000000002</xmax>
            <ymax>474.5</ymax>
        </bndbox>
    </object>    <object>
        <name>player</name>
        <pose>Unspecified</pose>
        <truncated>0</truncated>
        <difficult>0</difficult>
        <bndbox>
            <xmin>155.8923828125</xmin>
            <ymin>316.34375</ymin>
            <xmax>225.56210937500072</xmax>
            <ymax>418.9851562500007</ymax>
        </bndbox>
    </object>
</annotation>
