<annotation>
    <folder></folder>
    <filename>frame_000332</filename>
    <path></path>
    <source>
        <database>Unknown</database>
    </source>
    <size>
        <width>1280</width>
        <height>720</height>
        <depth>3</depth>
    </size>
    <segmented>0</segmented>
    <object>
        <name>player</name>
        <pose>Unspecified</pose>
        <truncated>0</truncated>
        <difficult>0</difficult>
        <bndbox>
            <xmin>949.65</xmin>
            <ymin>469.0111328125</ymin>
            <xmax>1024.6200000000013</xmax>
            <ymax>629.1800000000006</ymax>
        </bndbox>
    </object>    <object>
        <name>player</name>
        <pose>Unspecified</pose>
        <truncated>0</truncated>
        <difficult>0</difficult>
        <bndbox>
            <xmin>930.0051953125003</xmin>
            <ymin>232.162890625</ymin>
            <xmax>1003.02890625</xmax>
            <ymax>332.58000000000067</ymax>
        </bndbox>
    </object>    <object>
        <name>player</name>
        <pose>Unspecified</pose>
        <truncated>0</truncated>
        <difficult>0</difficult>
        <bndbox>
            <xmin>0.0</xmin>
            <ymin>197.2529296875</ymin>
            <xmax>49.05058593750073</xmax>
            <ymax>285.0652343750007</ymax>
        </bndbox>
    </object>    <object>
        <name>player</name>
        <pose>Unspecified</pose>
        <truncated>0</truncated>
        <difficult>0</difficult>
        <bndbox>
            <xmin>429.57421875</xmin>
            <ymin>361.9513671875</ymin>
            <xmax>538.9443395996095</xmax>
            <ymax>482.24000000000086</ymax>
        </bndbox>
    </object>    <object>
        <name>player</name>
        <pose>Unspecified</pose>
        <truncated>0</truncated>
        <difficult>0</difficult>
        <bndbox>
            <xmin>18.0390625</xmin>
            <ymin>275.6556640625</ymin>
            <xmax>62.78000000000029</xmax>
            <ymax>374.6800000000003</ymax>
        </bndbox>
    </object>    <object>
        <name>player</name>
        <pose>Unspecified</pose>
        <truncated>0</truncated>
        <difficult>0</difficult>
        <bndbox>
            <xmin>211.3681640625</xmin>
            <ymin>315.05859375</ymin>
            <xmax>283.5824972534174</xmax>
            <ymax>415.1550390625005</ymax>
        </bndbox>
    </object>
</annotation>
