<annotation>
    <folder></folder>
    <filename>frame_000246</filename>
    <path></path>
    <source>
        <database>Unknown</database>
    </source>
    <size>
        <width>1280</width>
        <height>720</height>
        <depth>3</depth>
    </size>
    <segmented>0</segmented>
    <object>
        <name>player</name>
        <pose>Unspecified</pose>
        <truncated>0</truncated>
        <difficult>0</difficult>
        <bndbox>
            <xmin>40.1483800551477</xmin>
            <ymin>301.8404181985294</ymin>
            <xmax>101.54230238970634</xmax>
            <ymax>419.36175321691263</ymax>
        </bndbox>
    </object>    <object>
        <name>keeper</name>
        <pose>Unspecified</pose>
        <truncated>0</truncated>
        <difficult>0</difficult>
        <bndbox>
            <xmin>401.6402803308824</xmin>
            <ymin>275.431640625</ymin>
            <xmax>483.7482313268329</xmax>
            <ymax>387.25294117647184</ymax>
        </bndbox>
    </object>    <object>
        <name>player</name>
        <pose>Unspecified</pose>
        <truncated>0</truncated>
        <difficult>0</difficult>
        <bndbox>
            <xmin>856.5430836397059</xmin>
            <ymin>242.73477711397058</ymin>
            <xmax>921.9823529411773</xmax>
            <ymax>329.77647058823567</ymax>
        </bndbox>
    </object>    <object>
        <name>player</name>
        <pose>Unspecified</pose>
        <truncated>0</truncated>
        <difficult>0</difficult>
        <bndbox>
            <xmin>1156.056698069853</xmin>
            <ymin>627.4003331801471</ymin>
            <xmax>1239.618221507353</xmax>
            <ymax>720.0</ymax>
        </bndbox>
    </object>    <object>
        <name>player</name>
        <pose>Unspecified</pose>
        <truncated>0</truncated>
        <difficult>0</difficult>
        <bndbox>
            <xmin>399.95294117647114</xmin>
            <ymin>432.53331801470586</ymin>
            <xmax>503.4541805491728</xmax>
            <ymax>580.2588235294127</ymax>
        </bndbox>
    </object>    <object>
        <name>player</name>
        <pose>Unspecified</pose>
        <truncated>0</truncated>
        <difficult>0</difficult>
        <bndbox>
            <xmin>127.16470588235397</xmin>
            <ymin>278.2630974264706</ymin>
            <xmax>205.02298467299516</xmax>
            <ymax>388.3235294117649</ymax>
        </bndbox>
    </object>    <object>
        <name>player</name>
        <pose>Unspecified</pose>
        <truncated>0</truncated>
        <difficult>0</difficult>
        <bndbox>
            <xmin>494.37195542279414</xmin>
            <ymin>326.0375114889706</ymin>
            <xmax>562.9604319852956</xmax>
            <ymax>463.060363051471</ymax>
        </bndbox>
    </object>    <object>
        <name>player</name>
        <pose>Unspecified</pose>
        <truncated>0</truncated>
        <difficult>0</difficult>
        <bndbox>
            <xmin>295.14117647058873</xmin>
            <ymin>245.5603745404412</ymin>
            <xmax>366.8695629344267</xmax>
            <ymax>351.52941176470677</ymax>
        </bndbox>
    </object>
</annotation>
