<annotation>
    <folder></folder>
    <filename>frame_000343</filename>
    <path></path>
    <source>
        <database>Unknown</database>
    </source>
    <size>
        <width>1280</width>
        <height>720</height>
        <depth>3</depth>
    </size>
    <segmented>0</segmented>
    <object>
        <name>player</name>
        <pose>Unspecified</pose>
        <truncated>0</truncated>
        <difficult>0</difficult>
        <bndbox>
            <xmin>846.4091796875</xmin>
            <ymin>437.9541015625</ymin>
            <xmax>916.8611328125007</xmax>
            <ymax>587.2197265625</ymax>
        </bndbox>
    </object>    <object>
        <name>player</name>
        <pose>Unspecified</pose>
        <truncated>0</truncated>
        <difficult>0</difficult>
        <bndbox>
            <xmin>766.1552734375</xmin>
            <ymin>229.1650390625</ymin>
            <xmax>843.0275390624993</xmax>
            <ymax>327.642578125</ymax>
        </bndbox>
    </object>    <object>
        <name>player</name>
        <pose>Unspecified</pose>
        <truncated>0</truncated>
        <difficult>0</difficult>
        <bndbox>
            <xmin>1181.248046875</xmin>
            <ymin>516.396484375</ymin>
            <xmax>1278.9000000000015</xmax>
            <ymax>686.7000000000007</ymax>
        </bndbox>
    </object>    <object>
        <name>player</name>
        <pose>Unspecified</pose>
        <truncated>0</truncated>
        <difficult>0</difficult>
        <bndbox>
            <xmin>1211.234375</xmin>
            <ymin>289.3525390625</ymin>
            <xmax>1261.800000000001</xmax>
            <ymax>387.90000000000146</ymax>
        </bndbox>
    </object>    <object>
        <name>player</name>
        <pose>Unspecified</pose>
        <truncated>0</truncated>
        <difficult>0</difficult>
        <bndbox>
            <xmin>394.232421875</xmin>
            <ymin>348.2431640625</ymin>
            <xmax>460.5</xmax>
            <ymax>474.5</ymax>
        </bndbox>
    </object>    <object>
        <name>player</name>
        <pose>Unspecified</pose>
        <truncated>0</truncated>
        <difficult>0</difficult>
        <bndbox>
            <xmin>139.185546875</xmin>
            <ymin>318.271484375</ymin>
            <xmax>208.85527343750073</xmax>
            <ymax>420.9128906250007</ymax>
        </bndbox>
    </object>
</annotation>
