<annotation>
    <folder></folder>
    <filename>frame_000033</filename>
    <path></path>
    <source>
        <database>Unknown</database>
    </source>
    <size>
        <width>1280</width>
        <height>720</height>
        <depth>3</depth>
    </size>
    <segmented>0</segmented>
    <object>
        <name>player</name>
        <pose>Unspecified</pose>
        <truncated>0</truncated>
        <difficult>0</difficult>
        <bndbox>
            <xmin>140.68087521114865</xmin>
            <ymin>477.14614125844594</ymin>
            <xmax>234.3314915012682</xmax>
            <ymax>581.9684817752329</ymax>
        </bndbox>
    </object>    <object>
        <name>player</name>
        <pose>Unspecified</pose>
        <truncated>0</truncated>
        <difficult>0</difficult>
        <bndbox>
            <xmin>826.6974954044117</xmin>
            <ymin>621.6649241727941</ymin>
            <xmax>925.907658835019</xmax>
            <ymax>720.0</ymax>
        </bndbox>
    </object>    <object>
        <name>player</name>
        <pose>Unspecified</pose>
        <truncated>0</truncated>
        <difficult>0</difficult>
        <bndbox>
            <xmin>890.135294117648</xmin>
            <ymin>327.1516544117647</ymin>
            <xmax>985.8274711160099</xmax>
            <ymax>439.65294117647113</ymax>
        </bndbox>
    </object>    <object>
        <name>keeper</name>
        <pose>Unspecified</pose>
        <truncated>0</truncated>
        <difficult>0</difficult>
        <bndbox>
            <xmin>518.8286994485294</xmin>
            <ymin>272.46984145220586</ymin>
            <xmax>619.0591843548943</xmax>
            <ymax>363.11774291992214</ymax>
        </bndbox>
    </object>    <object>
        <name>player</name>
        <pose>Unspecified</pose>
        <truncated>0</truncated>
        <difficult>0</difficult>
        <bndbox>
            <xmin>395.0244600183826</xmin>
            <ymin>298.4888556985294</ymin>
            <xmax>474.318334601908</xmax>
            <ymax>420.65882352941213</ymax>
        </bndbox>
    </object>    <object>
        <name>ref</name>
        <pose>Unspecified</pose>
        <truncated>0</truncated>
        <difficult>0</difficult>
        <bndbox>
            <xmin>2.263097426470588</xmin>
            <ymin>420.32565487132354</ymin>
            <xmax>40.33606082691949</xmax>
            <ymax>521.5329984777114</ymax>
        </bndbox>
    </object>    <object>
        <name>player</name>
        <pose>Unspecified</pose>
        <truncated>0</truncated>
        <difficult>0</difficult>
        <bndbox>
            <xmin>463.97647058823566</xmin>
            <ymin>303.02355238970586</ymin>
            <xmax>556.2489273968865</xmax>
            <ymax>437.6941176470596</ymax>
        </bndbox>
    </object>    <object>
        <name>player</name>
        <pose>Unspecified</pose>
        <truncated>0</truncated>
        <difficult>0</difficult>
        <bndbox>
            <xmin>322.5732651654415</xmin>
            <ymin>398.1359604779414</ymin>
            <xmax>425.55880126953235</xmax>
            <ymax>514.5647051642926</ymax>
        </bndbox>
    </object>    <object>
        <name>player</name>
        <pose>Unspecified</pose>
        <truncated>0</truncated>
        <difficult>0</difficult>
        <bndbox>
            <xmin>270.9326171875</xmin>
            <ymin>257.97960707720586</ymin>
            <xmax>342.3529411764711</xmax>
            <ymax>369.34308363970695</ymax>
        </bndbox>
    </object>    <object>
        <name>player</name>
        <pose>Unspecified</pose>
        <truncated>0</truncated>
        <difficult>0</difficult>
        <bndbox>
            <xmin>237.38235294117774</xmin>
            <ymin>330.61598115808823</ymin>
            <xmax>324.0214507159065</xmax>
            <ymax>463.05882352941296</ymax>
        </bndbox>
    </object>    <object>
        <name>player</name>
        <pose>Unspecified</pose>
        <truncated>0</truncated>
        <difficult>0</difficult>
        <bndbox>
            <xmin>222.31637178308858</xmin>
            <ymin>266.9886259191176</ymin>
            <xmax>281.1377269969256</xmax>
            <ymax>378.304308363971</ymax>
        </bndbox>
    </object>
</annotation>
