<annotation>
    <folder></folder>
    <filename>frame_000436</filename>
    <path></path>
    <source>
        <database>Unknown</database>
    </source>
    <size>
        <width>1280</width>
        <height>720</height>
        <depth>3</depth>
    </size>
    <segmented>0</segmented>
    <object>
        <name>player</name>
        <pose>Unspecified</pose>
        <truncated>0</truncated>
        <difficult>0</difficult>
        <bndbox>
            <xmin>789.7472956730769</xmin>
            <ymin>312.3224909855769</ymin>
            <xmax>854.1307692307696</xmax>
            <ymax>433.03076923076964</ymax>
        </bndbox>
    </object>    <object>
        <name>player</name>
        <pose>Unspecified</pose>
        <truncated>0</truncated>
        <difficult>0</difficult>
        <bndbox>
            <xmin>400.6346905048077</xmin>
            <ymin>206.01607572115384</ymin>
            <xmax>461.45054086538516</xmax>
            <ymax>301.98215144230784</ymax>
        </bndbox>
    </object>    <object>
        <name>player</name>
        <pose>Unspecified</pose>
        <truncated>0</truncated>
        <difficult>0</difficult>
        <bndbox>
            <xmin>1167.045673076923</xmin>
            <ymin>419.10306490384613</ymin>
            <xmax>1239.056415264423</xmax>
            <ymax>566.9130258413466</ymax>
        </bndbox>
    </object>    <object>
        <name>player</name>
        <pose>Unspecified</pose>
        <truncated>0</truncated>
        <difficult>0</difficult>
        <bndbox>
            <xmin>1059.322490985577</xmin>
            <ymin>275.2663762019231</ymin>
            <xmax>1120.5263972355776</xmax>
            <ymax>383.4931340144242</ymax>
        </bndbox>
    </object>    <object>
        <name>player</name>
        <pose>Unspecified</pose>
        <truncated>0</truncated>
        <difficult>0</difficult>
        <bndbox>
            <xmin>118.37674278846204</xmin>
            <ymin>301.2726862980769</ymin>
            <xmax>183.96556560809796</xmax>
            <ymax>424.5615384615388</ymax>
        </bndbox>
    </object>    <object>
        <name>player</name>
        <pose>Unspecified</pose>
        <truncated>0</truncated>
        <difficult>0</difficult>
        <bndbox>
            <xmin>10.930769230769819</xmin>
            <ymin>507.5808293269231</ymin>
            <xmax>111.76329627403847</xmax>
            <ymax>623.0230769230774</ymax>
        </bndbox>
    </object>    <object>
        <name>player</name>
        <pose>Unspecified</pose>
        <truncated>0</truncated>
        <difficult>0</difficult>
        <bndbox>
            <xmin>497.7230769230779</xmin>
            <ymin>247.40767728365384</ymin>
            <xmax>556.9651034428523</xmax>
            <ymax>334.83846153846247</ymax>
        </bndbox>
    </object>    <object>
        <name>player</name>
        <pose>Unspecified</pose>
        <truncated>0</truncated>
        <difficult>0</difficult>
        <bndbox>
            <xmin>224.8153846153859</xmin>
            <ymin>377.17593149038464</ymin>
            <xmax>329.62345240666315</xmax>
            <ymax>501.34615384615495</ymax>
        </bndbox>
    </object>
</annotation>
