<annotation>
    <folder></folder>
    <filename>frame_000191</filename>
    <path></path>
    <source>
        <database>Unknown</database>
    </source>
    <size>
        <width>1280</width>
        <height>720</height>
        <depth>3</depth>
    </size>
    <segmented>0</segmented>
    <object>
        <name>ref</name>
        <pose>Unspecified</pose>
        <truncated>0</truncated>
        <difficult>0</difficult>
        <bndbox>
            <xmin>37.36376953125</xmin>
            <ymin>408.98486328125</ymin>
            <xmax>90.90615234375036</xmax>
            <ymax>517.2301757812511</ymax>
        </bndbox>
    </object>    <object>
        <name>player</name>
        <pose>Unspecified</pose>
        <truncated>0</truncated>
        <difficult>0</difficult>
        <bndbox>
            <xmin>104.9013671875</xmin>
            <ymin>326.7880859375</ymin>
            <xmax>181.0000000000009</xmax>
            <ymax>449.9500000000007</ymax>
        </bndbox>
    </object>    <object>
        <name>keeper</name>
        <pose>Unspecified</pose>
        <truncated>0</truncated>
        <difficult>0</difficult>
        <bndbox>
            <xmin>573.8656782670455</xmin>
            <ymin>276.63077059659093</ymin>
            <xmax>671.6100964413884</xmax>
            <ymax>370.5101805472497</ymax>
        </bndbox>
    </object>    <object>
        <name>player</name>
        <pose>Unspecified</pose>
        <truncated>0</truncated>
        <difficult>0</difficult>
        <bndbox>
            <xmin>1086.110262784091</xmin>
            <ymin>274.65145596590907</ymin>
            <xmax>1161.349470381303</xmax>
            <ymax>389.77009943181855</ymax>
        </bndbox>
    </object>    <object>
        <name>player</name>
        <pose>Unspecified</pose>
        <truncated>0</truncated>
        <difficult>0</difficult>
        <bndbox>
            <xmin>1149.816317471591</xmin>
            <ymin>484.26828835227275</ymin>
            <xmax>1248.9121182528427</xmax>
            <ymax>654.0789328835218</ymax>
        </bndbox>
    </object>    <object>
        <name>player</name>
        <pose>Unspecified</pose>
        <truncated>0</truncated>
        <difficult>0</difficult>
        <bndbox>
            <xmin>259.37411221590907</xmin>
            <ymin>445.16450639204544</ymin>
            <xmax>384.3696807861328</xmax>
            <ymax>591.354545454547</ymax>
        </bndbox>
    </object>    <object>
        <name>player</name>
        <pose>Unspecified</pose>
        <truncated>0</truncated>
        <difficult>0</difficult>
        <bndbox>
            <xmin>238.2937677556818</xmin>
            <ymin>326.29838423295456</ymin>
            <xmax>314.41564303311463</xmax>
            <ymax>440.05308948863734</ymax>
        </bndbox>
    </object>    <object>
        <name>player</name>
        <pose>Unspecified</pose>
        <truncated>0</truncated>
        <difficult>0</difficult>
        <bndbox>
            <xmin>695.1009410511364</xmin>
            <ymin>362.96342329545456</ymin>
            <xmax>771.1689192338424</xmax>
            <ymax>511.3272727272741</ymax>
        </bndbox>
    </object>    <object>
        <name>player</name>
        <pose>Unspecified</pose>
        <truncated>0</truncated>
        <difficult>0</difficult>
        <bndbox>
            <xmin>480.31631747159093</xmin>
            <ymin>278.537109375</ymin>
            <xmax>544.7000000000004</xmax>
            <ymax>397.7545454545459</ymax>
        </bndbox>
    </object>
</annotation>
