<annotation>
    <folder></folder>
    <filename>frame_000139</filename>
    <path></path>
    <source>
        <database>Unknown</database>
    </source>
    <size>
        <width>1280</width>
        <height>720</height>
        <depth>3</depth>
    </size>
    <segmented>0</segmented>
    <object>
        <name>ref</name>
        <pose>Unspecified</pose>
        <truncated>0</truncated>
        <difficult>0</difficult>
        <bndbox>
            <xmin>41.529296875</xmin>
            <ymin>399.5546875</ymin>
            <xmax>95.07167968750036</xmax>
            <ymax>507.8000000000011</ymax>
        </bndbox>
    </object>    <object>
        <name>player</name>
        <pose>Unspecified</pose>
        <truncated>0</truncated>
        <difficult>0</difficult>
        <bndbox>
            <xmin>107.14449728260978</xmin>
            <ymin>402.5593580163044</ymin>
            <xmax>177.9652196469515</xmax>
            <ymax>530.3002909784724</ymax>
        </bndbox>
    </object>    <object>
        <name>keeper</name>
        <pose>Unspecified</pose>
        <truncated>0</truncated>
        <difficult>0</difficult>
        <bndbox>
            <xmin>566.1146918402778</xmin>
            <ymin>279.00184461805554</ymin>
            <xmax>659.6414930555555</xmax>
            <ymax>366.0559027777785</ymax>
        </bndbox>
    </object>    <object>
        <name>player</name>
        <pose>Unspecified</pose>
        <truncated>0</truncated>
        <difficult>0</difficult>
        <bndbox>
            <xmin>840.9635416666666</xmin>
            <ymin>290.0673828125</ymin>
            <xmax>900.9631510416681</xmax>
            <ymax>400.4138671875007</ymax>
        </bndbox>
    </object>    <object>
        <name>player</name>
        <pose>Unspecified</pose>
        <truncated>0</truncated>
        <difficult>0</difficult>
        <bndbox>
            <xmin>965.951171875</xmin>
            <ymin>382.8834635416667</ymin>
            <xmax>1038.800000000001</xmax>
            <ymax>517.066666666667</ymax>
        </bndbox>
    </object>    <object>
        <name>player</name>
        <pose>Unspecified</pose>
        <truncated>0</truncated>
        <difficult>0</difficult>
        <bndbox>
            <xmin>133.29076086956522</xmin>
            <ymin>455.94386888586956</ymin>
            <xmax>217.20832201087038</xmax>
            <ymax>550.8877547554349</ymax>
        </bndbox>
    </object>    <object>
        <name>player</name>
        <pose>Unspecified</pose>
        <truncated>0</truncated>
        <difficult>0</difficult>
        <bndbox>
            <xmin>433.7180989583333</xmin>
            <ymin>335.7594401041667</ymin>
            <xmax>531.4000000000002</xmax>
            <ymax>446.4333333333337</ymax>
        </bndbox>
    </object>    <object>
        <name>player</name>
        <pose>Unspecified</pose>
        <truncated>0</truncated>
        <difficult>0</difficult>
        <bndbox>
            <xmin>568.2893880208334</xmin>
            <ymin>392.4781901041667</ymin>
            <xmax>631.1666666666679</xmax>
            <ymax>531.6666666666679</ymax>
        </bndbox>
    </object>    <object>
        <name>player</name>
        <pose>Unspecified</pose>
        <truncated>0</truncated>
        <difficult>0</difficult>
        <bndbox>
            <xmin>434.443359375</xmin>
            <ymin>293.98619791666715</ymin>
            <xmax>506.1238281250007</xmax>
            <ymax>413.9287760416664</ymax>
        </bndbox>
    </object>
</annotation>
