<annotation>
    <folder></folder>
    <filename>frame_000209</filename>
    <path></path>
    <source>
        <database>Unknown</database>
    </source>
    <size>
        <width>1280</width>
        <height>720</height>
        <depth>3</depth>
    </size>
    <segmented>0</segmented>
    <object>
        <name>player</name>
        <pose>Unspecified</pose>
        <truncated>0</truncated>
        <difficult>0</difficult>
        <bndbox>
            <xmin>74.85829564144737</xmin>
            <ymin>307.1725431743421</ymin>
            <xmax>141.32138157894846</xmax>
            <ymax>433.5360197368432</ymax>
        </bndbox>
    </object>    <object>
        <name>keeper</name>
        <pose>Unspecified</pose>
        <truncated>0</truncated>
        <difficult>0</difficult>
        <bndbox>
            <xmin>526.7890111019736</xmin>
            <ymin>276.5029296875</ymin>
            <xmax>622.2856907894751</xmax>
            <ymax>371.8000000000011</ymax>
        </bndbox>
    </object>    <object>
        <name>player</name>
        <pose>Unspecified</pose>
        <truncated>0</truncated>
        <difficult>0</difficult>
        <bndbox>
            <xmin>1049.6119449013158</xmin>
            <ymin>263.4807771381579</ymin>
            <xmax>1130.5684210526322</xmax>
            <ymax>372.3157894736849</ymax>
        </bndbox>
    </object>    <object>
        <name>player</name>
        <pose>Unspecified</pose>
        <truncated>0</truncated>
        <difficult>0</difficult>
        <bndbox>
            <xmin>1099.6436574835527</xmin>
            <ymin>531.729337993421</ymin>
            <xmax>1222.6684210526314</xmax>
            <ymax>694.5601254111847</ymax>
        </bndbox>
    </object>    <object>
        <name>player</name>
        <pose>Unspecified</pose>
        <truncated>0</truncated>
        <difficult>0</difficult>
        <bndbox>
            <xmin>327.1784128289475</xmin>
            <ymin>442.71211965460526</ymin>
            <xmax>417.5457509894118</xmax>
            <ymax>589.6157894736853</ymax>
        </bndbox>
    </object>    <object>
        <name>player</name>
        <pose>Unspecified</pose>
        <truncated>0</truncated>
        <difficult>0</difficult>
        <bndbox>
            <xmin>169.68212376644766</xmin>
            <ymin>306.88070518092104</ymin>
            <xmax>257.77108716462766</xmax>
            <ymax>421.2749383223686</ymax>
        </bndbox>
    </object>    <object>
        <name>player</name>
        <pose>Unspecified</pose>
        <truncated>0</truncated>
        <difficult>0</difficult>
        <bndbox>
            <xmin>610.5268811677631</xmin>
            <ymin>350.18544407894734</ymin>
            <xmax>701.6105263157904</xmax>
            <ymax>496.58947368421104</ymax>
        </bndbox>
    </object>    <object>
        <name>player</name>
        <pose>Unspecified</pose>
        <truncated>0</truncated>
        <difficult>0</difficult>
        <bndbox>
            <xmin>395.2943564967105</xmin>
            <ymin>269.0523231907895</ymin>
            <xmax>460.9783720317644</xmax>
            <ymax>377.48947368421113</ymax>
        </bndbox>
    </object>
</annotation>
