<annotation>
    <folder></folder>
    <filename>frame_000301</filename>
    <path></path>
    <source>
        <database>Unknown</database>
    </source>
    <size>
        <width>1280</width>
        <height>720</height>
        <depth>3</depth>
    </size>
    <segmented>0</segmented>
    <object>
        <name>player</name>
        <pose>Unspecified</pose>
        <truncated>0</truncated>
        <difficult>0</difficult>
        <bndbox>
            <xmin>83.40000000000146</xmin>
            <ymin>334.283203125</ymin>
            <xmax>141.34218978881836</xmax>
            <ymax>434.90000000000146</ymax>
        </bndbox>
    </object>    <object>
        <name>keeper</name>
        <pose>Unspecified</pose>
        <truncated>0</truncated>
        <difficult>0</difficult>
        <bndbox>
            <xmin>228.08203125</xmin>
            <ymin>275.4326171875</ymin>
            <xmax>285.01699218750036</xmax>
            <ymax>395.4167968750007</ymax>
        </bndbox>
    </object>    <object>
        <name>player</name>
        <pose>Unspecified</pose>
        <truncated>0</truncated>
        <difficult>0</difficult>
        <bndbox>
            <xmin>391.90000000000146</xmin>
            <ymin>222.9541015625</ymin>
            <xmax>447.48359298706055</xmax>
            <ymax>332.2000000000007</ymax>
        </bndbox>
    </object>    <object>
        <name>player</name>
        <pose>Unspecified</pose>
        <truncated>0</truncated>
        <difficult>0</difficult>
        <bndbox>
            <xmin>587.0</xmin>
            <ymin>399.6484375</ymin>
            <xmax>665.1066513061523</xmax>
            <ymax>547.4000000000015</ymax>
        </bndbox>
    </object>    <object>
        <name>player</name>
        <pose>Unspecified</pose>
        <truncated>0</truncated>
        <difficult>0</difficult>
        <bndbox>
            <xmin>205.6708984375</xmin>
            <ymin>273.2998046875</ymin>
            <xmax>260.0712890625</xmax>
            <ymax>369.7998077392567</ymax>
        </bndbox>
    </object>    <object>
        <name>player</name>
        <pose>Unspecified</pose>
        <truncated>0</truncated>
        <difficult>0</difficult>
        <bndbox>
            <xmin>421.90000000000146</xmin>
            <ymin>319.296875</ymin>
            <xmax>484.0482406616211</xmax>
            <ymax>425.3000000000011</ymax>
        </bndbox>
    </object>    <object>
        <name>player</name>
        <pose>Unspecified</pose>
        <truncated>0</truncated>
        <difficult>0</difficult>
        <bndbox>
            <xmin>257.0419921875</xmin>
            <ymin>222.9453125</ymin>
            <xmax>326.4423828125</xmax>
            <ymax>314.865234375</ymax>
        </bndbox>
    </object>
</annotation>
