<annotation>
    <folder></folder>
    <filename>frame_000456</filename>
    <path></path>
    <source>
        <database>Unknown</database>
    </source>
    <size>
        <width>1280</width>
        <height>720</height>
        <depth>3</depth>
    </size>
    <segmented>0</segmented>
    <object>
        <name>player</name>
        <pose>Unspecified</pose>
        <truncated>0</truncated>
        <difficult>0</difficult>
        <bndbox>
            <xmin>706.8231670673077</xmin>
            <ymin>273.8864182692308</ymin>
            <xmax>756.1863181089751</xmax>
            <ymax>392.2667134081197</ymax>
        </bndbox>
    </object>    <object>
        <name>player</name>
        <pose>Unspecified</pose>
        <truncated>0</truncated>
        <difficult>0</difficult>
        <bndbox>
            <xmin>249.98173076923084</xmin>
            <ymin>210.7755408653846</ymin>
            <xmax>308.17460960975194</xmax>
            <ymax>306.59230769230874</ymax>
        </bndbox>
    </object>    <object>
        <name>player</name>
        <pose>Unspecified</pose>
        <truncated>0</truncated>
        <difficult>0</difficult>
        <bndbox>
            <xmin>1092.1674985532406</xmin>
            <ymin>388.59418402777777</ymin>
            <xmax>1155.5222222222233</xmax>
            <ymax>529.3888888888899</ymax>
        </bndbox>
    </object>    <object>
        <name>player</name>
        <pose>Unspecified</pose>
        <truncated>0</truncated>
        <difficult>0</difficult>
        <bndbox>
            <xmin>970.0582932692307</xmin>
            <ymin>265.4746844951923</ymin>
            <xmax>1019.5185652599727</xmax>
            <ymax>368.67037315260046</ymax>
        </bndbox>
    </object>    <object>
        <name>player</name>
        <pose>Unspecified</pose>
        <truncated>0</truncated>
        <difficult>0</difficult>
        <bndbox>
            <xmin>133.14655949519232</xmin>
            <ymin>287.22498497596155</ymin>
            <xmax>194.31172156048706</xmax>
            <ymax>410.5120726495727</ymax>
        </bndbox>
    </object>    <object>
        <name>player</name>
        <pose>Unspecified</pose>
        <truncated>0</truncated>
        <difficult>0</difficult>
        <bndbox>
            <xmin>81.67037037037038</xmin>
            <ymin>532.2616102430555</ymin>
            <xmax>153.99057854546442</xmax>
            <ymax>655.6518518518519</ymax>
        </bndbox>
    </object>    <object>
        <name>ref</name>
        <pose>Unspecified</pose>
        <truncated>0</truncated>
        <difficult>0</difficult>
        <bndbox>
            <xmin>1173.4296875</xmin>
            <ymin>199.1142578125</ymin>
            <xmax>1220.1223885995382</xmax>
            <ymax>301.5258897569452</ymax>
        </bndbox>
    </object>    <object>
        <name>player</name>
        <pose>Unspecified</pose>
        <truncated>0</truncated>
        <difficult>0</difficult>
        <bndbox>
            <xmin>473.02281539351856</xmin>
            <ymin>230.00119357638889</ymin>
            <xmax>525.8248750757274</xmax>
            <ymax>321.3721498842607</ymax>
        </bndbox>
    </object>    <object>
        <name>player</name>
        <pose>Unspecified</pose>
        <truncated>0</truncated>
        <difficult>0</difficult>
        <bndbox>
            <xmin>259.7074074074088</xmin>
            <ymin>370.98799189814815</ymin>
            <xmax>333.48042947274666</xmax>
            <ymax>499.10000000000036</ymax>
        </bndbox>
    </object>
</annotation>
