<annotation>
    <folder></folder>
    <filename>frame_000078</filename>
    <path></path>
    <source>
        <database>Unknown</database>
    </source>
    <size>
        <width>1280</width>
        <height>720</height>
        <depth>3</depth>
    </size>
    <segmented>0</segmented>
    <object>
        <name>player</name>
        <pose>Unspecified</pose>
        <truncated>0</truncated>
        <difficult>0</difficult>
        <bndbox>
            <xmin>79.67431640625</xmin>
            <ymin>453.8388671875</ymin>
            <xmax>154.54970703125036</xmax>
            <ymax>552.3812500000004</ymax>
        </bndbox>
    </object>    <object>
        <name>player</name>
        <pose>Unspecified</pose>
        <truncated>0</truncated>
        <difficult>0</difficult>
        <bndbox>
            <xmin>1011.2914402173913</xmin>
            <ymin>618.835597826087</ymin>
            <xmax>1094.8320652173927</xmax>
            <ymax>720.0</ymax>
        </bndbox>
    </object>    <object>
        <name>player</name>
        <pose>Unspecified</pose>
        <truncated>0</truncated>
        <difficult>0</difficult>
        <bndbox>
            <xmin>940.5631835937502</xmin>
            <ymin>392.86376953125</ymin>
            <xmax>1035.5323136039397</xmax>
            <ymax>518.2465056046203</ymax>
        </bndbox>
    </object>    <object>
        <name>keeper</name>
        <pose>Unspecified</pose>
        <truncated>0</truncated>
        <difficult>0</difficult>
        <bndbox>
            <xmin>464.45087466032606</xmin>
            <ymin>271.23993716032606</ymin>
            <xmax>542.6130434782616</xmax>
            <ymax>353.8782608695662</ymax>
        </bndbox>
    </object>    <object>
        <name>player</name>
        <pose>Unspecified</pose>
        <truncated>0</truncated>
        <difficult>0</difficult>
        <bndbox>
            <xmin>488.8662109375</xmin>
            <ymin>275.15234375</ymin>
            <xmax>535.6500000000005</xmax>
            <ymax>377.65000000000055</ymax>
        </bndbox>
    </object>    <object>
        <name>player</name>
        <pose>Unspecified</pose>
        <truncated>0</truncated>
        <difficult>0</difficult>
        <bndbox>
            <xmin>583.5189453125004</xmin>
            <ymin>329.44482421875</ymin>
            <xmax>657.6328437805178</xmax>
            <ymax>435.2000000000007</ymax>
        </bndbox>
    </object>    <object>
        <name>player</name>
        <pose>Unspecified</pose>
        <truncated>0</truncated>
        <difficult>0</difficult>
        <bndbox>
            <xmin>239.85107421875</xmin>
            <ymin>457.36376953125</ymin>
            <xmax>340.0193359375007</xmax>
            <ymax>591.2064453125004</ymax>
        </bndbox>
    </object>    <object>
        <name>player</name>
        <pose>Unspecified</pose>
        <truncated>0</truncated>
        <difficult>0</difficult>
        <bndbox>
            <xmin>329.81201171875</xmin>
            <ymin>264.34765625</ymin>
            <xmax>407.5000000000009</xmax>
            <ymax>372.4500000000007</ymax>
        </bndbox>
    </object>    <object>
        <name>player</name>
        <pose>Unspecified</pose>
        <truncated>0</truncated>
        <difficult>0</difficult>
        <bndbox>
            <xmin>306.30810546875</xmin>
            <ymin>362.13525390625</ymin>
            <xmax>383.990234375</xmax>
            <ymax>482.59316558837963</ymax>
        </bndbox>
    </object>    <object>
        <name>player</name>
        <pose>Unspecified</pose>
        <truncated>0</truncated>
        <difficult>0</difficult>
        <bndbox>
            <xmin>242.40731148097825</xmin>
            <ymin>269.0509935461956</ymin>
            <xmax>308.4071052219563</xmax>
            <ymax>384.1182404891305</ymax>
        </bndbox>
    </object>
</annotation>
