<annotation>
    <folder></folder>
    <filename>frame_000243</filename>
    <path></path>
    <source>
        <database>Unknown</database>
    </source>
    <size>
        <width>1280</width>
        <height>720</height>
        <depth>3</depth>
    </size>
    <segmented>0</segmented>
    <object>
        <name>player</name>
        <pose>Unspecified</pose>
        <truncated>0</truncated>
        <difficult>0</difficult>
        <bndbox>
            <xmin>39.011971507353394</xmin>
            <ymin>300.3285271139706</ymin>
            <xmax>101.92664292279476</xmax>
            <ymax>420.5025045955892</ymax>
        </bndbox>
    </object>    <object>
        <name>keeper</name>
        <pose>Unspecified</pose>
        <truncated>0</truncated>
        <difficult>0</difficult>
        <bndbox>
            <xmin>405.7981962316176</xmin>
            <ymin>275.431640625</ymin>
            <xmax>493.1974733240467</xmax>
            <ymax>387.4470588235307</ymax>
        </bndbox>
    </object>    <object>
        <name>player</name>
        <pose>Unspecified</pose>
        <truncated>0</truncated>
        <difficult>0</difficult>
        <bndbox>
            <xmin>877.1434397977941</xmin>
            <ymin>243.86873851102942</ymin>
            <xmax>945.4176470588242</xmax>
            <ymax>332.42352941176506</ymax>
        </bndbox>
    </object>    <object>
        <name>player</name>
        <pose>Unspecified</pose>
        <truncated>0</truncated>
        <difficult>0</difficult>
        <bndbox>
            <xmin>1142.071231617647</xmin>
            <ymin>621.7305261948529</ymin>
            <xmax>1225.632755055147</xmax>
            <ymax>720.0</ymax>
        </bndbox>
    </object>    <object>
        <name>player</name>
        <pose>Unspecified</pose>
        <truncated>0</truncated>
        <difficult>0</difficult>
        <bndbox>
            <xmin>386.34705882352995</xmin>
            <ymin>434.23426011029414</ymin>
            <xmax>494.760487724753</xmax>
            <ymax>578.7411764705892</ymax>
        </bndbox>
    </object>    <object>
        <name>player</name>
        <pose>Unspecified</pose>
        <truncated>0</truncated>
        <difficult>0</difficult>
        <bndbox>
            <xmin>122.43529411764821</xmin>
            <ymin>279.0191291360294</ymin>
            <xmax>204.833864997415</xmax>
            <ymax>390.77647058823544</ymax>
        </bndbox>
    </object>    <object>
        <name>player</name>
        <pose>Unspecified</pose>
        <truncated>0</truncated>
        <difficult>0</difficult>
        <bndbox>
            <xmin>501.55382582720586</xmin>
            <ymin>327.5494025735294</ymin>
            <xmax>570.1423023897073</xmax>
            <ymax>464.57225413602976</ymax>
        </bndbox>
    </object>    <object>
        <name>player</name>
        <pose>Unspecified</pose>
        <truncated>0</truncated>
        <difficult>0</difficult>
        <bndbox>
            <xmin>298.15882352941236</xmin>
            <ymin>247.4503676470588</ymin>
            <xmax>368.57047002455766</xmax>
            <ymax>354.3705882352947</ymax>
        </bndbox>
    </object>
</annotation>
