<annotation>
    <folder></folder>
    <filename>frame_000296</filename>
    <path></path>
    <source>
        <database>Unknown</database>
    </source>
    <size>
        <width>1280</width>
        <height>720</height>
        <depth>3</depth>
    </size>
    <segmented>0</segmented>
    <object>
        <name>player</name>
        <pose>Unspecified</pose>
        <truncated>0</truncated>
        <difficult>0</difficult>
        <bndbox>
            <xmin>88.89291992187584</xmin>
            <ymin>329.8467610677083</ymin>
            <xmax>147.45804147159302</xmax>
            <ymax>429.83019971660707</ymax>
        </bndbox>
    </object>    <object>
        <name>keeper</name>
        <pose>Unspecified</pose>
        <truncated>0</truncated>
        <difficult>0</difficult>
        <bndbox>
            <xmin>257.612060546875</xmin>
            <ymin>277.8475748697917</ymin>
            <xmax>314.54702148437536</xmax>
            <ymax>397.8317545572924</ymax>
        </bndbox>
    </object>    <object>
        <name>player</name>
        <pose>Unspecified</pose>
        <truncated>0</truncated>
        <difficult>0</difficult>
        <bndbox>
            <xmin>445.9952148437509</xmin>
            <ymin>225.47403971354166</ymin>
            <xmax>502.0553991654342</xmax>
            <ymax>330.93541379442405</ymax>
        </bndbox>
    </object>    <object>
        <name>player</name>
        <pose>Unspecified</pose>
        <truncated>0</truncated>
        <difficult>0</difficult>
        <bndbox>
            <xmin>582.2083333333334</xmin>
            <ymin>403.7166341145833</ymin>
            <xmax>663.7678991953532</xmax>
            <ymax>548.0250000000015</ymax>
        </bndbox>
    </object>    <object>
        <name>player</name>
        <pose>Unspecified</pose>
        <truncated>0</truncated>
        <difficult>0</difficult>
        <bndbox>
            <xmin>205.391357421875</xmin>
            <ymin>272.9828287760417</ymin>
            <xmax>265.0078713099162</xmax>
            <ymax>369.88322118123307</ymax>
        </bndbox>
    </object>    <object>
        <name>player</name>
        <pose>Unspecified</pose>
        <truncated>0</truncated>
        <difficult>0</difficult>
        <bndbox>
            <xmin>427.77500000000083</xmin>
            <ymin>318.824462890625</ymin>
            <xmax>495.7290630340576</xmax>
            <ymax>428.7166666666673</ymax>
        </bndbox>
    </object>    <object>
        <name>player</name>
        <pose>Unspecified</pose>
        <truncated>0</truncated>
        <difficult>0</difficult>
        <bndbox>
            <xmin>273.64949544270894</xmin>
            <ymin>224.59309895833394</ymin>
            <xmax>339.934814453125</xmax>
            <ymax>315.1537272135417</ymax>
        </bndbox>
    </object>
</annotation>
