<annotation>
    <folder></folder>
    <filename>frame_000185</filename>
    <path></path>
    <source>
        <database>Unknown</database>
    </source>
    <size>
        <width>1280</width>
        <height>720</height>
        <depth>3</depth>
    </size>
    <segmented>0</segmented>
    <object>
        <name>ref</name>
        <pose>Unspecified</pose>
        <truncated>0</truncated>
        <difficult>0</difficult>
        <bndbox>
            <xmin>53.428125</xmin>
            <ymin>405.771875</ymin>
            <xmax>106.97050781250036</xmax>
            <ymax>514.0171875000011</ymax>
        </bndbox>
    </object>    <object>
        <name>player</name>
        <pose>Unspecified</pose>
        <truncated>0</truncated>
        <difficult>0</difficult>
        <bndbox>
            <xmin>114.5400390625</xmin>
            <ymin>334.4990234375</ymin>
            <xmax>196.4200000000008</xmax>
            <ymax>455.7400000000005</ymax>
        </bndbox>
    </object>    <object>
        <name>keeper</name>
        <pose>Unspecified</pose>
        <truncated>0</truncated>
        <difficult>0</difficult>
        <bndbox>
            <xmin>583.4430930397727</xmin>
            <ymin>276.70747514204544</ymin>
            <xmax>682.5361543062205</xmax>
            <ymax>369.73628887559886</ymax>
        </bndbox>
    </object>    <object>
        <name>player</name>
        <pose>Unspecified</pose>
        <truncated>0</truncated>
        <difficult>0</difficult>
        <bndbox>
            <xmin>1076.8891059027778</xmin>
            <ymin>279.9997829861111</ymin>
            <xmax>1161.6797410753045</xmax>
            <ymax>396.72760416666745</ymax>
        </bndbox>
    </object>    <object>
        <name>player</name>
        <pose>Unspecified</pose>
        <truncated>0</truncated>
        <difficult>0</difficult>
        <bndbox>
            <xmin>1155.2979600694443</xmin>
            <ymin>470.1315104166667</ymin>
            <xmax>1245.723702256946</xmax>
            <ymax>640.8915494791664</ymax>
        </bndbox>
    </object>    <object>
        <name>player</name>
        <pose>Unspecified</pose>
        <truncated>0</truncated>
        <difficult>0</difficult>
        <bndbox>
            <xmin>255.49848090277777</xmin>
            <ymin>444.2004123263889</ymin>
            <xmax>362.5724894205727</xmax>
            <ymax>586.717382812501</ymax>
        </bndbox>
    </object>    <object>
        <name>player</name>
        <pose>Unspecified</pose>
        <truncated>0</truncated>
        <difficult>0</difficult>
        <bndbox>
            <xmin>259.1775173611113</xmin>
            <ymin>334.9734157986111</ymin>
            <xmax>336.8137603759767</xmax>
            <ymax>449.7444444444449</ymax>
        </bndbox>
    </object>    <object>
        <name>player</name>
        <pose>Unspecified</pose>
        <truncated>0</truncated>
        <difficult>0</difficult>
        <bndbox>
            <xmin>704.1506076388889</xmin>
            <ymin>369.275390625</ymin>
            <xmax>783.1403605143237</xmax>
            <ymax>519.1222222222236</ymax>
        </bndbox>
    </object>    <object>
        <name>player</name>
        <pose>Unspecified</pose>
        <truncated>0</truncated>
        <difficult>0</difficult>
        <bndbox>
            <xmin>495.08355034722223</xmin>
            <ymin>281.2527126736111</ymin>
            <xmax>565.4888888888895</xmax>
            <ymax>400.2111111111117</ymax>
        </bndbox>
    </object>
</annotation>
