<annotation>
    <folder></folder>
    <filename>frame_000393</filename>
    <path></path>
    <source>
        <database>Unknown</database>
    </source>
    <size>
        <width>1280</width>
        <height>720</height>
        <depth>3</depth>
    </size>
    <segmented>0</segmented>
    <object>
        <name>player</name>
        <pose>Unspecified</pose>
        <truncated>0</truncated>
        <difficult>0</difficult>
        <bndbox>
            <xmin>811.137373046876</xmin>
            <ymin>366.950146484375</ymin>
            <xmax>875.147721557617</xmax>
            <ymax>502.2657714843761</ymax>
        </bndbox>
    </object>    <object>
        <name>player</name>
        <pose>Unspecified</pose>
        <truncated>0</truncated>
        <difficult>0</difficult>
        <bndbox>
            <xmin>574.780419921875</xmin>
            <ymin>219.20595703125</ymin>
            <xmax>648.3277760314943</xmax>
            <ymax>314.323320312501</ymax>
        </bndbox>
    </object>    <object>
        <name>player</name>
        <pose>Unspecified</pose>
        <truncated>0</truncated>
        <difficult>0</difficult>
        <bndbox>
            <xmin>1191.1604817708333</xmin>
            <ymin>458.2581380208333</ymin>
            <xmax>1280.0</xmax>
            <ymax>623.5142857142868</ymax>
        </bndbox>
    </object>    <object>
        <name>player</name>
        <pose>Unspecified</pose>
        <truncated>0</truncated>
        <difficult>0</difficult>
        <bndbox>
            <xmin>1162.8264973958333</xmin>
            <ymin>275.02595486111113</ymin>
            <xmax>1217.482222222223</xmax>
            <ymax>388.42666666666787</ymax>
        </bndbox>
    </object>    <object>
        <name>player</name>
        <pose>Unspecified</pose>
        <truncated>0</truncated>
        <difficult>0</difficult>
        <bndbox>
            <xmin>18.009300595238095</xmin>
            <ymin>311.9394066220238</ymin>
            <xmax>94.91395118350192</xmax>
            <ymax>416.28457961309624</ymax>
        </bndbox>
    </object>    <object>
        <name>player</name>
        <pose>Unspecified</pose>
        <truncated>0</truncated>
        <difficult>0</difficult>
        <bndbox>
            <xmin>452.02012695312504</xmin>
            <ymin>285.109814453125</ymin>
            <xmax>525.504443588258</xmax>
            <ymax>390.84000000000117</ymax>
        </bndbox>
    </object>    <object>
        <name>player</name>
        <pose>Unspecified</pose>
        <truncated>0</truncated>
        <difficult>0</difficult>
        <bndbox>
            <xmin>151.07000000000136</xmin>
            <ymin>362.984912109375</ymin>
            <xmax>259.82915992736815</xmax>
            <ymax>469.46500000000117</ymax>
        </bndbox>
    </object>
</annotation>
