<annotation>
    <folder></folder>
    <filename>frame_000254</filename>
    <path></path>
    <source>
        <database>Unknown</database>
    </source>
    <size>
        <width>1280</width>
        <height>720</height>
        <depth>3</depth>
    </size>
    <segmented>0</segmented>
    <object>
        <name>player</name>
        <pose>Unspecified</pose>
        <truncated>0</truncated>
        <difficult>0</difficult>
        <bndbox>
            <xmin>44.25000000000104</xmin>
            <ymin>306.36258370535717</ymin>
            <xmax>102.40498052324567</xmax>
            <ymax>416.62142857142925</ymax>
        </bndbox>
    </object>    <object>
        <name>keeper</name>
        <pose>Unspecified</pose>
        <truncated>0</truncated>
        <difficult>0</difficult>
        <bndbox>
            <xmin>390.02608816964283</xmin>
            <ymin>275.73765345982144</ymin>
            <xmax>458.87142857142925</xmax>
            <ymax>387.7214285714296</ymax>
        </bndbox>
    </object>    <object>
        <name>player</name>
        <pose>Unspecified</pose>
        <truncated>0</truncated>
        <difficult>0</difficult>
        <bndbox>
            <xmin>800.443359375</xmin>
            <ymin>240.0888671875</ymin>
            <xmax>859.2677734375011</xmax>
            <ymax>323.60000000000036</ymax>
        </bndbox>
    </object>    <object>
        <name>player</name>
        <pose>Unspecified</pose>
        <truncated>0</truncated>
        <difficult>0</difficult>
        <bndbox>
            <xmin>1194.1513671875</xmin>
            <ymin>642.236328125</ymin>
            <xmax>1273.02587890625</xmax>
            <ymax>720.0</ymax>
        </bndbox>
    </object>    <object>
        <name>player</name>
        <pose>Unspecified</pose>
        <truncated>0</truncated>
        <difficult>0</difficult>
        <bndbox>
            <xmin>432.1250000000009</xmin>
            <ymin>428.258544921875</ymin>
            <xmax>527.3347835540771</xmax>
            <ymax>582.0750000000012</ymax>
        </bndbox>
    </object>    <object>
        <name>player</name>
        <pose>Unspecified</pose>
        <truncated>0</truncated>
        <difficult>0</difficult>
        <bndbox>
            <xmin>139.42142857142932</xmin>
            <ymin>276.11648995535717</ymin>
            <xmax>206.99420275006975</xmax>
            <ymax>382.371428571429</ymax>
        </bndbox>
    </object>    <object>
        <name>player</name>
        <pose>Unspecified</pose>
        <truncated>0</truncated>
        <difficult>0</difficult>
        <bndbox>
            <xmin>476.92578125</xmin>
            <ymin>322.05078125</ymin>
            <xmax>545.0525390625014</xmax>
            <ymax>458.30885881696474</ymax>
        </bndbox>
    </object>    <object>
        <name>player</name>
        <pose>Unspecified</pose>
        <truncated>0</truncated>
        <difficult>0</difficult>
        <bndbox>
            <xmin>288.0999720982146</xmin>
            <ymin>241.07393973214286</ymin>
            <xmax>362.51500974382674</xmax>
            <ymax>343.97857142857276</ymax>
        </bndbox>
    </object>
</annotation>
