<annotation>
    <folder></folder>
    <filename>frame_000190</filename>
    <path></path>
    <source>
        <database>Unknown</database>
    </source>
    <size>
        <width>1280</width>
        <height>720</height>
        <depth>3</depth>
    </size>
    <segmented>0</segmented>
    <object>
        <name>ref</name>
        <pose>Unspecified</pose>
        <truncated>0</truncated>
        <difficult>0</difficult>
        <bndbox>
            <xmin>40.041162109374994</xmin>
            <ymin>408.449365234375</ymin>
            <xmax>93.58354492187536</xmax>
            <ymax>516.6946777343761</ymax>
        </bndbox>
    </object>    <object>
        <name>player</name>
        <pose>Unspecified</pose>
        <truncated>0</truncated>
        <difficult>0</difficult>
        <bndbox>
            <xmin>106.5078125</xmin>
            <ymin>328.0732421875</ymin>
            <xmax>183.5700000000009</xmax>
            <ymax>450.9150000000007</ymax>
        </bndbox>
    </object>    <object>
        <name>keeper</name>
        <pose>Unspecified</pose>
        <truncated>0</truncated>
        <difficult>0</difficult>
        <bndbox>
            <xmin>575.4619140625</xmin>
            <ymin>276.6435546875</ymin>
            <xmax>673.4311060855271</xmax>
            <ymax>370.3811986019746</ymax>
        </bndbox>
    </object>    <object>
        <name>player</name>
        <pose>Unspecified</pose>
        <truncated>0</truncated>
        <difficult>0</difficult>
        <bndbox>
            <xmin>1087.099609375</xmin>
            <ymin>275.001953125</ymin>
            <xmax>1161.4044174194332</xmax>
            <ymax>390.38710937500036</ymax>
        </bndbox>
    </object>    <object>
        <name>player</name>
        <pose>Unspecified</pose>
        <truncated>0</truncated>
        <difficult>0</difficult>
        <bndbox>
            <xmin>1152.3525390625</xmin>
            <ymin>481.912109375</ymin>
            <xmax>1250.003330078127</xmax>
            <ymax>651.880986328124</ymax>
        </bndbox>
    </object>    <object>
        <name>player</name>
        <pose>Unspecified</pose>
        <truncated>0</truncated>
        <difficult>0</difficult>
        <bndbox>
            <xmin>253.4970703125</xmin>
            <ymin>445.00390625</ymin>
            <xmax>381.99903106689453</xmax>
            <ymax>590.4000000000015</ymax>
        </bndbox>
    </object>    <object>
        <name>player</name>
        <pose>Unspecified</pose>
        <truncated>0</truncated>
        <difficult>0</difficult>
        <bndbox>
            <xmin>241.7744140625</xmin>
            <ymin>327.744140625</ymin>
            <xmax>317.60000000000036</xmax>
            <ymax>441.3000000000011</ymax>
        </bndbox>
    </object>    <object>
        <name>player</name>
        <pose>Unspecified</pose>
        <truncated>0</truncated>
        <difficult>0</difficult>
        <bndbox>
            <xmin>699.5</xmin>
            <ymin>363.474609375</ymin>
            <xmax>774.0658111572266</xmax>
            <ymax>511.90000000000146</ymax>
        </bndbox>
    </object>    <object>
        <name>player</name>
        <pose>Unspecified</pose>
        <truncated>0</truncated>
        <difficult>0</difficult>
        <bndbox>
            <xmin>484.7607421875</xmin>
            <ymin>279.169921875</ymin>
            <xmax>549.6000000000004</xmax>
            <ymax>399.60000000000036</ymax>
        </bndbox>
    </object>
</annotation>
