<annotation>
    <folder></folder>
    <filename>frame_000152</filename>
    <path></path>
    <source>
        <database>Unknown</database>
    </source>
    <size>
        <width>1280</width>
        <height>720</height>
        <depth>3</depth>
    </size>
    <segmented>0</segmented>
    <object>
        <name>ref</name>
        <pose>Unspecified</pose>
        <truncated>0</truncated>
        <difficult>0</difficult>
        <bndbox>
            <xmin>45.138997395833336</xmin>
            <ymin>399.5546875</ymin>
            <xmax>98.68138020833369</xmax>
            <ymax>507.8000000000011</ymax>
        </bndbox>
    </object>    <object>
        <name>player</name>
        <pose>Unspecified</pose>
        <truncated>0</truncated>
        <difficult>0</difficult>
        <bndbox>
            <xmin>108.23229166666755</xmin>
            <ymin>382.65635850694446</ymin>
            <xmax>185.87777964274088</xmax>
            <ymax>514.4724628024624</ymax>
        </bndbox>
    </object>    <object>
        <name>keeper</name>
        <pose>Unspecified</pose>
        <truncated>0</truncated>
        <difficult>0</difficult>
        <bndbox>
            <xmin>578.4902705439815</xmin>
            <ymin>275.9079499421296</ymin>
            <xmax>677.7106843171297</xmax>
            <ymax>364.50895543981557</ymax>
        </bndbox>
    </object>    <object>
        <name>player</name>
        <pose>Unspecified</pose>
        <truncated>0</truncated>
        <difficult>0</difficult>
        <bndbox>
            <xmin>923.0703125</xmin>
            <ymin>292.3279622395833</ymin>
            <xmax>983.0699218750015</xmax>
            <ymax>402.67444661458404</ymax>
        </bndbox>
    </object>    <object>
        <name>player</name>
        <pose>Unspecified</pose>
        <truncated>0</truncated>
        <difficult>0</difficult>
        <bndbox>
            <xmin>1042.4061957465278</xmin>
            <ymin>403.76746961805554</ymin>
            <xmax>1122.5333333333347</xmax>
            <ymax>547.1277777777786</ymax>
        </bndbox>
    </object>    <object>
        <name>player</name>
        <pose>Unspecified</pose>
        <truncated>0</truncated>
        <difficult>0</difficult>
        <bndbox>
            <xmin>156.6408203125003</xmin>
            <ymin>449.2697482638889</ymin>
            <xmax>244.04077809651758</xmax>
            <ymax>552.8444444444445</ymax>
        </bndbox>
    </object>    <object>
        <name>player</name>
        <pose>Unspecified</pose>
        <truncated>0</truncated>
        <difficult>0</difficult>
        <bndbox>
            <xmin>391.2365451388889</xmin>
            <ymin>344.0885959201389</ymin>
            <xmax>475.8388888888893</xmax>
            <ymax>459.31666666666763</ymax>
        </bndbox>
    </object>    <object>
        <name>player</name>
        <pose>Unspecified</pose>
        <truncated>0</truncated>
        <difficult>0</difficult>
        <bndbox>
            <xmin>617.4342447916666</xmin>
            <ymin>392.7761501736111</ymin>
            <xmax>695.9444444444455</xmax>
            <ymax>531.5833333333346</ymax>
        </bndbox>
    </object>    <object>
        <name>player</name>
        <pose>Unspecified</pose>
        <truncated>0</truncated>
        <difficult>0</difficult>
        <bndbox>
            <xmin>474.36680772569446</xmin>
            <ymin>294.6408962673611</ymin>
            <xmax>554.3770182291676</xmax>
            <ymax>411.25627170138887</ymax>
        </bndbox>
    </object>
</annotation>
