<annotation>
    <folder></folder>
    <filename>frame_000106</filename>
    <path></path>
    <source>
        <database>Unknown</database>
    </source>
    <size>
        <width>1280</width>
        <height>720</height>
        <depth>3</depth>
    </size>
    <segmented>0</segmented>
    <object>
        <name>ref</name>
        <pose>Unspecified</pose>
        <truncated>0</truncated>
        <difficult>0</difficult>
        <bndbox>
            <xmin>0.0</xmin>
            <ymin>399.5546875</ymin>
            <xmax>46.0</xmax>
            <ymax>504.60000000000036</ymax>
        </bndbox>
    </object>    <object>
        <name>player</name>
        <pose>Unspecified</pose>
        <truncated>0</truncated>
        <difficult>0</difficult>
        <bndbox>
            <xmin>88.87109375</xmin>
            <ymin>431.791015625</ymin>
            <xmax>163.7802734375</xmax>
            <ymax>541.0494140625015</ymax>
        </bndbox>
    </object>    <object>
        <name>player</name>
        <pose>Unspecified</pose>
        <truncated>0</truncated>
        <difficult>0</difficult>
        <bndbox>
            <xmin>1201.5830078125</xmin>
            <ymin>672.755859375</ymin>
            <xmax>1280.0</xmax>
            <ymax>720.0</ymax>
        </bndbox>
    </object>    <object>
        <name>player</name>
        <pose>Unspecified</pose>
        <truncated>0</truncated>
        <difficult>0</difficult>
        <bndbox>
            <xmin>1139.5</xmin>
            <ymin>446.783203125</ymin>
            <xmax>1230.516990661621</xmax>
            <ymax>591.3000000000011</ymax>
        </bndbox>
    </object>    <object>
        <name>keeper</name>
        <pose>Unspecified</pose>
        <truncated>0</truncated>
        <difficult>0</difficult>
        <bndbox>
            <xmin>496.8583984375</xmin>
            <ymin>276.5029296875</ymin>
            <xmax>589.0712890625</xmax>
            <ymax>363.2000000000007</ymax>
        </bndbox>
    </object>    <object>
        <name>player</name>
        <pose>Unspecified</pose>
        <truncated>0</truncated>
        <difficult>0</difficult>
        <bndbox>
            <xmin>618.91796875</xmin>
            <ymin>270.076171875</ymin>
            <xmax>683.2000000000007</xmax>
            <ymax>370.8000000000011</ymax>
        </bndbox>
    </object>    <object>
        <name>player</name>
        <pose>Unspecified</pose>
        <truncated>0</truncated>
        <difficult>0</difficult>
        <bndbox>
            <xmin>703.6000000000004</xmin>
            <ymin>350.3974609375</ymin>
            <xmax>823.5347671508789</xmax>
            <ymax>463.90000000000146</ymax>
        </bndbox>
    </object>    <object>
        <name>player</name>
        <pose>Unspecified</pose>
        <truncated>0</truncated>
        <difficult>0</difficult>
        <bndbox>
            <xmin>145.6767578125</xmin>
            <ymin>472.4736328125</ymin>
            <xmax>218.5</xmax>
            <ymax>566.6000000000004</ymax>
        </bndbox>
    </object>    <object>
        <name>player</name>
        <pose>Unspecified</pose>
        <truncated>0</truncated>
        <difficult>0</difficult>
        <bndbox>
            <xmin>418.7255859375</xmin>
            <ymin>287.2099609375</ymin>
            <xmax>490.42617187500036</xmax>
            <ymax>397.5476562500007</ymax>
        </bndbox>
    </object>    <object>
        <name>player</name>
        <pose>Unspecified</pose>
        <truncated>0</truncated>
        <difficult>0</difficult>
        <bndbox>
            <xmin>413.357421875</xmin>
            <ymin>377.1279296875</ymin>
            <xmax>493.8000000000011</xmax>
            <ymax>498.10000000000036</ymax>
        </bndbox>
    </object>    <object>
        <name>player</name>
        <pose>Unspecified</pose>
        <truncated>0</truncated>
        <difficult>0</difficult>
        <bndbox>
            <xmin>306.2919921875</xmin>
            <ymin>287.2109375</ymin>
            <xmax>375.87363281250146</xmax>
            <ymax>403.9228515625</ymax>
        </bndbox>
    </object>
</annotation>
