<annotation>
    <folder></folder>
    <filename>frame_000335</filename>
    <path></path>
    <source>
        <database>Unknown</database>
    </source>
    <size>
        <width>1280</width>
        <height>720</height>
        <depth>3</depth>
    </size>
    <segmented>0</segmented>
    <object>
        <name>player</name>
        <pose>Unspecified</pose>
        <truncated>0</truncated>
        <difficult>0</difficult>
        <bndbox>
            <xmin>919.4490234375</xmin>
            <ymin>459.37275390625</ymin>
            <xmax>992.160000000001</xmax>
            <ymax>614.0900000000004</ymax>
        </bndbox>
    </object>    <object>
        <name>player</name>
        <pose>Unspecified</pose>
        <truncated>0</truncated>
        <difficult>0</difficult>
        <bndbox>
            <xmin>878.6025976562505</xmin>
            <ymin>229.59267578125</ymin>
            <xmax>953.5505859375</xmax>
            <ymax>329.0400000000003</ymax>
        </bndbox>
    </object>    <object>
        <name>player</name>
        <pose>Unspecified</pose>
        <truncated>0</truncated>
        <difficult>0</difficult>
        <bndbox>
            <xmin>424.7548828125</xmin>
            <ymin>357.77451171875</ymin>
            <xmax>519.0221697998049</xmax>
            <ymax>478.37000000000046</ymax>
        </bndbox>
    </object>    <object>
        <name>player</name>
        <pose>Unspecified</pose>
        <truncated>0</truncated>
        <difficult>0</difficult>
        <bndbox>
            <xmin>1.0947265625</xmin>
            <ymin>274.90576171875</ymin>
            <xmax>43.72021484375</xmax>
            <ymax>374.56435546875036</ymax>
        </bndbox>
    </object>    <object>
        <name>player</name>
        <pose>Unspecified</pose>
        <truncated>0</truncated>
        <difficult>0</difficult>
        <bndbox>
            <xmin>189.19921875</xmin>
            <ymin>315.05859375</ymin>
            <xmax>260.14124862670906</xmax>
            <ymax>416.4275195312506</ymax>
        </bndbox>
    </object>
</annotation>
