<annotation>
    <folder></folder>
    <filename>frame_000031</filename>
    <path></path>
    <source>
        <database>Unknown</database>
    </source>
    <size>
        <width>1280</width>
        <height>720</height>
        <depth>3</depth>
    </size>
    <segmented>0</segmented>
    <object>
        <name>player</name>
        <pose>Unspecified</pose>
        <truncated>0</truncated>
        <difficult>0</difficult>
        <bndbox>
            <xmin>141.95441828547297</xmin>
            <ymin>476.7988017314189</ymin>
            <xmax>234.79723725190155</xmax>
            <ymax>582.602722662849</ymax>
        </bndbox>
    </object>    <object>
        <name>player</name>
        <pose>Unspecified</pose>
        <truncated>0</truncated>
        <difficult>0</difficult>
        <bndbox>
            <xmin>820.7757352941177</xmin>
            <ymin>621.2869370404412</ymin>
            <xmax>923.011488252528</xmax>
            <ymax>720.0</ymax>
        </bndbox>
    </object>    <object>
        <name>player</name>
        <pose>Unspecified</pose>
        <truncated>0</truncated>
        <difficult>0</difficult>
        <bndbox>
            <xmin>895.0529411764714</xmin>
            <ymin>324.6317784926471</ymin>
            <xmax>987.7174525541418</xmax>
            <ymax>436.62941176470633</ymax>
        </bndbox>
    </object>    <object>
        <name>keeper</name>
        <pose>Unspecified</pose>
        <truncated>0</truncated>
        <difficult>0</difficult>
        <bndbox>
            <xmin>521.2225413602941</xmin>
            <ymin>272.59587545955884</ymin>
            <xmax>622.8387765323414</xmax>
            <ymax>364.12661437988305</ymax>
        </bndbox>
    </object>    <object>
        <name>player</name>
        <pose>Unspecified</pose>
        <truncated>0</truncated>
        <difficult>0</difficult>
        <bndbox>
            <xmin>395.5283892463239</xmin>
            <ymin>300.37879136029414</ymin>
            <xmax>474.82750190286146</xmax>
            <ymax>424.188235294118</ymax>
        </bndbox>
    </object>    <object>
        <name>ref</name>
        <pose>Unspecified</pose>
        <truncated>0</truncated>
        <difficult>0</difficult>
        <bndbox>
            <xmin>3.3946461397058822</xmin>
            <ymin>422.0895565257353</ymin>
            <xmax>43.35409124037869</xmax>
            <ymax>523.0494977165671</ymax>
        </bndbox>
    </object>    <object>
        <name>player</name>
        <pose>Unspecified</pose>
        <truncated>0</truncated>
        <difficult>0</difficult>
        <bndbox>
            <xmin>461.9647058823534</xmin>
            <ymin>302.89763327205884</ymin>
            <xmax>552.7209634219898</xmax>
            <ymax>437.9411764705891</ymax>
        </bndbox>
    </object>    <object>
        <name>player</name>
        <pose>Unspecified</pose>
        <truncated>0</truncated>
        <difficult>0</difficult>
        <bndbox>
            <xmin>316.77737821691227</xmin>
            <ymin>395.23812040441214</ymin>
            <xmax>420.38820190429783</xmax>
            <ymax>512.0470577464387</ymax>
        </bndbox>
    </object>    <object>
        <name>player</name>
        <pose>Unspecified</pose>
        <truncated>0</truncated>
        <difficult>0</difficult>
        <bndbox>
            <xmin>270.9326171875</xmin>
            <ymin>258.35759420955884</ymin>
            <xmax>342.7294117647065</xmax>
            <ymax>369.72107077205993</ymax>
        </bndbox>
    </object>    <object>
        <name>player</name>
        <pose>Unspecified</pose>
        <truncated>0</truncated>
        <difficult>0</difficult>
        <bndbox>
            <xmin>236.1235294117659</xmin>
            <ymin>330.3639131433824</ymin>
            <xmax>321.62758546717026</xmax>
            <ymax>463.18823529411884</ymax>
        </bndbox>
    </object>    <object>
        <name>player</name>
        <pose>Unspecified</pose>
        <truncated>0</truncated>
        <difficult>0</difficult>
        <bndbox>
            <xmin>221.56000689338288</xmin>
            <ymin>268.12258731617646</ymin>
            <xmax>280.8856821396762</xmax>
            <ymax>379.4421070772064</ymax>
        </bndbox>
    </object>
</annotation>
