<annotation>
    <folder></folder>
    <filename>frame_000129</filename>
    <path></path>
    <source>
        <database>Unknown</database>
    </source>
    <size>
        <width>1280</width>
        <height>720</height>
        <depth>3</depth>
    </size>
    <segmented>0</segmented>
    <object>
        <name>ref</name>
        <pose>Unspecified</pose>
        <truncated>0</truncated>
        <difficult>0</difficult>
        <bndbox>
            <xmin>35.876953125</xmin>
            <ymin>399.5546875</ymin>
            <xmax>89.41933593750036</xmax>
            <ymax>507.8000000000011</ymax>
        </bndbox>
    </object>    <object>
        <name>player</name>
        <pose>Unspecified</pose>
        <truncated>0</truncated>
        <difficult>0</difficult>
        <bndbox>
            <xmin>110.88532608695697</xmin>
            <ymin>412.82430366847825</ymin>
            <xmax>176.57391397227437</xmax>
            <ymax>530.3001198146658</ymax>
        </bndbox>
    </object>    <object>
        <name>keeper</name>
        <pose>Unspecified</pose>
        <truncated>0</truncated>
        <difficult>0</difficult>
        <bndbox>
            <xmin>550.4072265625</xmin>
            <ymin>278.109375</ymin>
            <xmax>642.6201171875</xmax>
            <ymax>364.8064453125007</ymax>
        </bndbox>
    </object>    <object>
        <name>player</name>
        <pose>Unspecified</pose>
        <truncated>0</truncated>
        <difficult>0</difficult>
        <bndbox>
            <xmin>777.419921875</xmin>
            <ymin>282.927734375</ymin>
            <xmax>839.5607421875011</xmax>
            <ymax>388.4628906250009</ymax>
        </bndbox>
    </object>    <object>
        <name>player</name>
        <pose>Unspecified</pose>
        <truncated>0</truncated>
        <difficult>0</difficult>
        <bndbox>
            <xmin>900.0869140625</xmin>
            <ymin>372.35205078125</ymin>
            <xmax>969.7165054321295</xmax>
            <ymax>497.60000000000036</ymax>
        </bndbox>
    </object>    <object>
        <name>player</name>
        <pose>Unspecified</pose>
        <truncated>0</truncated>
        <difficult>0</difficult>
        <bndbox>
            <xmin>130.4973675271739</xmin>
            <ymin>458.7376868206522</ymin>
            <xmax>207.88885869565252</xmax>
            <ymax>553.2006793478264</ymax>
        </bndbox>
    </object>    <object>
        <name>player</name>
        <pose>Unspecified</pose>
        <truncated>0</truncated>
        <difficult>0</difficult>
        <bndbox>
            <xmin>448.7119140625</xmin>
            <ymin>323.62255859375</ymin>
            <xmax>542.3000000000002</xmax>
            <ymax>429.65000000000055</ymax>
        </bndbox>
    </object>    <object>
        <name>player</name>
        <pose>Unspecified</pose>
        <truncated>0</truncated>
        <difficult>0</difficult>
        <bndbox>
            <xmin>524.20166015625</xmin>
            <ymin>392.12109375</ymin>
            <xmax>586.4000000000015</xmax>
            <ymax>524.3500000000013</ymax>
        </bndbox>
    </object>    <object>
        <name>player</name>
        <pose>Unspecified</pose>
        <truncated>0</truncated>
        <difficult>0</difficult>
        <bndbox>
            <xmin>395.7097656250007</xmin>
            <ymin>295.23916015625036</ymin>
            <xmax>468.4865242004398</xmax>
            <ymax>413.5712890625</ymax>
        </bndbox>
    </object>
</annotation>
