<annotation>
    <folder></folder>
    <filename>frame_000008</filename>
    <path></path>
    <source>
        <database>Unknown</database>
    </source>
    <size>
        <width>1280</width>
        <height>720</height>
        <depth>3</depth>
    </size>
    <segmented>0</segmented>
    <object>
        <name>player</name>
        <pose>Unspecified</pose>
        <truncated>0</truncated>
        <difficult>0</difficult>
        <bndbox>
            <xmin>156.6001636402027</xmin>
            <ymin>472.8043971706081</ymin>
            <xmax>240.15331338418528</xmax>
            <ymax>589.896492870434</ymax>
        </bndbox>
    </object>    <object>
        <name>player</name>
        <pose>Unspecified</pose>
        <truncated>0</truncated>
        <difficult>0</difficult>
        <bndbox>
            <xmin>780.4951171875</xmin>
            <ymin>615.3525390625</ymin>
            <xmax>899.3716125488281</xmax>
            <ymax>720.0</ymax>
        </bndbox>
    </object>    <object>
        <name>player</name>
        <pose>Unspecified</pose>
        <truncated>0</truncated>
        <difficult>0</difficult>
        <bndbox>
            <xmin>956.1415625000002</xmin>
            <ymin>297.2783203125</ymin>
            <xmax>1030.241647338867</xmax>
            <ymax>403.94175109863284</ymax>
        </bndbox>
    </object>    <object>
        <name>keeper</name>
        <pose>Unspecified</pose>
        <truncated>0</truncated>
        <difficult>0</difficult>
        <bndbox>
            <xmin>542.099609375</xmin>
            <ymin>273.93125</ymin>
            <xmax>651.3374710083008</xmax>
            <ymax>370.31759490966795</ymax>
        </bndbox>
    </object>    <object>
        <name>player</name>
        <pose>Unspecified</pose>
        <truncated>0</truncated>
        <difficult>0</difficult>
        <bndbox>
            <xmin>387.4219531250004</xmin>
            <ymin>343.5443359375</ymin>
            <xmax>480.8403839111328</xmax>
            <ymax>468.000858154297</ymax>
        </bndbox>
    </object>    <object>
        <name>ref</name>
        <pose>Unspecified</pose>
        <truncated>0</truncated>
        <difficult>0</difficult>
        <bndbox>
            <xmin>28.8955078125</xmin>
            <ymin>439.501953125</ymin>
            <xmax>79.2306022644043</xmax>
            <ymax>539.1011810302734</ymax>
        </bndbox>
    </object>    <object>
        <name>player</name>
        <pose>Unspecified</pose>
        <truncated>0</truncated>
        <difficult>0</difficult>
        <bndbox>
            <xmin>438.6629296875006</xmin>
            <ymin>322.124609375</ymin>
            <xmax>506.3288803100586</xmax>
            <ymax>437.3646914672856</ymax>
        </bndbox>
    </object>    <object>
        <name>player</name>
        <pose>Unspecified</pose>
        <truncated>0</truncated>
        <difficult>0</difficult>
        <bndbox>
            <xmin>250.17347656250058</xmin>
            <ymin>367.0989062500004</ymin>
            <xmax>357.8935791015625</xmax>
            <ymax>491.7679870605469</ymax>
        </bndbox>
    </object>    <object>
        <name>player</name>
        <pose>Unspecified</pose>
        <truncated>0</truncated>
        <difficult>0</difficult>
        <bndbox>
            <xmin>261.2939453125</xmin>
            <ymin>266.8625</ymin>
            <xmax>348.03013336181687</xmax>
            <ymax>375.6654544067387</ymax>
        </bndbox>
    </object>    <object>
        <name>player</name>
        <pose>Unspecified</pose>
        <truncated>0</truncated>
        <difficult>0</difficult>
        <bndbox>
            <xmin>232.39171875000028</xmin>
            <ymin>323.837109375</ymin>
            <xmax>315.52949157714863</xmax>
            <ymax>452.97226562500146</ymax>
        </bndbox>
    </object>    <object>
        <name>player</name>
        <pose>Unspecified</pose>
        <truncated>0</truncated>
        <difficult>0</difficult>
        <bndbox>
            <xmin>206.4666406250006</xmin>
            <ymin>284.6408203125</ymin>
            <xmax>268.5758026123047</xmax>
            <ymax>391.506908874512</ymax>
        </bndbox>
    </object>
</annotation>
