<annotation>
    <folder></folder>
    <filename>frame_000495</filename>
    <path></path>
    <source>
        <database>Unknown</database>
    </source>
    <size>
        <width>1280</width>
        <height>720</height>
        <depth>3</depth>
    </size>
    <segmented>0</segmented>
    <object>
        <name>player</name>
        <pose>Unspecified</pose>
        <truncated>0</truncated>
        <difficult>0</difficult>
        <bndbox>
            <xmin>661.32109375</xmin>
            <ymin>244.4532421875</ymin>
            <xmax>718.6720000000007</xmax>
            <ymax>332.5440000000007</ymax>
        </bndbox>
    </object>    <object>
        <name>player</name>
        <pose>Unspecified</pose>
        <truncated>0</truncated>
        <difficult>0</difficult>
        <bndbox>
            <xmin>114.84085156250018</xmin>
            <ymin>232.7634765625</ymin>
            <xmax>174.60276715087872</xmax>
            <ymax>317.42421875000144</ymax>
        </bndbox>
    </object>    <object>
        <name>player</name>
        <pose>Unspecified</pose>
        <truncated>0</truncated>
        <difficult>0</difficult>
        <bndbox>
            <xmin>1029.5673828125</xmin>
            <ymin>385.4382421875</ymin>
            <xmax>1098.7440000000006</xmax>
            <ymax>502.8920000000009</ymax>
        </bndbox>
    </object>    <object>
        <name>player</name>
        <pose>Unspecified</pose>
        <truncated>0</truncated>
        <difficult>0</difficult>
        <bndbox>
            <xmin>908.88125</xmin>
            <ymin>256.11046875</ymin>
            <xmax>964.4720000000005</xmax>
            <ymax>336.3360000000011</ymax>
        </bndbox>
    </object>    <object>
        <name>player</name>
        <pose>Unspecified</pose>
        <truncated>0</truncated>
        <difficult>0</difficult>
        <bndbox>
            <xmin>231.97060156250052</xmin>
            <ymin>252.53265625</ymin>
            <xmax>272.2480628662117</xmax>
            <ymax>369.23600000000096</ymax>
        </bndbox>
    </object>    <object>
        <name>player</name>
        <pose>Unspecified</pose>
        <truncated>0</truncated>
        <difficult>0</difficult>
        <bndbox>
            <xmin>326.5235294117648</xmin>
            <ymin>540.7646484375</ymin>
            <xmax>415.5550469791188</xmax>
            <ymax>671.8352941176474</ymax>
        </bndbox>
    </object>    <object>
        <name>ref</name>
        <pose>Unspecified</pose>
        <truncated>0</truncated>
        <difficult>0</difficult>
        <bndbox>
            <xmin>981.0725</xmin>
            <ymin>183.0668359375</ymin>
            <xmax>1031.844000000001</xmax>
            <ymax>276.2</ymax>
        </bndbox>
    </object>    <object>
        <name>player</name>
        <pose>Unspecified</pose>
        <truncated>0</truncated>
        <difficult>0</difficult>
        <bndbox>
            <xmin>499.83600000000035</xmin>
            <ymin>216.9865234375</ymin>
            <xmax>548.6584252929688</xmax>
            <ymax>322.40000000000146</ymax>
        </bndbox>
    </object>    <object>
        <name>player</name>
        <pose>Unspecified</pose>
        <truncated>0</truncated>
        <difficult>0</difficult>
        <bndbox>
            <xmin>373.15600000000035</xmin>
            <ymin>381.6308203125</ymin>
            <xmax>439.0228329467773</xmax>
            <ymax>509.13600000000093</ymax>
        </bndbox>
    </object>
</annotation>
