<annotation>
    <folder></folder>
    <filename>frame_000156</filename>
    <path></path>
    <source>
        <database>Unknown</database>
    </source>
    <size>
        <width>1280</width>
        <height>720</height>
        <depth>3</depth>
    </size>
    <segmented>0</segmented>
    <object>
        <name>ref</name>
        <pose>Unspecified</pose>
        <truncated>0</truncated>
        <difficult>0</difficult>
        <bndbox>
            <xmin>46.249674479166664</xmin>
            <ymin>399.5546875</ymin>
            <xmax>99.79205729166704</xmax>
            <ymax>507.8000000000011</ymax>
        </bndbox>
    </object>    <object>
        <name>player</name>
        <pose>Unspecified</pose>
        <truncated>0</truncated>
        <difficult>0</difficult>
        <bndbox>
            <xmin>110.1364583333339</xmin>
            <ymin>374.80262586805554</ymin>
            <xmax>189.92222340901694</xmax>
            <ymax>505.42793087429436</ymax>
        </bndbox>
    </object>    <object>
        <name>keeper</name>
        <pose>Unspecified</pose>
        <truncated>0</truncated>
        <difficult>0</difficult>
        <bndbox>
            <xmin>582.2981409143518</xmin>
            <ymin>274.955982349537</ymin>
            <xmax>683.2704354745371</xmax>
            <ymax>364.03297164351926</ymax>
        </bndbox>
    </object>    <object>
        <name>player</name>
        <pose>Unspecified</pose>
        <truncated>0</truncated>
        <difficult>0</difficult>
        <bndbox>
            <xmin>948.7734375</xmin>
            <ymin>292.8038736979167</ymin>
            <xmax>1008.7730468750015</xmax>
            <ymax>403.1503580729174</ymax>
        </bndbox>
    </object>    <object>
        <name>player</name>
        <pose>Unspecified</pose>
        <truncated>0</truncated>
        <difficult>0</difficult>
        <bndbox>
            <xmin>1064.0635308159722</xmin>
            <ymin>411.62120225694446</ymin>
            <xmax>1144.6666666666679</xmax>
            <ymax>557.3722222222232</ymax>
        </bndbox>
    </object>    <object>
        <name>player</name>
        <pose>Unspecified</pose>
        <truncated>0</truncated>
        <difficult>0</difficult>
        <bndbox>
            <xmin>169.02597656250043</xmin>
            <ymin>446.4138454861111</ymin>
            <xmax>256.1783655802413</xmax>
            <ymax>554.7555555555558</ymax>
        </bndbox>
    </object>    <object>
        <name>player</name>
        <pose>Unspecified</pose>
        <truncated>0</truncated>
        <difficult>0</difficult>
        <bndbox>
            <xmin>375.5290798611111</xmin>
            <ymin>345.9924587673611</ymin>
            <xmax>453.4611111111118</xmax>
            <ymax>462.1833333333342</ymax>
        </bndbox>
    </object>    <object>
        <name>player</name>
        <pose>Unspecified</pose>
        <truncated>0</truncated>
        <difficult>0</difficult>
        <bndbox>
            <xmin>631.2376302083334</xmin>
            <ymin>392.5383029513889</ymin>
            <xmax>716.6555555555567</xmax>
            <ymax>531.1166666666679</ymax>
        </bndbox>
    </object>    <object>
        <name>player</name>
        <pose>Unspecified</pose>
        <truncated>0</truncated>
        <difficult>0</difficult>
        <bndbox>
            <xmin>484.12440321180554</xmin>
            <ymin>295.8307834201389</ymin>
            <xmax>568.8944661458343</xmax>
            <ymax>410.5449001736115</ymax>
        </bndbox>
    </object>
</annotation>
