<annotation>
    <folder></folder>
    <filename>frame_000459</filename>
    <path></path>
    <source>
        <database>Unknown</database>
    </source>
    <size>
        <width>1280</width>
        <height>720</height>
        <depth>3</depth>
    </size>
    <segmented>0</segmented>
    <object>
        <name>player</name>
        <pose>Unspecified</pose>
        <truncated>0</truncated>
        <difficult>0</difficult>
        <bndbox>
            <xmin>702.4752854567307</xmin>
            <ymin>270.0417668269231</ymin>
            <xmax>753.1452724358983</xmax>
            <ymax>385.56685363247885</ymax>
        </bndbox>
    </object>    <object>
        <name>player</name>
        <pose>Unspecified</pose>
        <truncated>0</truncated>
        <difficult>0</difficult>
        <bndbox>
            <xmin>240.4112980769233</xmin>
            <ymin>213.43907752403845</ymin>
            <xmax>296.9984384390034</xmax>
            <ymax>307.4692307692316</ymax>
        </bndbox>
    </object>    <object>
        <name>player</name>
        <pose>Unspecified</pose>
        <truncated>0</truncated>
        <difficult>0</difficult>
        <bndbox>
            <xmin>1091.691478587963</xmin>
            <ymin>387.5232204861111</ymin>
            <xmax>1154.68888888889</xmax>
            <ymax>526.6555555555566</ymax>
        </bndbox>
    </object>    <object>
        <name>player</name>
        <pose>Unspecified</pose>
        <truncated>0</truncated>
        <difficult>0</difficult>
        <bndbox>
            <xmin>966.2136418269231</xmin>
            <ymin>264.5227614182692</ymin>
            <xmax>1015.6742610398874</xmax>
            <ymax>365.5814926103997</ymax>
        </bndbox>
    </object>    <object>
        <name>player</name>
        <pose>Unspecified</pose>
        <truncated>0</truncated>
        <difficult>0</difficult>
        <bndbox>
            <xmin>143.84307391826923</xmin>
            <ymin>284.37845552884613</ymin>
            <xmax>202.14688624194605</xmax>
            <ymax>407.54829059829075</ymax>
        </bndbox>
    </object>    <object>
        <name>player</name>
        <pose>Unspecified</pose>
        <truncated>0</truncated>
        <difficult>0</difficult>
        <bndbox>
            <xmin>98.68148148148154</xmin>
            <ymin>531.6665581597222</ymin>
            <xmax>175.88576083713107</xmax>
            <ymax>659.1074074074074</ymax>
        </bndbox>
    </object>    <object>
        <name>ref</name>
        <pose>Unspecified</pose>
        <truncated>0</truncated>
        <difficult>0</difficult>
        <bndbox>
            <xmin>1159.58984375</xmin>
            <ymin>198.162109375</ymin>
            <xmax>1207.5895543981492</xmax>
            <ymax>299.5035590277786</ymax>
        </bndbox>
    </object>    <object>
        <name>player</name>
        <pose>Unspecified</pose>
        <truncated>0</truncated>
        <difficult>0</difficult>
        <bndbox>
            <xmin>477.65864438657417</xmin>
            <ymin>228.69227430555554</ymin>
            <xmax>529.0377655311854</xmax>
            <ymax>321.49074797453846</ymax>
        </bndbox>
    </object>    <object>
        <name>player</name>
        <pose>Unspecified</pose>
        <truncated>0</truncated>
        <difficult>0</difficult>
        <bndbox>
            <xmin>271.129629629631</xmin>
            <ymin>371.7019675925926</ymin>
            <xmax>344.30903173376015</xmax>
            <ymax>499.10000000000036</ymax>
        </bndbox>
    </object>
</annotation>
