<annotation>
    <folder></folder>
    <filename>frame_000184</filename>
    <path></path>
    <source>
        <database>Unknown</database>
    </source>
    <size>
        <width>1280</width>
        <height>720</height>
        <depth>3</depth>
    </size>
    <segmented>0</segmented>
    <object>
        <name>ref</name>
        <pose>Unspecified</pose>
        <truncated>0</truncated>
        <difficult>0</difficult>
        <bndbox>
            <xmin>56.105517578125</xmin>
            <ymin>405.236376953125</ymin>
            <xmax>109.64790039062537</xmax>
            <ymax>513.4816894531261</ymax>
        </bndbox>
    </object>    <object>
        <name>player</name>
        <pose>Unspecified</pose>
        <truncated>0</truncated>
        <difficult>0</difficult>
        <bndbox>
            <xmin>116.146484375</xmin>
            <ymin>335.7841796875</ymin>
            <xmax>198.99000000000078</xmax>
            <ymax>456.7050000000005</ymax>
        </bndbox>
    </object>    <object>
        <name>keeper</name>
        <pose>Unspecified</pose>
        <truncated>0</truncated>
        <difficult>0</difficult>
        <bndbox>
            <xmin>585.0393288352273</xmin>
            <ymin>276.72025923295456</ymin>
            <xmax>684.3571639503592</xmax>
            <ymax>369.6073069303238</ymax>
        </bndbox>
    </object>    <object>
        <name>player</name>
        <pose>Unspecified</pose>
        <truncated>0</truncated>
        <difficult>0</difficult>
        <bndbox>
            <xmin>1074.8470052083333</xmin>
            <ymin>280.9993489583333</ymin>
            <xmax>1161.7348058064788</xmax>
            <ymax>397.99570312500083</ymax>
        </bndbox>
    </object>    <object>
        <name>player</name>
        <pose>Unspecified</pose>
        <truncated>0</truncated>
        <difficult>0</difficult>
        <bndbox>
            <xmin>1155.8870442708333</xmin>
            <ymin>467.775390625</ymin>
            <xmax>1244.8677766927096</xmax>
            <ymax>638.6936621093749</ymax>
        </bndbox>
    </object>    <object>
        <name>player</name>
        <pose>Unspecified</pose>
        <truncated>0</truncated>
        <difficult>0</difficult>
        <bndbox>
            <xmin>255.89876302083334</xmin>
            <ymin>444.0397135416667</ymin>
            <xmax>358.68718109130833</xmax>
            <ymax>585.9808593750009</ymax>
        </bndbox>
    </object>    <object>
        <name>player</name>
        <pose>Unspecified</pose>
        <truncated>0</truncated>
        <difficult>0</difficult>
        <bndbox>
            <xmin>262.6581380208336</xmin>
            <ymin>336.4192708333333</ymin>
            <xmax>340.656512451172</xmax>
            <ymax>451.4333333333337</ymax>
        </bndbox>
    </object>    <object>
        <name>player</name>
        <pose>Unspecified</pose>
        <truncated>0</truncated>
        <difficult>0</difficult>
        <bndbox>
            <xmin>705.0807291666666</xmin>
            <ymin>370.435546875</ymin>
            <xmax>784.9552703857431</xmax>
            <ymax>520.5666666666681</ymax>
        </bndbox>
    </object>    <object>
        <name>player</name>
        <pose>Unspecified</pose>
        <truncated>0</truncated>
        <difficult>0</difficult>
        <bndbox>
            <xmin>497.1481119791667</xmin>
            <ymin>281.6692708333333</ymin>
            <xmax>568.6666666666673</xmax>
            <ymax>400.33333333333394</ymax>
        </bndbox>
    </object>
</annotation>
