<annotation>
    <folder></folder>
    <filename>frame_000174</filename>
    <path></path>
    <source>
        <database>Unknown</database>
    </source>
    <size>
        <width>1280</width>
        <height>720</height>
        <depth>3</depth>
    </size>
    <segmented>0</segmented>
    <object>
        <name>ref</name>
        <pose>Unspecified</pose>
        <truncated>0</truncated>
        <difficult>0</difficult>
        <bndbox>
            <xmin>57.93712022569444</xmin>
            <ymin>402.0450846354167</ymin>
            <xmax>111.4795030381948</xmax>
            <ymax>510.2903971354178</ymax>
        </bndbox>
    </object>    <object>
        <name>player</name>
        <pose>Unspecified</pose>
        <truncated>0</truncated>
        <difficult>0</difficult>
        <bndbox>
            <xmin>118.05029296875</xmin>
            <ymin>347.96923828125</ymin>
            <xmax>202.92777777777823</xmax>
            <ymax>471.26666666666705</ymax>
        </bndbox>
    </object>    <object>
        <name>keeper</name>
        <pose>Unspecified</pose>
        <truncated>0</truncated>
        <difficult>0</difficult>
        <bndbox>
            <xmin>591.752197265625</xmin>
            <ymin>275.6922607421875</ymin>
            <xmax>693.3177708675987</xmax>
            <ymax>367.1616480777145</ymax>
        </bndbox>
    </object>    <object>
        <name>player</name>
        <pose>Unspecified</pose>
        <truncated>0</truncated>
        <difficult>0</difficult>
        <bndbox>
            <xmin>1039.566796875</xmin>
            <ymin>287.7464192708333</ymin>
            <xmax>1127.3200000000013</xmax>
            <ymax>407.6333333333344</ymax>
        </bndbox>
    </object>    <object>
        <name>player</name>
        <pose>Unspecified</pose>
        <truncated>0</truncated>
        <difficult>0</difficult>
        <bndbox>
            <xmin>1135.9969075520833</xmin>
            <ymin>446.96299913194446</ymin>
            <xmax>1219.3944444444458</xmax>
            <ymax>610.0111111111117</ymax>
        </bndbox>
    </object>    <object>
        <name>player</name>
        <pose>Unspecified</pose>
        <truncated>0</truncated>
        <difficult>0</difficult>
        <bndbox>
            <xmin>231.2775390625</xmin>
            <ymin>435.25728515625053</ymin>
            <xmax>315.4393768310556</xmax>
            <ymax>573.7882386779787</ymax>
        </bndbox>
    </object>    <object>
        <name>player</name>
        <pose>Unspecified</pose>
        <truncated>0</truncated>
        <difficult>0</difficult>
        <bndbox>
            <xmin>302.24372829861136</xmin>
            <ymin>344.0885959201389</ymin>
            <xmax>376.3406919691302</xmax>
            <ymax>460.6611111111114</ymax>
        </bndbox>
    </object>    <object>
        <name>player</name>
        <pose>Unspecified</pose>
        <truncated>0</truncated>
        <difficult>0</difficult>
        <bndbox>
            <xmin>687.4631618923611</xmin>
            <ymin>380.99614800347223</ymin>
            <xmax>775.8166666666681</xmax>
            <ymax>527.0000000000014</ymax>
        </bndbox>
    </object>    <object>
        <name>player</name>
        <pose>Unspecified</pose>
        <truncated>0</truncated>
        <difficult>0</difficult>
        <bndbox>
            <xmin>502.5089518229167</xmin>
            <ymin>288.75</ymin>
            <xmax>584.461111111112</xmax>
            <ymax>404.04444444444533</ymax>
        </bndbox>
    </object>
</annotation>
