<annotation>
    <folder></folder>
    <filename>frame_000351</filename>
    <path></path>
    <source>
        <database>Unknown</database>
    </source>
    <size>
        <width>1280</width>
        <height>720</height>
        <depth>3</depth>
    </size>
    <segmented>0</segmented>
    <object>
        <name>player</name>
        <pose>Unspecified</pose>
        <truncated>0</truncated>
        <difficult>0</difficult>
        <bndbox>
            <xmin>799.4135199652778</xmin>
            <ymin>421.90028211805554</ymin>
            <xmax>876.1002020941835</xmax>
            <ymax>565.3251400726019</ymax>
        </bndbox>
    </object>    <object>
        <name>player</name>
        <pose>Unspecified</pose>
        <truncated>0</truncated>
        <difficult>0</difficult>
        <bndbox>
            <xmin>698.5241970486111</xmin>
            <ymin>231.24229600694446</ymin>
            <xmax>781.6697265624999</xmax>
            <ymax>320.9380642361114</ymax>
        </bndbox>
    </object>    <object>
        <name>player</name>
        <pose>Unspecified</pose>
        <truncated>0</truncated>
        <difficult>0</difficult>
        <bndbox>
            <xmin>1150.7298177083333</xmin>
            <ymin>505.146484375</ymin>
            <xmax>1248.7829787745618</xmax>
            <ymax>666.869318181819</ymax>
        </bndbox>
    </object>    <object>
        <name>player</name>
        <pose>Unspecified</pose>
        <truncated>0</truncated>
        <difficult>0</difficult>
        <bndbox>
            <xmin>1178.001736111111</xmin>
            <ymin>281.04437934027777</ymin>
            <xmax>1232.2</xmax>
            <ymax>387.98888888888905</ymax>
        </bndbox>
    </object>    <object>
        <name>player</name>
        <pose>Unspecified</pose>
        <truncated>0</truncated>
        <difficult>0</difficult>
        <bndbox>
            <xmin>380.083984375</xmin>
            <ymin>334.0495876736111</ymin>
            <xmax>448.6870738636353</xmax>
            <ymax>464.8111111111114</ymax>
        </bndbox>
    </object>    <object>
        <name>player</name>
        <pose>Unspecified</pose>
        <truncated>0</truncated>
        <difficult>0</difficult>
        <bndbox>
            <xmin>122.09266493055556</xmin>
            <ymin>323.20464409722223</ymin>
            <xmax>197.51725260416708</xmax>
            <ymax>427.8347656250007</ymax>
        </bndbox>
    </object>
</annotation>
