<annotation>
    <folder></folder>
    <filename>frame_000468</filename>
    <path></path>
    <source>
        <database>Unknown</database>
    </source>
    <size>
        <width>1280</width>
        <height>720</height>
        <depth>3</depth>
    </size>
    <segmented>0</segmented>
    <object>
        <name>player</name>
        <pose>Unspecified</pose>
        <truncated>0</truncated>
        <difficult>0</difficult>
        <bndbox>
            <xmin>689.431640625</xmin>
            <ymin>258.5078125</ymin>
            <xmax>744.0221354166679</xmax>
            <ymax>365.4672743055562</ymax>
        </bndbox>
    </object>    <object>
        <name>player</name>
        <pose>Unspecified</pose>
        <truncated>0</truncated>
        <difficult>0</difficult>
        <bndbox>
            <xmin>211.70000000000073</xmin>
            <ymin>221.4296875</ymin>
            <xmax>263.4699249267578</xmax>
            <ymax>310.10000000000036</ymax>
        </bndbox>
    </object>    <object>
        <name>player</name>
        <pose>Unspecified</pose>
        <truncated>0</truncated>
        <difficult>0</difficult>
        <bndbox>
            <xmin>1090.2634186921296</xmin>
            <ymin>384.3103298611111</ymin>
            <xmax>1152.18888888889</xmax>
            <ymax>518.4555555555564</ymax>
        </bndbox>
    </object>    <object>
        <name>player</name>
        <pose>Unspecified</pose>
        <truncated>0</truncated>
        <difficult>0</difficult>
        <bndbox>
            <xmin>954.6796875</xmin>
            <ymin>261.6669921875</ymin>
            <xmax>1004.1413483796314</xmax>
            <ymax>356.31485098379744</ymax>
        </bndbox>
    </object>    <object>
        <name>player</name>
        <pose>Unspecified</pose>
        <truncated>0</truncated>
        <difficult>0</difficult>
        <bndbox>
            <xmin>175.9326171875</xmin>
            <ymin>275.8388671875</ymin>
            <xmax>225.65238028632302</xmax>
            <ymax>398.6569444444449</ymax>
        </bndbox>
    </object>    <object>
        <name>player</name>
        <pose>Unspecified</pose>
        <truncated>0</truncated>
        <difficult>0</difficult>
        <bndbox>
            <xmin>149.71481481481499</xmin>
            <ymin>529.8814019097222</ymin>
            <xmax>241.57130771213107</xmax>
            <ymax>669.4740740740742</ymax>
        </bndbox>
    </object>    <object>
        <name>ref</name>
        <pose>Unspecified</pose>
        <truncated>0</truncated>
        <difficult>0</difficult>
        <bndbox>
            <xmin>1118.0703125</xmin>
            <ymin>195.3056640625</ymin>
            <xmax>1169.9910517939825</xmax>
            <ymax>293.43656684027883</ymax>
        </bndbox>
    </object>    <object>
        <name>player</name>
        <pose>Unspecified</pose>
        <truncated>0</truncated>
        <difficult>0</difficult>
        <bndbox>
            <xmin>491.5661313657411</xmin>
            <ymin>224.76551649305554</ymin>
            <xmax>538.6764368975596</xmax>
            <ymax>321.84654224537184</ymax>
        </bndbox>
    </object>    <object>
        <name>player</name>
        <pose>Unspecified</pose>
        <truncated>0</truncated>
        <difficult>0</difficult>
        <bndbox>
            <xmin>305.3962962962974</xmin>
            <ymin>373.8438946759259</ymin>
            <xmax>376.7948385168005</xmax>
            <ymax>499.10000000000036</ymax>
        </bndbox>
    </object>
</annotation>
