<annotation>
    <folder></folder>
    <filename>frame_000102</filename>
    <path></path>
    <source>
        <database>Unknown</database>
    </source>
    <size>
        <width>1280</width>
        <height>720</height>
        <depth>3</depth>
    </size>
    <segmented>0</segmented>
    <object>
        <name>ref</name>
        <pose>Unspecified</pose>
        <truncated>0</truncated>
        <difficult>0</difficult>
        <bndbox>
            <xmin>0.0</xmin>
            <ymin>399.5546875</ymin>
            <xmax>38.39795430501302</xmax>
            <ymax>506.0349731445315</ymax>
        </bndbox>
    </object>    <object>
        <name>player</name>
        <pose>Unspecified</pose>
        <truncated>0</truncated>
        <difficult>0</difficult>
        <bndbox>
            <xmin>84.9443359375</xmin>
            <ymin>436.0745442708333</ymin>
            <xmax>159.853515625</xmax>
            <ymax>545.3329427083348</ymax>
        </bndbox>
    </object>    <object>
        <name>player</name>
        <pose>Unspecified</pose>
        <truncated>0</truncated>
        <difficult>0</difficult>
        <bndbox>
            <xmin>1166.9553385416668</xmin>
            <ymin>662.0462239583334</ymin>
            <xmax>1252.0825525919597</xmax>
            <ymax>720.0</ymax>
        </bndbox>
    </object>    <object>
        <name>player</name>
        <pose>Unspecified</pose>
        <truncated>0</truncated>
        <difficult>0</difficult>
        <bndbox>
            <xmin>1101.2867838541667</xmin>
            <ymin>440.0006510416667</ymin>
            <xmax>1194.818096923828</xmax>
            <ymax>579.8729817708341</ymax>
        </bndbox>
    </object>    <object>
        <name>keeper</name>
        <pose>Unspecified</pose>
        <truncated>0</truncated>
        <difficult>0</difficult>
        <bndbox>
            <xmin>488.6474609375</xmin>
            <ymin>275.7887369791667</ymin>
            <xmax>583.3561197916666</xmax>
            <ymax>362.480859375001</ymax>
        </bndbox>
    </object>    <object>
        <name>player</name>
        <pose>Unspecified</pose>
        <truncated>0</truncated>
        <difficult>0</difficult>
        <bndbox>
            <xmin>600.7115885416666</xmin>
            <ymin>270.4332682291667</ymin>
            <xmax>658.9116536458338</xmax>
            <ymax>372.5762369791676</ymax>
        </bndbox>
    </object>    <object>
        <name>player</name>
        <pose>Unspecified</pose>
        <truncated>0</truncated>
        <difficult>0</difficult>
        <bndbox>
            <xmin>686.4666666666672</xmin>
            <ymin>348.9697265625</ymin>
            <xmax>793.1906255086263</xmax>
            <ymax>462.100000000001</ymax>
        </bndbox>
    </object>    <object>
        <name>player</name>
        <pose>Unspecified</pose>
        <truncated>0</truncated>
        <difficult>0</difficult>
        <bndbox>
            <xmin>154.95833333333334</xmin>
            <ymin>472.8307291666667</ymin>
            <xmax>231.0</xmax>
            <ymax>570.9000000000002</ymax>
        </bndbox>
    </object>    <object>
        <name>player</name>
        <pose>Unspecified</pose>
        <truncated>0</truncated>
        <difficult>0</difficult>
        <bndbox>
            <xmin>403.7320963541667</xmin>
            <ymin>283.283203125</ymin>
            <xmax>475.43268229166705</xmax>
            <ymax>393.6208984375007</ymax>
        </bndbox>
    </object>    <object>
        <name>player</name>
        <pose>Unspecified</pose>
        <truncated>0</truncated>
        <difficult>0</difficult>
        <bndbox>
            <xmin>391.9381510416667</xmin>
            <ymin>376.7711588541667</ymin>
            <xmax>473.8000000000011</xmax>
            <ymax>495.60000000000036</ymax>
        </bndbox>
    </object>    <object>
        <name>player</name>
        <pose>Unspecified</pose>
        <truncated>0</truncated>
        <difficult>0</difficult>
        <bndbox>
            <xmin>292.0126953125</xmin>
            <ymin>284.3551432291667</ymin>
            <xmax>361.59433593750146</xmax>
            <ymax>401.0670572916667</ymax>
        </bndbox>
    </object>
</annotation>
