<annotation>
    <folder></folder>
    <filename>frame_000082</filename>
    <path></path>
    <source>
        <database>Unknown</database>
    </source>
    <size>
        <width>1280</width>
        <height>720</height>
        <depth>3</depth>
    </size>
    <segmented>0</segmented>
    <object>
        <name>player</name>
        <pose>Unspecified</pose>
        <truncated>0</truncated>
        <difficult>0</difficult>
        <bndbox>
            <xmin>78.80964006696429</xmin>
            <ymin>451.6435546875</ymin>
            <xmax>153.68503069196464</xmax>
            <ymax>550.1859375000004</ymax>
        </bndbox>
    </object>    <object>
        <name>player</name>
        <pose>Unspecified</pose>
        <truncated>0</truncated>
        <difficult>0</difficult>
        <bndbox>
            <xmin>1032.524456521739</xmin>
            <ymin>620.8843410326087</ymin>
            <xmax>1116.0650815217405</xmax>
            <ymax>720.0</ymax>
        </bndbox>
    </object>    <object>
        <name>player</name>
        <pose>Unspecified</pose>
        <truncated>0</truncated>
        <difficult>0</difficult>
        <bndbox>
            <xmin>956.2985072544645</xmin>
            <ymin>399.80824497767856</ymin>
            <xmax>1053.3195389078269</xmax>
            <ymax>528.162788116266</ymax>
        </bndbox>
    </object>    <object>
        <name>keeper</name>
        <pose>Unspecified</pose>
        <truncated>0</truncated>
        <difficult>0</difficult>
        <bndbox>
            <xmin>460.3533882472826</xmin>
            <ymin>271.7987007472826</ymin>
            <xmax>536.0913043478268</xmax>
            <ymax>355.54782608695757</ymax>
        </bndbox>
    </object>    <object>
        <name>player</name>
        <pose>Unspecified</pose>
        <truncated>0</truncated>
        <difficult>0</difficult>
        <bndbox>
            <xmin>503.2077287946429</xmin>
            <ymin>273.4760044642857</ymin>
            <xmax>549.5642857142859</xmax>
            <ymax>377.3928571428578</ymax>
        </bndbox>
    </object>    <object>
        <name>player</name>
        <pose>Unspecified</pose>
        <truncated>0</truncated>
        <difficult>0</difficult>
        <bndbox>
            <xmin>593.9869140625002</xmin>
            <ymin>332.23863002232144</ymin>
            <xmax>666.7569330487935</xmax>
            <ymax>440.57142857142907</ymax>
        </bndbox>
    </object>    <object>
        <name>player</name>
        <pose>Unspecified</pose>
        <truncated>0</truncated>
        <difficult>0</difficult>
        <bndbox>
            <xmin>218.47188895089286</xmin>
            <ymin>461.10232979910717</ymin>
            <xmax>310.3511439732148</xmax>
            <ymax>593.7170479910718</ymax>
        </bndbox>
    </object>    <object>
        <name>player</name>
        <pose>Unspecified</pose>
        <truncated>0</truncated>
        <difficult>0</difficult>
        <bndbox>
            <xmin>339.0048130580357</xmin>
            <ymin>265.7845982142857</ymin>
            <xmax>413.27142857142917</xmax>
            <ymax>375.16428571428645</ymax>
        </bndbox>
    </object>    <object>
        <name>player</name>
        <pose>Unspecified</pose>
        <truncated>0</truncated>
        <difficult>0</difficult>
        <bndbox>
            <xmin>314.84912109375</xmin>
            <ymin>366.4190150669643</ymin>
            <xmax>391.0132254464282</xmax>
            <ymax>488.41783163888147</ymax>
        </bndbox>
    </object>    <object>
        <name>player</name>
        <pose>Unspecified</pose>
        <truncated>0</truncated>
        <difficult>0</difficult>
        <bndbox>
            <xmin>244.6421959918478</xmin>
            <ymin>271.47218919836956</ymin>
            <xmax>312.6887593808392</xmax>
            <ymax>387.4792459239131</ymax>
        </bndbox>
    </object>
</annotation>
