<annotation>
    <folder></folder>
    <filename>frame_000482</filename>
    <path></path>
    <source>
        <database>Unknown</database>
    </source>
    <size>
        <width>1280</width>
        <height>720</height>
        <depth>3</depth>
    </size>
    <segmented>0</segmented>
    <object>
        <name>player</name>
        <pose>Unspecified</pose>
        <truncated>0</truncated>
        <difficult>0</difficult>
        <bndbox>
            <xmin>684.7109375</xmin>
            <ymin>249.46484375</ymin>
            <xmax>745.4000000000015</xmax>
            <ymax>343.10000000000036</ymax>
        </bndbox>
    </object>    <object>
        <name>player</name>
        <pose>Unspecified</pose>
        <truncated>0</truncated>
        <difficult>0</difficult>
        <bndbox>
            <xmin>176.10000000000036</xmin>
            <ymin>222.7392578125</ymin>
            <xmax>235.8619155883789</xmax>
            <ymax>307.40000000000146</ymax>
        </bndbox>
    </object>    <object>
        <name>player</name>
        <pose>Unspecified</pose>
        <truncated>0</truncated>
        <difficult>0</difficult>
        <bndbox>
            <xmin>1088.0419921875</xmin>
            <ymin>379.3125</ymin>
            <xmax>1148.300000000001</xmax>
            <ymax>505.7000000000007</ymax>
        </bndbox>
    </object>    <object>
        <name>player</name>
        <pose>Unspecified</pose>
        <truncated>0</truncated>
        <difficult>0</difficult>
        <bndbox>
            <xmin>945.63671875</xmin>
            <ymin>257.224609375</ymin>
            <xmax>995.1000000000004</xmax>
            <ymax>341.90000000000146</ymax>
        </bndbox>
    </object>    <object>
        <name>player</name>
        <pose>Unspecified</pose>
        <truncated>0</truncated>
        <difficult>0</difficult>
        <bndbox>
            <xmin>230.3000000000011</xmin>
            <ymin>260.3291015625</ymin>
            <xmax>266.66679763793945</xmax>
            <ymax>382.60000000000036</ymax>
        </bndbox>
    </object>    <object>
        <name>player</name>
        <pose>Unspecified</pose>
        <truncated>0</truncated>
        <difficult>0</difficult>
        <bndbox>
            <xmin>229.10000000000036</xmin>
            <ymin>527.1044921875</ymin>
            <xmax>343.7488250732422</xmax>
            <ymax>685.6000000000004</ymax>
        </bndbox>
    </object>    <object>
        <name>ref</name>
        <pose>Unspecified</pose>
        <truncated>0</truncated>
        <difficult>0</difficult>
        <bndbox>
            <xmin>1062.3798828125</xmin>
            <ymin>190.86328125</ymin>
            <xmax>1120.4000000000015</xmax>
            <ymax>284.0</ymax>
        </bndbox>
    </object>    <object>
        <name>player</name>
        <pose>Unspecified</pose>
        <truncated>0</truncated>
        <difficult>0</difficult>
        <bndbox>
            <xmin>513.2000000000007</xmin>
            <ymin>218.6572265625</ymin>
            <xmax>553.6699256896973</xmax>
            <ymax>322.40000000000146</ymax>
        </bndbox>
    </object>    <object>
        <name>player</name>
        <pose>Unspecified</pose>
        <truncated>0</truncated>
        <difficult>0</difficult>
        <bndbox>
            <xmin>358.7000000000007</xmin>
            <ymin>377.17578125</ymin>
            <xmax>427.3283157348633</xmax>
            <ymax>499.10000000000036</ymax>
        </bndbox>
    </object>
</annotation>
