<annotation>
    <folder></folder>
    <filename>frame_000308</filename>
    <path></path>
    <source>
        <database>Unknown</database>
    </source>
    <size>
        <width>1280</width>
        <height>720</height>
        <depth>3</depth>
    </size>
    <segmented>0</segmented>
    <object>
        <name>player</name>
        <pose>Unspecified</pose>
        <truncated>0</truncated>
        <difficult>0</difficult>
        <bndbox>
            <xmin>1217.017578125</xmin>
            <ymin>574.013671875</ymin>
            <xmax>1280.0</xmax>
            <ymax>720.0</ymax>
        </bndbox>
    </object>    <object>
        <name>player</name>
        <pose>Unspecified</pose>
        <truncated>0</truncated>
        <difficult>0</difficult>
        <bndbox>
            <xmin>51.91394531250043</xmin>
            <ymin>337.28212890625</ymin>
            <xmax>109.85613510131734</xmax>
            <ymax>437.8989257812515</ymax>
        </bndbox>
    </object>    <object>
        <name>keeper</name>
        <pose>Unspecified</pose>
        <truncated>0</truncated>
        <difficult>0</difficult>
        <bndbox>
            <xmin>156.86318359375002</xmin>
            <ymin>277.681640625</ymin>
            <xmax>209.26509765625087</xmax>
            <ymax>397.6450390625005</ymax>
        </bndbox>
    </object>    <object>
        <name>player</name>
        <pose>Unspecified</pose>
        <truncated>0</truncated>
        <difficult>0</difficult>
        <bndbox>
            <xmin>298.1700000000004</xmin>
            <ymin>224.45390625</ymin>
            <xmax>362.02097473144534</xmax>
            <ymax>323.94000000000125</ymax>
        </bndbox>
    </object>    <object>
        <name>player</name>
        <pose>Unspecified</pose>
        <truncated>0</truncated>
        <difficult>0</difficult>
        <bndbox>
            <xmin>566.0</xmin>
            <ymin>392.1521484375</ymin>
            <xmax>648.6135848999023</xmax>
            <ymax>527.1700000000004</ymax>
        </bndbox>
    </object>    <object>
        <name>player</name>
        <pose>Unspecified</pose>
        <truncated>0</truncated>
        <difficult>0</difficult>
        <bndbox>
            <xmin>177.18349609375</xmin>
            <ymin>274.0490234375</ymin>
            <xmax>231.58388671875</xmax>
            <ymax>370.54902648925673</ymax>
        </bndbox>
    </object>    <object>
        <name>player</name>
        <pose>Unspecified</pose>
        <truncated>0</truncated>
        <difficult>0</difficult>
        <bndbox>
            <xmin>379.20000000000147</xmin>
            <ymin>314.04892578125</ymin>
            <xmax>451.06306381225585</xmax>
            <ymax>421.52000000000135</ymax>
        </bndbox>
    </object>    <object>
        <name>player</name>
        <pose>Unspecified</pose>
        <truncated>0</truncated>
        <difficult>0</difficult>
        <bndbox>
            <xmin>215.80966796875</xmin>
            <ymin>215.4490234375</ymin>
            <xmax>281.4727148437505</xmax>
            <ymax>311.1095703125</ymax>
        </bndbox>
    </object>
</annotation>
