<annotation>
    <folder></folder>
    <filename>frame_000128</filename>
    <path></path>
    <source>
        <database>Unknown</database>
    </source>
    <size>
        <width>1280</width>
        <height>720</height>
        <depth>3</depth>
    </size>
    <segmented>0</segmented>
    <object>
        <name>ref</name>
        <pose>Unspecified</pose>
        <truncated>0</truncated>
        <difficult>0</difficult>
        <bndbox>
            <xmin>35.1884765625</xmin>
            <ymin>399.5546875</ymin>
            <xmax>88.73085937500036</xmax>
            <ymax>507.8000000000011</ymax>
        </bndbox>
    </object>    <object>
        <name>player</name>
        <pose>Unspecified</pose>
        <truncated>0</truncated>
        <difficult>0</difficult>
        <bndbox>
            <xmin>111.25940896739168</xmin>
            <ymin>413.8507982336956</ymin>
            <xmax>176.43478340480667</xmax>
            <ymax>530.3001026982851</ymax>
        </bndbox>
    </object>    <object>
        <name>keeper</name>
        <pose>Unspecified</pose>
        <truncated>0</truncated>
        <difficult>0</difficult>
        <bndbox>
            <xmin>548.5712890625</xmin>
            <ymin>277.8798828125</ymin>
            <xmax>640.7841796875</xmax>
            <ymax>364.5769531250007</ymax>
        </bndbox>
    </object>    <object>
        <name>player</name>
        <pose>Unspecified</pose>
        <truncated>0</truncated>
        <difficult>0</difficult>
        <bndbox>
            <xmin>770.994140625</xmin>
            <ymin>282.009765625</ymin>
            <xmax>833.4408482142868</xmax>
            <ymax>386.8575892857152</ymax>
        </bndbox>
    </object>    <object>
        <name>player</name>
        <pose>Unspecified</pose>
        <truncated>0</truncated>
        <difficult>0</difficult>
        <bndbox>
            <xmin>893.431640625</xmin>
            <ymin>371.35756138392856</ymin>
            <xmax>963.061720493862</xmax>
            <ymax>495.6857142857147</ymax>
        </bndbox>
    </object>    <object>
        <name>player</name>
        <pose>Unspecified</pose>
        <truncated>0</truncated>
        <difficult>0</difficult>
        <bndbox>
            <xmin>130.21802819293478</xmin>
            <ymin>459.01706861413044</ymin>
            <xmax>206.95691236413072</xmax>
            <ymax>553.4319718070655</ymax>
        </bndbox>
    </object>    <object>
        <name>player</name>
        <pose>Unspecified</pose>
        <truncated>0</truncated>
        <difficult>0</difficult>
        <bndbox>
            <xmin>449.78292410714283</xmin>
            <ymin>322.2456752232143</ymin>
            <xmax>542.6857142857144</xmax>
            <ymax>427.8142857142863</ymax>
        </bndbox>
    </object>    <object>
        <name>player</name>
        <pose>Unspecified</pose>
        <truncated>0</truncated>
        <difficult>0</difficult>
        <bndbox>
            <xmin>519.6883370535714</xmin>
            <ymin>392.12109375</ymin>
            <xmax>582.0428571428586</xmax>
            <ymax>523.3571428571441</ymax>
        </bndbox>
    </object>    <object>
        <name>player</name>
        <pose>Unspecified</pose>
        <truncated>0</truncated>
        <difficult>0</difficult>
        <bndbox>
            <xmin>391.80837053571514</xmin>
            <ymin>295.3161830357146</ymin>
            <xmax>464.74174194335967</xmax>
            <ymax>413.41824776785717</ymax>
        </bndbox>
    </object>
</annotation>
