<annotation>
    <folder></folder>
    <filename>frame_000207</filename>
    <path></path>
    <source>
        <database>Unknown</database>
    </source>
    <size>
        <width>1280</width>
        <height>720</height>
        <depth>3</depth>
    </size>
    <segmented>0</segmented>
    <object>
        <name>ref</name>
        <pose>Unspecified</pose>
        <truncated>0</truncated>
        <difficult>0</difficult>
        <bndbox>
            <xmin>0.0</xmin>
            <ymin>417.552734375</ymin>
            <xmax>28.790429687500364</xmax>
            <ymax>525.7980468750011</ymax>
        </bndbox>
    </object>    <object>
        <name>player</name>
        <pose>Unspecified</pose>
        <truncated>0</truncated>
        <difficult>0</difficult>
        <bndbox>
            <xmin>78.35295024671052</xmin>
            <ymin>308.86353824013156</ymin>
            <xmax>144.8160361842116</xmax>
            <ymax>435.22701480263265</ymax>
        </bndbox>
    </object>    <object>
        <name>keeper</name>
        <pose>Unspecified</pose>
        <truncated>0</truncated>
        <difficult>0</difficult>
        <bndbox>
            <xmin>534.5675884046053</xmin>
            <ymin>276.5029296875</ymin>
            <xmax>630.0642680921068</xmax>
            <ymax>371.8000000000011</ymax>
        </bndbox>
    </object>    <object>
        <name>player</name>
        <pose>Unspecified</pose>
        <truncated>0</truncated>
        <difficult>0</difficult>
        <bndbox>
            <xmin>1056.2631578947369</xmin>
            <ymin>265.39720394736844</ymin>
            <xmax>1138.1263157894743</xmax>
            <ymax>375.1368421052637</ymax>
        </bndbox>
    </object>    <object>
        <name>player</name>
        <pose>Unspecified</pose>
        <truncated>0</truncated>
        <difficult>0</difficult>
        <bndbox>
            <xmin>1105.8462685032894</xmin>
            <ymin>525.7545230263158</ymin>
            <xmax>1226.5013157894737</xmax>
            <ymax>689.9346936677637</ymax>
        </bndbox>
    </object>    <object>
        <name>player</name>
        <pose>Unspecified</pose>
        <truncated>0</truncated>
        <difficult>0</difficult>
        <bndbox>
            <xmin>324.91994243421067</xmin>
            <ymin>443.72671669407896</ymin>
            <xmax>415.17835773668764</xmax>
            <ymax>592.4368421052643</ymax>
        </bndbox>
    </object>    <object>
        <name>player</name>
        <pose>Unspecified</pose>
        <truncated>0</truncated>
        <difficult>0</difficult>
        <bndbox>
            <xmin>178.13341899671076</xmin>
            <ymin>308.1207339638158</ymin>
            <xmax>263.9713337145351</xmax>
            <ymax>422.85219983552645</ymax>
        </bndbox>
    </object>    <object>
        <name>player</name>
        <pose>Unspecified</pose>
        <truncated>0</truncated>
        <difficult>0</difficult>
        <bndbox>
            <xmin>620.6727487664474</xmin>
            <ymin>352.1019736842105</ymin>
            <xmax>711.7578947368429</xmax>
            <ymax>498.8421052631584</ymax>
        </bndbox>
    </object>    <object>
        <name>player</name>
        <pose>Unspecified</pose>
        <truncated>0</truncated>
        <difficult>0</difficult>
        <bndbox>
            <xmin>405.4387849506579</xmin>
            <ymin>269.8414884868421</ymin>
            <xmax>469.6587790238235</xmax>
            <ymax>377.9421052631586</ymax>
        </bndbox>
    </object>
</annotation>
