<annotation>
    <folder></folder>
    <filename>frame_000167</filename>
    <path></path>
    <source>
        <database>Unknown</database>
    </source>
    <size>
        <width>1280</width>
        <height>720</height>
        <depth>3</depth>
    </size>
    <segmented>0</segmented>
    <object>
        <name>ref</name>
        <pose>Unspecified</pose>
        <truncated>0</truncated>
        <difficult>0</difficult>
        <bndbox>
            <xmin>51.736545138888886</xmin>
            <ymin>400.4602864583333</ymin>
            <xmax>105.27892795138925</xmax>
            <ymax>508.7055989583344</ymax>
        </bndbox>
    </object>    <object>
        <name>player</name>
        <pose>Unspecified</pose>
        <truncated>0</truncated>
        <difficult>0</difficult>
        <bndbox>
            <xmin>115.134765625</xmin>
            <ymin>356.298828125</ymin>
            <xmax>199.15555555555574</xmax>
            <ymax>482.93333333333374</ymax>
        </bndbox>
    </object>    <object>
        <name>keeper</name>
        <pose>Unspecified</pose>
        <truncated>0</truncated>
        <difficult>0</difficult>
        <bndbox>
            <xmin>589.9765625</xmin>
            <ymin>274.16357421875</ymin>
            <xmax>693.1155530427632</xmax>
            <ymax>364.64059930098756</ymax>
        </bndbox>
    </object>    <object>
        <name>player</name>
        <pose>Unspecified</pose>
        <truncated>0</truncated>
        <difficult>0</difficult>
        <bndbox>
            <xmin>1010.412890625</xmin>
            <ymin>291.4947916666667</ymin>
            <xmax>1092.7400000000011</xmax>
            <ymax>413.4666666666678</ymax>
        </bndbox>
    </object>    <object>
        <name>player</name>
        <pose>Unspecified</pose>
        <truncated>0</truncated>
        <difficult>0</difficult>
        <bndbox>
            <xmin>1114.3395182291667</xmin>
            <ymin>433.2189670138889</ymin>
            <xmax>1196.4888888888902</xmax>
            <ymax>587.9222222222231</ymax>
        </bndbox>
    </object>    <object>
        <name>player</name>
        <pose>Unspecified</pose>
        <truncated>0</truncated>
        <difficult>0</difficult>
        <bndbox>
            <xmin>205.45546875000036</xmin>
            <ymin>436.55800781250036</ymin>
            <xmax>289.65957183837963</xmax>
            <ymax>563.804894256592</ymax>
        </bndbox>
    </object>    <object>
        <name>player</name>
        <pose>Unspecified</pose>
        <truncated>0</truncated>
        <difficult>0</difficult>
        <bndbox>
            <xmin>331.3874565972223</xmin>
            <ymin>347.42035590277777</ymin>
            <xmax>400.4966152615026</xmax>
            <ymax>464.82222222222276</ymax>
        </bndbox>
    </object>    <object>
        <name>player</name>
        <pose>Unspecified</pose>
        <truncated>0</truncated>
        <difficult>0</difficult>
        <bndbox>
            <xmin>667.0552300347222</xmin>
            <ymin>388.07628038194446</ymin>
            <xmax>761.2333333333348</xmax>
            <ymax>529.1000000000012</ymax>
        </bndbox>
    </object>    <object>
        <name>player</name>
        <pose>Unspecified</pose>
        <truncated>0</truncated>
        <difficult>0</difficult>
        <bndbox>
            <xmin>501.6761067708333</xmin>
            <ymin>294.5810546875</ymin>
            <xmax>590.7222222222232</xmax>
            <ymax>407.3888888888899</ymax>
        </bndbox>
    </object>
</annotation>
