<annotation>
    <folder></folder>
    <filename>frame_000029</filename>
    <path></path>
    <source>
        <database>Unknown</database>
    </source>
    <size>
        <width>1280</width>
        <height>720</height>
        <depth>3</depth>
    </size>
    <segmented>0</segmented>
    <object>
        <name>player</name>
        <pose>Unspecified</pose>
        <truncated>0</truncated>
        <difficult>0</difficult>
        <bndbox>
            <xmin>143.2279613597973</xmin>
            <ymin>476.4514622043919</ymin>
            <xmax>235.26298300253492</xmax>
            <ymax>583.2369635504651</ymax>
        </bndbox>
    </object>    <object>
        <name>player</name>
        <pose>Unspecified</pose>
        <truncated>0</truncated>
        <difficult>0</difficult>
        <bndbox>
            <xmin>814.8539751838235</xmin>
            <ymin>620.9089499080883</ymin>
            <xmax>920.1153176700371</xmax>
            <ymax>720.0</ymax>
        </bndbox>
    </object>    <object>
        <name>player</name>
        <pose>Unspecified</pose>
        <truncated>0</truncated>
        <difficult>0</difficult>
        <bndbox>
            <xmin>899.9705882352948</xmin>
            <ymin>322.1119025735294</ymin>
            <xmax>989.6074339922736</xmax>
            <ymax>433.60588235294153</ymax>
        </bndbox>
    </object>    <object>
        <name>keeper</name>
        <pose>Unspecified</pose>
        <truncated>0</truncated>
        <difficult>0</difficult>
        <bndbox>
            <xmin>523.6163832720588</xmin>
            <ymin>272.72190946691177</ymin>
            <xmax>626.6183687097886</xmax>
            <ymax>365.13548583984397</ymax>
        </bndbox>
    </object>    <object>
        <name>player</name>
        <pose>Unspecified</pose>
        <truncated>0</truncated>
        <difficult>0</difficult>
        <bndbox>
            <xmin>396.0323184742652</xmin>
            <ymin>302.26872702205884</ymin>
            <xmax>475.3366692038149</xmax>
            <ymax>427.7176470588239</ymax>
        </bndbox>
    </object>    <object>
        <name>ref</name>
        <pose>Unspecified</pose>
        <truncated>0</truncated>
        <difficult>0</difficult>
        <bndbox>
            <xmin>4.526194852941177</xmin>
            <ymin>423.8534581801471</ymin>
            <xmax>46.372121653837894</xmax>
            <ymax>524.5659969554227</ymax>
        </bndbox>
    </object>    <object>
        <name>player</name>
        <pose>Unspecified</pose>
        <truncated>0</truncated>
        <difficult>0</difficult>
        <bndbox>
            <xmin>459.95294117647126</xmin>
            <ymin>302.77171415441177</ymin>
            <xmax>549.1929994470933</xmax>
            <ymax>438.18823529411856</ymax>
        </bndbox>
    </object>    <object>
        <name>player</name>
        <pose>Unspecified</pose>
        <truncated>0</truncated>
        <difficult>0</difficult>
        <bndbox>
            <xmin>310.981491268383</xmin>
            <ymin>392.3402803308829</ymin>
            <xmax>415.21760253906325</xmax>
            <ymax>509.52941032858473</ymax>
        </bndbox>
    </object>    <object>
        <name>player</name>
        <pose>Unspecified</pose>
        <truncated>0</truncated>
        <difficult>0</difficult>
        <bndbox>
            <xmin>270.9326171875</xmin>
            <ymin>258.73558134191177</ymin>
            <xmax>343.1058823529419</xmax>
            <ymax>370.09905790441286</ymax>
        </bndbox>
    </object>    <object>
        <name>player</name>
        <pose>Unspecified</pose>
        <truncated>0</truncated>
        <difficult>0</difficult>
        <bndbox>
            <xmin>234.86470588235406</xmin>
            <ymin>330.11184512867646</ymin>
            <xmax>319.23372021843403</xmax>
            <ymax>463.3176470588248</ymax>
        </bndbox>
    </object>    <object>
        <name>player</name>
        <pose>Unspecified</pose>
        <truncated>0</truncated>
        <difficult>0</difficult>
        <bndbox>
            <xmin>220.80364200367717</xmin>
            <ymin>269.2565487132353</ymin>
            <xmax>280.63363728242683</xmax>
            <ymax>380.5799057904417</ymax>
        </bndbox>
    </object>
</annotation>
