<annotation>
    <folder></folder>
    <filename>frame_000218</filename>
    <path></path>
    <source>
        <database>Unknown</database>
    </source>
    <size>
        <width>1280</width>
        <height>720</height>
        <depth>3</depth>
    </size>
    <segmented>0</segmented>
    <object>
        <name>player</name>
        <pose>Unspecified</pose>
        <truncated>0</truncated>
        <difficult>0</difficult>
        <bndbox>
            <xmin>59.13234991776316</xmin>
            <ymin>299.5630653782895</ymin>
            <xmax>125.59543585526424</xmax>
            <ymax>425.92654194079057</ymax>
        </bndbox>
    </object>    <object>
        <name>keeper</name>
        <pose>Unspecified</pose>
        <truncated>0</truncated>
        <difficult>0</difficult>
        <bndbox>
            <xmin>491.78541324013156</xmin>
            <ymin>276.5029296875</ymin>
            <xmax>587.282092927633</xmax>
            <ymax>371.8000000000011</ymax>
        </bndbox>
    </object>    <object>
        <name>player</name>
        <pose>Unspecified</pose>
        <truncated>0</truncated>
        <difficult>0</difficult>
        <bndbox>
            <xmin>1019.681486430921</xmin>
            <ymin>254.85685649671052</ymin>
            <xmax>1096.5578947368422</xmax>
            <ymax>359.62105263157997</ymax>
        </bndbox>
    </object>    <object>
        <name>player</name>
        <pose>Unspecified</pose>
        <truncated>0</truncated>
        <difficult>0</difficult>
        <bndbox>
            <xmin>1071.7319078947369</xmin>
            <ymin>558.6160053453947</ymin>
            <xmax>1205.4203947368417</xmax>
            <ymax>715.374568256579</ymax>
        </bndbox>
    </object>    <object>
        <name>player</name>
        <pose>Unspecified</pose>
        <truncated>0</truncated>
        <difficult>0</difficult>
        <bndbox>
            <xmin>337.3415296052635</xmin>
            <ymin>438.1464329769737</ymin>
            <xmax>428.1990206266704</xmax>
            <ymax>576.9210526315794</ymax>
        </bndbox>
    </object>    <object>
        <name>player</name>
        <pose>Unspecified</pose>
        <truncated>0</truncated>
        <difficult>0</difficult>
        <bndbox>
            <xmin>131.65129523026383</xmin>
            <ymin>301.30057565789474</ymin>
            <xmax>229.86997769004415</xmax>
            <ymax>414.1772615131582</ymax>
        </bndbox>
    </object>    <object>
        <name>player</name>
        <pose>Unspecified</pose>
        <truncated>0</truncated>
        <difficult>0</difficult>
        <bndbox>
            <xmin>564.8704769736842</xmin>
            <ymin>341.5610608552632</ymin>
            <xmax>655.9473684210536</xmax>
            <ymax>486.45263157894806</ymax>
        </bndbox>
    </object>    <object>
        <name>player</name>
        <pose>Unspecified</pose>
        <truncated>0</truncated>
        <difficult>0</difficult>
        <bndbox>
            <xmin>349.6444284539474</xmin>
            <ymin>265.50107935855266</ymin>
            <xmax>421.91654056749854</xmax>
            <ymax>375.4526315789475</ymax>
        </bndbox>
    </object>
</annotation>
