<annotation>
    <folder></folder>
    <filename>frame_000293</filename>
    <path></path>
    <source>
        <database>Unknown</database>
    </source>
    <size>
        <width>1280</width>
        <height>720</height>
        <depth>3</depth>
    </size>
    <segmented>0</segmented>
    <object>
        <name>player</name>
        <pose>Unspecified</pose>
        <truncated>0</truncated>
        <difficult>0</difficult>
        <bndbox>
            <xmin>92.18867187500048</xmin>
            <ymin>327.1848958333333</ymin>
            <xmax>151.12755248125782</xmax>
            <ymax>426.78831954657045</ymax>
        </bndbox>
    </object>    <object>
        <name>keeper</name>
        <pose>Unspecified</pose>
        <truncated>0</truncated>
        <difficult>0</difficult>
        <bndbox>
            <xmin>275.330078125</xmin>
            <ymin>279.2965494791667</ymin>
            <xmax>332.26503906250036</xmax>
            <ymax>399.2807291666674</ymax>
        </bndbox>
    </object>    <object>
        <name>player</name>
        <pose>Unspecified</pose>
        <truncated>0</truncated>
        <difficult>0</difficult>
        <bndbox>
            <xmin>478.45234375000047</xmin>
            <ymin>226.98600260416666</ymin>
            <xmax>534.7984828724584</xmax>
            <ymax>330.17666207107806</ymax>
        </bndbox>
    </object>    <object>
        <name>player</name>
        <pose>Unspecified</pose>
        <truncated>0</truncated>
        <difficult>0</difficult>
        <bndbox>
            <xmin>579.3333333333334</xmin>
            <ymin>406.1575520833333</ymin>
            <xmax>662.9646479288737</xmax>
            <ymax>548.4000000000015</ymax>
        </bndbox>
    </object>    <object>
        <name>player</name>
        <pose>Unspecified</pose>
        <truncated>0</truncated>
        <difficult>0</difficult>
        <bndbox>
            <xmin>205.2236328125</xmin>
            <ymin>272.7926432291667</ymin>
            <xmax>267.9698206583659</xmax>
            <ymax>369.9332692464189</ymax>
        </bndbox>
    </object>    <object>
        <name>player</name>
        <pose>Unspecified</pose>
        <truncated>0</truncated>
        <difficult>0</difficult>
        <bndbox>
            <xmin>431.30000000000047</xmin>
            <ymin>318.541015625</ymin>
            <xmax>502.73755645751953</xmax>
            <ymax>430.76666666666705</ymax>
        </bndbox>
    </object>    <object>
        <name>player</name>
        <pose>Unspecified</pose>
        <truncated>0</truncated>
        <difficult>0</difficult>
        <bndbox>
            <xmin>283.6139973958343</xmin>
            <ymin>225.5817708333343</ymin>
            <xmax>348.0302734375</xmax>
            <ymax>315.3268229166667</ymax>
        </bndbox>
    </object>
</annotation>
