<annotation>
    <folder></folder>
    <filename>frame_000126</filename>
    <path></path>
    <source>
        <database>Unknown</database>
    </source>
    <size>
        <width>1280</width>
        <height>720</height>
        <depth>3</depth>
    </size>
    <segmented>0</segmented>
    <object>
        <name>ref</name>
        <pose>Unspecified</pose>
        <truncated>0</truncated>
        <difficult>0</difficult>
        <bndbox>
            <xmin>33.8115234375</xmin>
            <ymin>399.5546875</ymin>
            <xmax>87.35390625000036</xmax>
            <ymax>507.8000000000011</ymax>
        </bndbox>
    </object>    <object>
        <name>player</name>
        <pose>Unspecified</pose>
        <truncated>0</truncated>
        <difficult>0</difficult>
        <bndbox>
            <xmin>112.00757472826112</xmin>
            <ymin>415.90378736413044</ymin>
            <xmax>176.15652226987123</xmax>
            <ymax>530.3000684655237</ymax>
        </bndbox>
    </object>    <object>
        <name>keeper</name>
        <pose>Unspecified</pose>
        <truncated>0</truncated>
        <difficult>0</difficult>
        <bndbox>
            <xmin>544.8994140625</xmin>
            <ymin>277.4208984375</ymin>
            <xmax>637.1123046875</xmax>
            <ymax>364.1179687500007</ymax>
        </bndbox>
    </object>    <object>
        <name>player</name>
        <pose>Unspecified</pose>
        <truncated>0</truncated>
        <difficult>0</difficult>
        <bndbox>
            <xmin>758.142578125</xmin>
            <ymin>280.173828125</ymin>
            <xmax>821.2010602678581</xmax>
            <ymax>383.64698660714384</ymax>
        </bndbox>
    </object>    <object>
        <name>player</name>
        <pose>Unspecified</pose>
        <truncated>0</truncated>
        <difficult>0</difficult>
        <bndbox>
            <xmin>880.12109375</xmin>
            <ymin>369.3685825892857</ymin>
            <xmax>949.7521506173273</xmax>
            <ymax>491.8571428571434</ymax>
        </bndbox>
    </object>    <object>
        <name>player</name>
        <pose>Unspecified</pose>
        <truncated>0</truncated>
        <difficult>0</difficult>
        <bndbox>
            <xmin>129.65934952445653</xmin>
            <ymin>459.57583220108694</ymin>
            <xmax>205.09301970108714</xmax>
            <ymax>553.8945567255438</ymax>
        </bndbox>
    </object>    <object>
        <name>player</name>
        <pose>Unspecified</pose>
        <truncated>0</truncated>
        <difficult>0</difficult>
        <bndbox>
            <xmin>451.92494419642856</xmin>
            <ymin>319.49190848214283</ymin>
            <xmax>543.4571428571429</xmax>
            <ymax>424.1428571428579</ymax>
        </bndbox>
    </object>    <object>
        <name>player</name>
        <pose>Unspecified</pose>
        <truncated>0</truncated>
        <difficult>0</difficult>
        <bndbox>
            <xmin>510.6616908482143</xmin>
            <ymin>392.12109375</ymin>
            <xmax>573.3285714285729</xmax>
            <ymax>521.3714285714299</ymax>
        </bndbox>
    </object>    <object>
        <name>player</name>
        <pose>Unspecified</pose>
        <truncated>0</truncated>
        <difficult>0</difficult>
        <bndbox>
            <xmin>384.0055803571439</xmin>
            <ymin>295.47022879464305</ymin>
            <xmax>457.25217742919943</xmax>
            <ymax>413.11216517857144</ymax>
        </bndbox>
    </object>
</annotation>
