<annotation>
    <folder></folder>
    <filename>frame_000463</filename>
    <path></path>
    <source>
        <database>Unknown</database>
    </source>
    <size>
        <width>1280</width>
        <height>720</height>
        <depth>3</depth>
    </size>
    <segmented>0</segmented>
    <object>
        <name>player</name>
        <pose>Unspecified</pose>
        <truncated>0</truncated>
        <difficult>0</difficult>
        <bndbox>
            <xmin>696.6781099759615</xmin>
            <ymin>264.91556490384613</ymin>
            <xmax>749.0905448717959</xmax>
            <ymax>376.63370726495765</ymax>
        </bndbox>
    </object>    <object>
        <name>player</name>
        <pose>Unspecified</pose>
        <truncated>0</truncated>
        <difficult>0</difficult>
        <bndbox>
            <xmin>227.6507211538466</xmin>
            <ymin>216.99045973557693</ymin>
            <xmax>282.0968768780054</xmax>
            <ymax>308.6384615384622</ymax>
        </bndbox>
    </object>    <object>
        <name>player</name>
        <pose>Unspecified</pose>
        <truncated>0</truncated>
        <difficult>0</difficult>
        <bndbox>
            <xmin>1091.0567853009259</xmin>
            <ymin>386.09526909722223</ymin>
            <xmax>1153.577777777779</xmax>
            <ymax>523.0111111111121</ymax>
        </bndbox>
    </object>    <object>
        <name>player</name>
        <pose>Unspecified</pose>
        <truncated>0</truncated>
        <difficult>0</difficult>
        <bndbox>
            <xmin>961.0874399038462</xmin>
            <ymin>263.25353064903845</ymin>
            <xmax>1010.5485220797735</xmax>
            <ymax>361.4629852207987</ymax>
        </bndbox>
    </object>    <object>
        <name>player</name>
        <pose>Unspecified</pose>
        <truncated>0</truncated>
        <difficult>0</difficult>
        <bndbox>
            <xmin>158.10509314903845</xmin>
            <ymin>280.5830829326923</ymin>
            <xmax>212.59377248389137</xmax>
            <ymax>403.5965811965815</ymax>
        </bndbox>
    </object>    <object>
        <name>player</name>
        <pose>Unspecified</pose>
        <truncated>0</truncated>
        <difficult>0</difficult>
        <bndbox>
            <xmin>121.36296296296308</xmin>
            <ymin>530.8731553819445</ymin>
            <xmax>205.07933722601996</xmax>
            <ymax>663.7148148148149</ymax>
        </bndbox>
    </object>    <object>
        <name>ref</name>
        <pose>Unspecified</pose>
        <truncated>0</truncated>
        <difficult>0</difficult>
        <bndbox>
            <xmin>1141.13671875</xmin>
            <ymin>196.892578125</ymin>
            <xmax>1190.8791087962973</xmax>
            <ymax>296.8071180555565</ymax>
        </bndbox>
    </object>    <object>
        <name>player</name>
        <pose>Unspecified</pose>
        <truncated>0</truncated>
        <difficult>0</difficult>
        <bndbox>
            <xmin>483.8397497106484</xmin>
            <ymin>226.94704861111111</ymin>
            <xmax>533.3216194717962</xmax>
            <ymax>321.64887876157553</ymax>
        </bndbox>
    </object>    <object>
        <name>player</name>
        <pose>Unspecified</pose>
        <truncated>0</truncated>
        <difficult>0</difficult>
        <bndbox>
            <xmin>286.3592592592605</xmin>
            <ymin>372.65393518518516</ymin>
            <xmax>358.74716808177806</xmax>
            <ymax>499.10000000000036</ymax>
        </bndbox>
    </object>
</annotation>
