<annotation>
    <folder></folder>
    <filename>frame_000228</filename>
    <path></path>
    <source>
        <database>Unknown</database>
    </source>
    <size>
        <width>1280</width>
        <height>720</height>
        <depth>3</depth>
    </size>
    <segmented>0</segmented>
    <object>
        <name>player</name>
        <pose>Unspecified</pose>
        <truncated>0</truncated>
        <difficult>0</difficult>
        <bndbox>
            <xmin>45.9990234375</xmin>
            <ymin>297.33642578125</ymin>
            <xmax>112.46210937500109</xmax>
            <ymax>423.6999023437511</ymax>
        </bndbox>
    </object>    <object>
        <name>keeper</name>
        <pose>Unspecified</pose>
        <truncated>0</truncated>
        <difficult>0</difficult>
        <bndbox>
            <xmin>449.75341796875</xmin>
            <ymin>275.96728515625</ymin>
            <xmax>547.3746101379402</xmax>
            <ymax>379.8500000000013</ymax>
        </bndbox>
    </object>    <object>
        <name>player</name>
        <pose>Unspecified</pose>
        <truncated>0</truncated>
        <difficult>0</difficult>
        <bndbox>
            <xmin>969.12060546875</xmin>
            <ymin>249.7275390625</ymin>
            <xmax>1044.5500000000002</xmax>
            <ymax>347.7000000000007</ymax>
        </bndbox>
    </object>    <object>
        <name>player</name>
        <pose>Unspecified</pose>
        <truncated>0</truncated>
        <difficult>0</difficult>
        <bndbox>
            <xmin>1087.48388671875</xmin>
            <ymin>586.5458984375</ymin>
            <xmax>1197.2937499999998</xmax>
            <ymax>720.0</ymax>
        </bndbox>
    </object>    <object>
        <name>player</name>
        <pose>Unspecified</pose>
        <truncated>0</truncated>
        <difficult>0</difficult>
        <bndbox>
            <xmin>347.10000000000036</xmin>
            <ymin>437.66748046875</ymin>
            <xmax>452.520809173584</xmax>
            <ymax>574.6500000000005</ymax>
        </bndbox>
    </object>    <object>
        <name>player</name>
        <pose>Unspecified</pose>
        <truncated>0</truncated>
        <difficult>0</difficult>
        <bndbox>
            <xmin>117.30000000000109</xmin>
            <ymin>290.421875</ymin>
            <xmax>214.03115844726562</xmax>
            <ymax>404.5500000000002</ymax>
        </bndbox>
    </object>    <object>
        <name>player</name>
        <pose>Unspecified</pose>
        <truncated>0</truncated>
        <difficult>0</difficult>
        <bndbox>
            <xmin>536.51806640625</xmin>
            <ymin>335.36083984375</ymin>
            <xmax>616.3500000000013</xmax>
            <ymax>476.15000000000055</ymax>
        </bndbox>
    </object>    <object>
        <name>player</name>
        <pose>Unspecified</pose>
        <truncated>0</truncated>
        <difficult>0</difficult>
        <bndbox>
            <xmin>322.35000000000036</xmin>
            <ymin>258.2861328125</ymin>
            <xmax>392.88769340515137</xmax>
            <ymax>368.0</ymax>
        </bndbox>
    </object>
</annotation>
