<annotation>
    <folder></folder>
    <filename>frame_000304</filename>
    <path></path>
    <source>
        <database>Unknown</database>
    </source>
    <size>
        <width>1280</width>
        <height>720</height>
        <depth>3</depth>
    </size>
    <segmented>0</segmented>
    <object>
        <name>player</name>
        <pose>Unspecified</pose>
        <truncated>0</truncated>
        <difficult>0</difficult>
        <bndbox>
            <xmin>69.90597656250102</xmin>
            <ymin>335.56845703125</ymin>
            <xmax>127.84816635131793</xmax>
            <ymax>436.18525390625143</ymax>
        </bndbox>
    </object>    <object>
        <name>keeper</name>
        <pose>Unspecified</pose>
        <truncated>0</truncated>
        <difficult>0</difficult>
        <bndbox>
            <xmin>197.55966796875</xmin>
            <ymin>276.396484375</ymin>
            <xmax>252.55189453125058</xmax>
            <ymax>396.3717578125006</ymax>
        </bndbox>
    </object>    <object>
        <name>player</name>
        <pose>Unspecified</pose>
        <truncated>0</truncated>
        <difficult>0</difficult>
        <bndbox>
            <xmin>351.73000000000104</xmin>
            <ymin>223.596875</ymin>
            <xmax>410.85675659179685</xmax>
            <ymax>328.66000000000093</ymax>
        </bndbox>
    </object>    <object>
        <name>player</name>
        <pose>Unspecified</pose>
        <truncated>0</truncated>
        <difficult>0</difficult>
        <bndbox>
            <xmin>578.0</xmin>
            <ymin>396.4357421875</ymin>
            <xmax>658.0381942749024</xmax>
            <ymax>538.730000000001</ymax>
        </bndbox>
    </object>    <object>
        <name>player</name>
        <pose>Unspecified</pose>
        <truncated>0</truncated>
        <difficult>0</difficult>
        <bndbox>
            <xmin>193.46201171875</xmin>
            <ymin>273.6208984375</ymin>
            <xmax>247.86240234375</xmax>
            <ymax>370.1209014892567</ymax>
        </bndbox>
    </object>    <object>
        <name>player</name>
        <pose>Unspecified</pose>
        <truncated>0</truncated>
        <difficult>0</difficult>
        <bndbox>
            <xmin>403.60000000000144</xmin>
            <ymin>317.04775390625</ymin>
            <xmax>469.91173629760743</xmax>
            <ymax>423.6800000000012</ymax>
        </bndbox>
    </object>    <object>
        <name>player</name>
        <pose>Unspecified</pose>
        <truncated>0</truncated>
        <difficult>0</difficult>
        <bndbox>
            <xmin>239.37099609375</xmin>
            <ymin>219.7326171875</ymin>
            <xmax>307.1696679687502</xmax>
            <ymax>313.2556640625</ymax>
        </bndbox>
    </object>
</annotation>
