<annotation>
    <folder></folder>
    <filename>frame_000449</filename>
    <path></path>
    <source>
        <database>Unknown</database>
    </source>
    <size>
        <width>1280</width>
        <height>720</height>
        <depth>3</depth>
    </size>
    <segmented>0</segmented>
    <object>
        <name>player</name>
        <pose>Unspecified</pose>
        <truncated>0</truncated>
        <difficult>0</difficult>
        <bndbox>
            <xmin>731.5039813701923</xmin>
            <ymin>287.525390625</ymin>
            <xmax>786.8769230769235</xmax>
            <ymax>406.36153846153877</ymax>
        </bndbox>
    </object>    <object>
        <name>player</name>
        <pose>Unspecified</pose>
        <truncated>0</truncated>
        <difficult>0</difficult>
        <bndbox>
            <xmin>295.6807391826923</xmin>
            <ymin>207.41639122596155</ymin>
            <xmax>355.376923076924</xmax>
            <ymax>304.3153846153852</ymax>
        </bndbox>
    </object>    <object>
        <name>player</name>
        <pose>Unspecified</pose>
        <truncated>0</truncated>
        <difficult>0</difficult>
        <bndbox>
            <xmin>1110.6146334134614</xmin>
            <ymin>397.8484074519231</ymin>
            <xmax>1178.0285757211545</xmax>
            <ymax>542.1792968750008</ymax>
        </bndbox>
    </object>    <object>
        <name>player</name>
        <pose>Unspecified</pose>
        <truncated>0</truncated>
        <difficult>0</difficult>
        <bndbox>
            <xmin>995.0653545673077</xmin>
            <ymin>269.2521784855769</ymin>
            <xmax>1049.9457031250008</xmax>
            <ymax>375.1534555288471</ymax>
        </bndbox>
    </object>    <object>
        <name>player</name>
        <pose>Unspecified</pose>
        <truncated>0</truncated>
        <difficult>0</difficult>
        <bndbox>
            <xmin>124.63799579326923</xmin>
            <ymin>292.62244591346155</ymin>
            <xmax>186.76153846153886</xmax>
            <ymax>415.9307692307694</ymax>
        </bndbox>
    </object>    <object>
        <name>player</name>
        <pose>Unspecified</pose>
        <truncated>0</truncated>
        <difficult>0</difficult>
        <bndbox>
            <xmin>50.2923076923082</xmin>
            <ymin>522.5742938701923</ymin>
            <xmax>135.81817744328424</xmax>
            <ymax>640.6538461538462</ymax>
        </bndbox>
    </object>    <object>
        <name>ref</name>
        <pose>Unspecified</pose>
        <truncated>0</truncated>
        <difficult>0</difficult>
        <bndbox>
            <xmin>1220.880989583334</xmin>
            <ymin>205.14388020833334</ymin>
            <xmax>1261.4333333333336</xmax>
            <ymax>309.3426625569664</ymax>
        </bndbox>
    </object>    <object>
        <name>player</name>
        <pose>Unspecified</pose>
        <truncated>0</truncated>
        <difficult>0</difficult>
        <bndbox>
            <xmin>477.90329026442373</xmin>
            <ymin>234.39167668269232</ymin>
            <xmax>531.1796627924984</xmax>
            <ymax>325.2867938701938</ymax>
        </bndbox>
    </object>    <object>
        <name>player</name>
        <pose>Unspecified</pose>
        <truncated>0</truncated>
        <difficult>0</difficult>
        <bndbox>
            <xmin>238.59230769230913</xmin>
            <ymin>370.75</ymin>
            <xmax>328.3878432053786</xmax>
            <ymax>497.6230769230778</ymax>
        </bndbox>
    </object>
</annotation>
