<annotation>
    <folder></folder>
    <filename>frame_000093</filename>
    <path></path>
    <source>
        <database>Unknown</database>
    </source>
    <size>
        <width>1280</width>
        <height>720</height>
        <depth>3</depth>
    </size>
    <segmented>0</segmented>
    <object>
        <name>player</name>
        <pose>Unspecified</pose>
        <truncated>0</truncated>
        <difficult>0</difficult>
        <bndbox>
            <xmin>77.20974392361111</xmin>
            <ymin>445.2366536458333</ymin>
            <xmax>152.11516927083338</xmax>
            <ymax>553.3043836805568</ymax>
        </bndbox>
    </object>    <object>
        <name>player</name>
        <pose>Unspecified</pose>
        <truncated>0</truncated>
        <difficult>0</difficult>
        <bndbox>
            <xmin>1092.227690972223</xmin>
            <ymin>638.6040581597222</ymin>
            <xmax>1189.1079006618925</xmax>
            <ymax>720.0</ymax>
        </bndbox>
    </object>    <object>
        <name>player</name>
        <pose>Unspecified</pose>
        <truncated>0</truncated>
        <difficult>0</difficult>
        <bndbox>
            <xmin>1018.5536458333333</xmin>
            <ymin>424.0556640625</ymin>
            <xmax>1117.1136037190752</xmax>
            <ymax>554.6390625000004</ymax>
        </bndbox>
    </object>    <object>
        <name>keeper</name>
        <pose>Unspecified</pose>
        <truncated>0</truncated>
        <difficult>0</difficult>
        <bndbox>
            <xmin>470.56499565972223</xmin>
            <ymin>274.1222873263889</ymin>
            <xmax>567.4006944444445</xmax>
            <ymax>360.57118055555696</ymax>
        </bndbox>
    </object>    <object>
        <name>player</name>
        <pose>Unspecified</pose>
        <truncated>0</truncated>
        <difficult>0</difficult>
        <bndbox>
            <xmin>558.7060546875</xmin>
            <ymin>271.26649305555554</ymin>
            <xmax>604.7421875</xmax>
            <ymax>376.24774305555627</ymax>
        </bndbox>
    </object>    <object>
        <name>player</name>
        <pose>Unspecified</pose>
        <truncated>0</truncated>
        <difficult>0</difficult>
        <bndbox>
            <xmin>646.6042100694451</xmin>
            <ymin>344.8053385416667</ymin>
            <xmax>725.9576375325521</xmax>
            <ymax>456.9555555555556</ymax>
        </bndbox>
    </object>    <object>
        <name>player</name>
        <pose>Unspecified</pose>
        <truncated>0</truncated>
        <difficult>0</difficult>
        <bndbox>
            <xmin>176.734375</xmin>
            <ymin>472.4739583333333</ymin>
            <xmax>259.5666666666667</xmax>
            <ymax>581.2888888888889</ymax>
        </bndbox>
    </object>    <object>
        <name>player</name>
        <pose>Unspecified</pose>
        <truncated>0</truncated>
        <difficult>0</difficult>
        <bndbox>
            <xmin>370.6511501736111</xmin>
            <ymin>274.4777560763889</ymin>
            <xmax>442.35173611111145</xmax>
            <ymax>384.81545138888964</ymax>
        </bndbox>
    </object>    <object>
        <name>player</name>
        <pose>Unspecified</pose>
        <truncated>0</truncated>
        <difficult>0</difficult>
        <bndbox>
            <xmin>346.00575086805554</xmin>
            <ymin>375.34364149305554</ymin>
            <xmax>429.6311631944453</xmax>
            <ymax>490.8429256863067</ymax>
        </bndbox>
    </object>    <object>
        <name>player</name>
        <pose>Unspecified</pose>
        <truncated>0</truncated>
        <difficult>0</difficult>
        <bndbox>
            <xmin>261.5501302083333</xmin>
            <ymin>278.0485026041667</ymin>
            <xmax>331.13177083333477</xmax>
            <ymax>394.7604166666667</ymax>
        </bndbox>
    </object>
</annotation>
