<annotation>
    <folder></folder>
    <filename>frame_000420</filename>
    <path></path>
    <source>
        <database>Unknown</database>
    </source>
    <size>
        <width>1280</width>
        <height>720</height>
        <depth>3</depth>
    </size>
    <segmented>0</segmented>
    <object>
        <name>player</name>
        <pose>Unspecified</pose>
        <truncated>0</truncated>
        <difficult>0</difficult>
        <bndbox>
            <xmin>838.6748046875</xmin>
            <ymin>338.6554361979167</ymin>
            <xmax>903.7969969096936</xmax>
            <ymax>467.7877758360749</ymax>
        </bndbox>
    </object>    <object>
        <name>player</name>
        <pose>Unspecified</pose>
        <truncated>0</truncated>
        <difficult>0</difficult>
        <bndbox>
            <xmin>525.3992513020843</xmin>
            <ymin>216.81412760416728</ymin>
            <xmax>570.1611008961996</xmax>
            <ymax>306.5267565409343</ymax>
        </bndbox>
    </object>    <object>
        <name>player</name>
        <pose>Unspecified</pose>
        <truncated>0</truncated>
        <difficult>0</difficult>
        <bndbox>
            <xmin>1218.0330403645833</xmin>
            <ymin>442.0773111979167</ymin>
            <xmax>1280.0</xmax>
            <ymax>594.451478549891</ymax>
        </bndbox>
    </object>    <object>
        <name>player</name>
        <pose>Unspecified</pose>
        <truncated>0</truncated>
        <difficult>0</difficult>
        <bndbox>
            <xmin>1133.6087239583333</xmin>
            <ymin>280.1287434895833</ymin>
            <xmax>1192.2794373629386</xmax>
            <ymax>392.9230383086636</ymax>
        </bndbox>
    </object>    <object>
        <name>player</name>
        <pose>Unspecified</pose>
        <truncated>0</truncated>
        <difficult>0</difficult>
        <bndbox>
            <xmin>107.33333333333424</xmin>
            <ymin>308.8605143229167</ymin>
            <xmax>177.5799306233724</xmax>
            <ymax>426.03333333333376</ymax>
        </bndbox>
    </object>    <object>
        <name>player</name>
        <pose>Unspecified</pose>
        <truncated>0</truncated>
        <difficult>0</difficult>
        <bndbox>
            <xmin>0.0</xmin>
            <ymin>503.5439453125</ymin>
            <xmax>50.35</xmax>
            <ymax>599.1600000000008</ymax>
        </bndbox>
    </object>    <object>
        <name>player</name>
        <pose>Unspecified</pose>
        <truncated>0</truncated>
        <difficult>0</difficult>
        <bndbox>
            <xmin>497.8894736842109</xmin>
            <ymin>264.82041529605266</ymin>
            <xmax>569.6782198454205</xmax>
            <ymax>349.7421052631588</ymax>
        </bndbox>
    </object>    <object>
        <name>player</name>
        <pose>Unspecified</pose>
        <truncated>0</truncated>
        <difficult>0</difficult>
        <bndbox>
            <xmin>233.20000000000104</xmin>
            <ymin>389.64208984375</ymin>
            <xmax>315.87342834472656</xmax>
            <ymax>506.5727744654608</ymax>
        </bndbox>
    </object>
</annotation>
