<annotation>
    <folder></folder>
    <filename>frame_000072</filename>
    <path></path>
    <source>
        <database>Unknown</database>
    </source>
    <size>
        <width>1280</width>
        <height>720</height>
        <depth>3</depth>
    </size>
    <segmented>0</segmented>
    <object>
        <name>player</name>
        <pose>Unspecified</pose>
        <truncated>0</truncated>
        <difficult>0</difficult>
        <bndbox>
            <xmin>80.97133091517857</xmin>
            <ymin>457.1318359375</ymin>
            <xmax>155.84672154017895</xmax>
            <ymax>555.6742187500004</ymax>
        </bndbox>
    </object>    <object>
        <name>player</name>
        <pose>Unspecified</pose>
        <truncated>0</truncated>
        <difficult>0</difficult>
        <bndbox>
            <xmin>979.4419157608695</xmin>
            <ymin>615.7624830163044</ymin>
            <xmax>1062.982540760871</xmax>
            <ymax>720.0</ymax>
        </bndbox>
    </object>    <object>
        <name>player</name>
        <pose>Unspecified</pose>
        <truncated>0</truncated>
        <difficult>0</difficult>
        <bndbox>
            <xmin>916.9601981026786</xmin>
            <ymin>382.44705636160717</ymin>
            <xmax>1008.8514756481089</xmax>
            <ymax>503.3720818371517</ymax>
        </bndbox>
    </object>    <object>
        <name>keeper</name>
        <pose>Unspecified</pose>
        <truncated>0</truncated>
        <difficult>0</difficult>
        <bndbox>
            <xmin>470.5971042798913</xmin>
            <ymin>270.4017917798913</ymin>
            <xmax>552.3956521739137</xmax>
            <ymax>351.37391304347915</ymax>
        </bndbox>
    </object>    <object>
        <name>player</name>
        <pose>Unspecified</pose>
        <truncated>0</truncated>
        <difficult>0</difficult>
        <bndbox>
            <xmin>467.3539341517857</xmin>
            <ymin>277.66685267857144</ymin>
            <xmax>514.7785714285725</xmax>
            <ymax>378.0357142857147</ymax>
        </bndbox>
    </object>    <object>
        <name>player</name>
        <pose>Unspecified</pose>
        <truncated>0</truncated>
        <difficult>0</difficult>
        <bndbox>
            <xmin>567.8169921875007</xmin>
            <ymin>325.25411551339283</ymin>
            <xmax>643.9467098781041</xmax>
            <ymax>427.1428571428582</ymax>
        </bndbox>
    </object>    <object>
        <name>player</name>
        <pose>Unspecified</pose>
        <truncated>0</truncated>
        <difficult>0</difficult>
        <bndbox>
            <xmin>271.9198521205357</xmin>
            <ymin>451.7559291294643</ymin>
            <xmax>384.52162388392964</xmax>
            <ymax>587.4405412946433</ymax>
        </bndbox>
    </object>    <object>
        <name>player</name>
        <pose>Unspecified</pose>
        <truncated>0</truncated>
        <difficult>0</difficult>
        <bndbox>
            <xmin>316.02280970982144</xmin>
            <ymin>262.19224330357144</ymin>
            <xmax>398.8428571428585</xmax>
            <ymax>368.3785714285722</ymax>
        </bndbox>
    </object>    <object>
        <name>player</name>
        <pose>Unspecified</pose>
        <truncated>0</truncated>
        <difficult>0</difficult>
        <bndbox>
            <xmin>293.49658203125</xmin>
            <ymin>355.70961216517856</ymin>
            <xmax>373.45574776785776</xmax>
            <ymax>473.8561665126269</ymax>
        </bndbox>
    </object>    <object>
        <name>player</name>
        <pose>Unspecified</pose>
        <truncated>0</truncated>
        <difficult>0</difficult>
        <bndbox>
            <xmin>239.0549847146739</xmin>
            <ymin>265.4192000679348</ymin>
            <xmax>301.98462398363176</xmax>
            <ymax>379.07673233695675</ymax>
        </bndbox>
    </object>
</annotation>
