<annotation>
    <folder></folder>
    <filename>frame_000344</filename>
    <path></path>
    <source>
        <database>Unknown</database>
    </source>
    <size>
        <width>1280</width>
        <height>720</height>
        <depth>3</depth>
    </size>
    <segmented>0</segmented>
    <object>
        <name>player</name>
        <pose>Unspecified</pose>
        <truncated>0</truncated>
        <difficult>0</difficult>
        <bndbox>
            <xmin>840.5347222222222</xmin>
            <ymin>435.94737413194446</ymin>
            <xmax>911.766016472711</xmax>
            <ymax>584.4829032512628</ymax>
        </bndbox>
    </object>    <object>
        <name>player</name>
        <pose>Unspecified</pose>
        <truncated>0</truncated>
        <difficult>0</difficult>
        <bndbox>
            <xmin>757.7013888888889</xmin>
            <ymin>229.42469618055554</ymin>
            <xmax>835.3578124999993</xmax>
            <ymax>326.80451388888895</ymax>
        </bndbox>
    </object>    <object>
        <name>player</name>
        <pose>Unspecified</pose>
        <truncated>0</truncated>
        <difficult>0</difficult>
        <bndbox>
            <xmin>1177.4332682291667</xmin>
            <ymin>514.990234375</ymin>
            <xmax>1275.1353723468214</xmax>
            <ymax>684.221164772728</ymax>
        </bndbox>
    </object>    <object>
        <name>player</name>
        <pose>Unspecified</pose>
        <truncated>0</truncated>
        <difficult>0</difficult>
        <bndbox>
            <xmin>1207.080295138889</xmin>
            <ymin>288.31401909722223</ymin>
            <xmax>1258.100000000001</xmax>
            <ymax>387.9111111111124</ymax>
        </bndbox>
    </object>    <object>
        <name>player</name>
        <pose>Unspecified</pose>
        <truncated>0</truncated>
        <difficult>0</difficult>
        <bndbox>
            <xmin>392.4638671875</xmin>
            <ymin>346.4689670138889</ymin>
            <xmax>459.0233842329544</xmax>
            <ymax>473.28888888888895</ymax>
        </bndbox>
    </object>    <object>
        <name>player</name>
        <pose>Unspecified</pose>
        <truncated>0</truncated>
        <difficult>0</difficult>
        <bndbox>
            <xmin>137.04893663194446</xmin>
            <ymin>318.88812934027777</ymin>
            <xmax>207.438020833334</xmax>
            <ymax>421.7781250000007</ymax>
        </bndbox>
    </object>
</annotation>
