<annotation>
    <folder></folder>
    <filename>frame_000248</filename>
    <path></path>
    <source>
        <database>Unknown</database>
    </source>
    <size>
        <width>1280</width>
        <height>720</height>
        <depth>3</depth>
    </size>
    <segmented>0</segmented>
    <object>
        <name>player</name>
        <pose>Unspecified</pose>
        <truncated>0</truncated>
        <difficult>0</difficult>
        <bndbox>
            <xmin>40.90598575367724</xmin>
            <ymin>302.8483455882353</ymin>
            <xmax>101.28607536764738</xmax>
            <ymax>418.60125229779493</ymax>
        </bndbox>
    </object>    <object>
        <name>keeper</name>
        <pose>Unspecified</pose>
        <truncated>0</truncated>
        <difficult>0</difficult>
        <bndbox>
            <xmin>398.86833639705884</xmin>
            <ymin>275.431640625</ymin>
            <xmax>477.44873666202375</xmax>
            <ymax>387.1235294117659</ymax>
        </bndbox>
    </object>    <object>
        <name>player</name>
        <pose>Unspecified</pose>
        <truncated>0</truncated>
        <difficult>0</difficult>
        <bndbox>
            <xmin>842.8095128676471</xmin>
            <ymin>241.9788028492647</ymin>
            <xmax>906.3588235294127</xmax>
            <ymax>328.01176470588274</ymax>
        </bndbox>
    </object>    <object>
        <name>player</name>
        <pose>Unspecified</pose>
        <truncated>0</truncated>
        <difficult>0</difficult>
        <bndbox>
            <xmin>1165.3803423713234</xmin>
            <ymin>631.1802045036765</ymin>
            <xmax>1248.9418658088234</xmax>
            <ymax>720.0</ymax>
        </bndbox>
    </object>    <object>
        <name>player</name>
        <pose>Unspecified</pose>
        <truncated>0</truncated>
        <difficult>0</difficult>
        <bndbox>
            <xmin>409.0235294117653</xmin>
            <ymin>431.3993566176471</ymin>
            <xmax>509.2499757654527</xmax>
            <ymax>581.2705882352951</ymax>
        </bndbox>
    </object>    <object>
        <name>player</name>
        <pose>Unspecified</pose>
        <truncated>0</truncated>
        <difficult>0</difficult>
        <bndbox>
            <xmin>130.31764705882446</xmin>
            <ymin>277.7590762867647</ymin>
            <xmax>205.1490644567153</xmax>
            <ymax>386.68823529411793</ymax>
        </bndbox>
    </object>    <object>
        <name>player</name>
        <pose>Unspecified</pose>
        <truncated>0</truncated>
        <difficult>0</difficult>
        <bndbox>
            <xmin>489.5840418198529</xmin>
            <ymin>325.0295840992647</ymin>
            <xmax>558.1725183823544</xmax>
            <ymax>462.05243566176506</ymax>
        </bndbox>
    </object>    <object>
        <name>player</name>
        <pose>Unspecified</pose>
        <truncated>0</truncated>
        <difficult>0</difficult>
        <bndbox>
            <xmin>293.12941176470633</xmin>
            <ymin>244.30037913602942</ymin>
            <xmax>365.7356248743394</xmax>
            <ymax>349.6352941176481</ymax>
        </bndbox>
    </object>
</annotation>
