<annotation>
    <folder></folder>
    <filename>frame_000484</filename>
    <path></path>
    <source>
        <database>Unknown</database>
    </source>
    <size>
        <width>1280</width>
        <height>720</height>
        <depth>3</depth>
    </size>
    <segmented>0</segmented>
    <object>
        <name>player</name>
        <pose>Unspecified</pose>
        <truncated>0</truncated>
        <difficult>0</difficult>
        <bndbox>
            <xmin>681.1125</xmin>
            <ymin>248.693828125</ymin>
            <xmax>741.2880000000014</xmax>
            <ymax>341.4760000000004</ymax>
        </bndbox>
    </object>    <object>
        <name>player</name>
        <pose>Unspecified</pose>
        <truncated>0</truncated>
        <difficult>0</difficult>
        <bndbox>
            <xmin>166.67551562500034</xmin>
            <ymin>224.2814453125</ymin>
            <xmax>226.4374312133789</xmax>
            <ymax>308.94218750000147</ymax>
        </bndbox>
    </object>    <object>
        <name>player</name>
        <pose>Unspecified</pose>
        <truncated>0</truncated>
        <difficult>0</difficult>
        <bndbox>
            <xmin>1079.0458984375</xmin>
            <ymin>380.254921875</ymin>
            <xmax>1140.676000000001</xmax>
            <ymax>505.26800000000077</ymax>
        </bndbox>
    </object>    <object>
        <name>player</name>
        <pose>Unspecified</pose>
        <truncated>0</truncated>
        <difficult>0</difficult>
        <bndbox>
            <xmin>939.98203125</xmin>
            <ymin>257.053203125</ymin>
            <xmax>990.3880000000004</xmax>
            <ymax>341.0440000000014</ymax>
        </bndbox>
    </object>    <object>
        <name>player</name>
        <pose>Unspecified</pose>
        <truncated>0</truncated>
        <difficult>0</difficult>
        <bndbox>
            <xmin>230.55701562500101</xmin>
            <ymin>259.1296484375</ymin>
            <xmax>267.5254538269044</xmax>
            <ymax>380.54400000000044</ymax>
        </bndbox>
    </object>    <object>
        <name>player</name>
        <pose>Unspecified</pose>
        <truncated>0</truncated>
        <difficult>0</difficult>
        <bndbox>
            <xmin>244.08823529411796</xmin>
            <ymin>529.2060546875</ymin>
            <xmax>354.79593613568477</xmax>
            <ymax>683.4823529411768</ymax>
        </bndbox>
    </object>    <object>
        <name>ref</name>
        <pose>Unspecified</pose>
        <truncated>0</truncated>
        <difficult>0</difficult>
        <bndbox>
            <xmin>1049.8710546875</xmin>
            <ymin>189.663828125</ymin>
            <xmax>1106.7760000000014</xmax>
            <ymax>282.8</ymax>
        </bndbox>
    </object>    <object>
        <name>player</name>
        <pose>Unspecified</pose>
        <truncated>0</truncated>
        <difficult>0</difficult>
        <bndbox>
            <xmin>511.1440000000007</xmin>
            <ymin>218.4001953125</ymin>
            <xmax>552.8989256286621</xmax>
            <ymax>322.40000000000146</ymax>
        </bndbox>
    </object>    <object>
        <name>player</name>
        <pose>Unspecified</pose>
        <truncated>0</truncated>
        <difficult>0</difficult>
        <bndbox>
            <xmin>360.92400000000066</xmin>
            <ymin>377.861171875</ymin>
            <xmax>429.1274722290039</xmax>
            <ymax>500.64400000000046</ymax>
        </bndbox>
    </object>
</annotation>
