<annotation>
    <folder></folder>
    <filename>frame_000258</filename>
    <path></path>
    <source>
        <database>Unknown</database>
    </source>
    <size>
        <width>1280</width>
        <height>720</height>
        <depth>3</depth>
    </size>
    <segmented>0</segmented>
    <object>
        <name>player</name>
        <pose>Unspecified</pose>
        <truncated>0</truncated>
        <difficult>0</difficult>
        <bndbox>
            <xmin>50.05000000000083</xmin>
            <ymin>310.3402622767857</ymin>
            <xmax>109.44287136622837</xmax>
            <ymax>416.30714285714345</ymax>
        </bndbox>
    </object>    <object>
        <name>keeper</name>
        <pose>Unspecified</pose>
        <truncated>0</truncated>
        <difficult>0</difficult>
        <bndbox>
            <xmin>382.3765345982143</xmin>
            <ymin>276.96170479910717</ymin>
            <xmax>447.55714285714345</xmax>
            <ymax>391.4071428571438</ymax>
        </bndbox>
    </object>    <object>
        <name>player</name>
        <pose>Unspecified</pose>
        <truncated>0</truncated>
        <difficult>0</difficult>
        <bndbox>
            <xmin>768.314453125</xmin>
            <ymin>240.0888671875</ymin>
            <xmax>827.1388671875011</xmax>
            <ymax>323.60000000000036</ymax>
        </bndbox>
    </object>    <object>
        <name>player</name>
        <pose>Unspecified</pose>
        <truncated>0</truncated>
        <difficult>0</difficult>
        <bndbox>
            <xmin>1215.9990234375</xmin>
            <ymin>648.662109375</ymin>
            <xmax>1276.12548828125</xmax>
            <ymax>720.0</ymax>
        </bndbox>
    </object>    <object>
        <name>player</name>
        <pose>Unspecified</pose>
        <truncated>0</truncated>
        <difficult>0</difficult>
        <bndbox>
            <xmin>439.4400000000014</xmin>
            <ymin>427.034765625</ymin>
            <xmax>541.7162284851074</xmax>
            <ymax>574.0600000000013</ymax>
        </bndbox>
    </object>    <object>
        <name>player</name>
        <pose>Unspecified</pose>
        <truncated>0</truncated>
        <difficult>0</difficult>
        <bndbox>
            <xmin>144.3071428571437</xmin>
            <ymin>274.5863560267857</ymin>
            <xmax>213.11395808628626</xmax>
            <ymax>381.4571428571436</ymax>
        </bndbox>
    </object>    <object>
        <name>player</name>
        <pose>Unspecified</pose>
        <truncated>0</truncated>
        <difficult>0</difficult>
        <bndbox>
            <xmin>474.171875</xmin>
            <ymin>320.21484375</ymin>
            <xmax>540.4517578125011</xmax>
            <ymax>453.4138253348222</ymax>
        </bndbox>
    </object>    <object>
        <name>player</name>
        <pose>Unspecified</pose>
        <truncated>0</truncated>
        <difficult>0</difficult>
        <bndbox>
            <xmin>288.09986049107164</xmin>
            <ymin>240.76813616071428</ymin>
            <xmax>360.97192982264926</xmax>
            <ymax>340.29285714285805</ymax>
        </bndbox>
    </object>
</annotation>
