<annotation>
    <folder></folder>
    <filename>frame_000220</filename>
    <path></path>
    <source>
        <database>Unknown</database>
    </source>
    <size>
        <width>1280</width>
        <height>720</height>
        <depth>3</depth>
    </size>
    <segmented>0</segmented>
    <object>
        <name>player</name>
        <pose>Unspecified</pose>
        <truncated>0</truncated>
        <difficult>0</difficult>
        <bndbox>
            <xmin>55.6376953125</xmin>
            <ymin>297.8720703125</ymin>
            <xmax>122.10078125000109</xmax>
            <ymax>424.2355468750011</ymax>
        </bndbox>
    </object>    <object>
        <name>keeper</name>
        <pose>Unspecified</pose>
        <truncated>0</truncated>
        <difficult>0</difficult>
        <bndbox>
            <xmin>484.0068359375</xmin>
            <ymin>276.5029296875</ymin>
            <xmax>579.5035156250015</xmax>
            <ymax>371.8000000000011</ymax>
        </bndbox>
    </object>    <object>
        <name>player</name>
        <pose>Unspecified</pose>
        <truncated>0</truncated>
        <difficult>0</difficult>
        <bndbox>
            <xmin>1013.0302734375</xmin>
            <ymin>252.9404296875</ymin>
            <xmax>1089.0</xmax>
            <ymax>356.8000000000011</ymax>
        </bndbox>
    </object>    <object>
        <name>player</name>
        <pose>Unspecified</pose>
        <truncated>0</truncated>
        <difficult>0</difficult>
        <bndbox>
            <xmin>1065.529296875</xmin>
            <ymin>564.5908203125</ymin>
            <xmax>1201.5874999999996</xmax>
            <ymax>720.0</ymax>
        </bndbox>
    </object>    <object>
        <name>player</name>
        <pose>Unspecified</pose>
        <truncated>0</truncated>
        <difficult>0</difficult>
        <bndbox>
            <xmin>339.60000000000036</xmin>
            <ymin>437.1318359375</ymin>
            <xmax>430.56641387939453</xmax>
            <ymax>574.1000000000004</ymax>
        </bndbox>
    </object>    <object>
        <name>player</name>
        <pose>Unspecified</pose>
        <truncated>0</truncated>
        <difficult>0</difficult>
        <bndbox>
            <xmin>123.20000000000073</xmin>
            <ymin>300.060546875</ymin>
            <xmax>223.66973114013672</xmax>
            <ymax>412.60000000000036</ymax>
        </bndbox>
    </object>    <object>
        <name>player</name>
        <pose>Unspecified</pose>
        <truncated>0</truncated>
        <difficult>0</difficult>
        <bndbox>
            <xmin>554.724609375</xmin>
            <ymin>339.64453125</ymin>
            <xmax>645.8000000000011</xmax>
            <ymax>484.2000000000007</ymax>
        </bndbox>
    </object>    <object>
        <name>player</name>
        <pose>Unspecified</pose>
        <truncated>0</truncated>
        <difficult>0</difficult>
        <bndbox>
            <xmin>339.5</xmin>
            <ymin>264.7119140625</ymin>
            <xmax>413.23613357543945</xmax>
            <ymax>375.0</ymax>
        </bndbox>
    </object>
</annotation>
