<annotation>
    <folder></folder>
    <filename>frame_000137</filename>
    <path></path>
    <source>
        <database>Unknown</database>
    </source>
    <size>
        <width>1280</width>
        <height>720</height>
        <depth>3</depth>
    </size>
    <segmented>0</segmented>
    <object>
        <name>ref</name>
        <pose>Unspecified</pose>
        <truncated>0</truncated>
        <difficult>0</difficult>
        <bndbox>
            <xmin>40.973958333333336</xmin>
            <ymin>399.5546875</ymin>
            <xmax>94.51634114583369</xmax>
            <ymax>507.8000000000011</ymax>
        </bndbox>
    </object>    <object>
        <name>player</name>
        <pose>Unspecified</pose>
        <truncated>0</truncated>
        <difficult>0</difficult>
        <bndbox>
            <xmin>107.89266304347922</xmin>
            <ymin>404.6123471467391</ymin>
            <xmax>177.6869585120161</xmax>
            <ymax>530.3002567457111</ymax>
        </bndbox>
    </object>    <object>
        <name>keeper</name>
        <pose>Unspecified</pose>
        <truncated>0</truncated>
        <difficult>0</difficult>
        <bndbox>
            <xmin>564.2107566550926</xmin>
            <ymin>279.47782841435185</ymin>
            <xmax>656.8616174768518</xmax>
            <ymax>366.29389467592665</ymax>
        </bndbox>
    </object>    <object>
        <name>player</name>
        <pose>Unspecified</pose>
        <truncated>0</truncated>
        <difficult>0</difficult>
        <bndbox>
            <xmin>828.5881076388889</xmin>
            <ymin>289.5914713541667</ymin>
            <xmax>888.5877170138904</xmax>
            <ymax>399.9379557291674</ymax>
        </bndbox>
    </object>    <object>
        <name>player</name>
        <pose>Unspecified</pose>
        <truncated>0</truncated>
        <difficult>0</difficult>
        <bndbox>
            <xmin>953.099609375</xmin>
            <ymin>380.50347222222223</ymin>
            <xmax>1023.8000000000011</xmax>
            <ymax>513.0222222222224</ymax>
        </bndbox>
    </object>    <object>
        <name>player</name>
        <pose>Unspecified</pose>
        <truncated>0</truncated>
        <difficult>0</difficult>
        <bndbox>
            <xmin>132.73208220108697</xmin>
            <ymin>456.50263247282606</ymin>
            <xmax>215.3444293478268</xmax>
            <ymax>551.3503396739131</ymax>
        </bndbox>
    </object>    <object>
        <name>player</name>
        <pose>Unspecified</pose>
        <truncated>0</truncated>
        <difficult>0</difficult>
        <bndbox>
            <xmin>438.71592881944446</xmin>
            <ymin>334.09364149305554</ymin>
            <xmax>536.866666666667</xmax>
            <ymax>443.81111111111125</ymax>
        </bndbox>
    </object>    <object>
        <name>player</name>
        <pose>Unspecified</pose>
        <truncated>0</truncated>
        <difficult>0</difficult>
        <bndbox>
            <xmin>559.9597439236111</xmin>
            <ymin>392.24012586805554</ymin>
            <xmax>621.6555555555569</xmax>
            <ymax>531.4222222222234</ymax>
        </bndbox>
    </object>    <object>
        <name>player</name>
        <pose>Unspecified</pose>
        <truncated>0</truncated>
        <difficult>0</difficult>
        <bndbox>
            <xmin>426.8274739583333</xmin>
            <ymin>294.4620659722229</ymin>
            <xmax>498.50794270833404</xmax>
            <ymax>414.40464409722216</ymax>
        </bndbox>
    </object>
</annotation>
