<annotation>
    <folder></folder>
    <filename>frame_000123</filename>
    <path></path>
    <source>
        <database>Unknown</database>
    </source>
    <size>
        <width>1280</width>
        <height>720</height>
        <depth>3</depth>
    </size>
    <segmented>0</segmented>
    <object>
        <name>ref</name>
        <pose>Unspecified</pose>
        <truncated>0</truncated>
        <difficult>0</difficult>
        <bndbox>
            <xmin>31.74609375</xmin>
            <ymin>399.5546875</ymin>
            <xmax>85.28847656250036</xmax>
            <ymax>507.8000000000011</ymax>
        </bndbox>
    </object>    <object>
        <name>player</name>
        <pose>Unspecified</pose>
        <truncated>0</truncated>
        <difficult>0</difficult>
        <bndbox>
            <xmin>113.12982336956529</xmin>
            <ymin>418.9832710597826</ymin>
            <xmax>175.73913056746807</xmax>
            <ymax>530.3000171163818</ymax>
        </bndbox>
    </object>    <object>
        <name>keeper</name>
        <pose>Unspecified</pose>
        <truncated>0</truncated>
        <difficult>0</difficult>
        <bndbox>
            <xmin>539.3916015625</xmin>
            <ymin>276.732421875</ymin>
            <xmax>631.6044921875</xmax>
            <ymax>363.4294921875007</ymax>
        </bndbox>
    </object>    <object>
        <name>player</name>
        <pose>Unspecified</pose>
        <truncated>0</truncated>
        <difficult>0</difficult>
        <bndbox>
            <xmin>738.865234375</xmin>
            <ymin>277.419921875</ymin>
            <xmax>802.841378348215</xmax>
            <ymax>378.8310825892868</ymax>
        </bndbox>
    </object>    <object>
        <name>player</name>
        <pose>Unspecified</pose>
        <truncated>0</truncated>
        <difficult>0</difficult>
        <bndbox>
            <xmin>860.1552734375</xmin>
            <ymin>366.38511439732144</ymin>
            <xmax>929.7877958025252</xmax>
            <ymax>486.1142857142864</ymax>
        </bndbox>
    </object>    <object>
        <name>player</name>
        <pose>Unspecified</pose>
        <truncated>0</truncated>
        <difficult>0</difficult>
        <bndbox>
            <xmin>128.82133152173913</xmin>
            <ymin>460.41397758152175</ymin>
            <xmax>202.2971807065218</xmax>
            <ymax>554.5884341032612</ymax>
        </bndbox>
    </object>    <object>
        <name>player</name>
        <pose>Unspecified</pose>
        <truncated>0</truncated>
        <difficult>0</difficult>
        <bndbox>
            <xmin>455.13797433035717</xmin>
            <ymin>315.3612583705357</ymin>
            <xmax>544.6142857142858</xmax>
            <ymax>418.6357142857153</ymax>
        </bndbox>
    </object>    <object>
        <name>player</name>
        <pose>Unspecified</pose>
        <truncated>0</truncated>
        <difficult>0</difficult>
        <bndbox>
            <xmin>497.12172154017856</xmin>
            <ymin>392.12109375</ymin>
            <xmax>560.2571428571443</xmax>
            <ymax>518.3928571428586</ymax>
        </bndbox>
    </object>    <object>
        <name>player</name>
        <pose>Unspecified</pose>
        <truncated>0</truncated>
        <difficult>0</difficult>
        <bndbox>
            <xmin>372.30139508928704</xmin>
            <ymin>295.7012974330358</ymin>
            <xmax>446.01783065795905</xmax>
            <ymax>412.65304129464283</ymax>
        </bndbox>
    </object>
</annotation>
