<annotation>
    <folder></folder>
    <filename>frame_000027</filename>
    <path></path>
    <source>
        <database>Unknown</database>
    </source>
    <size>
        <width>1280</width>
        <height>720</height>
        <depth>3</depth>
    </size>
    <segmented>0</segmented>
    <object>
        <name>player</name>
        <pose>Unspecified</pose>
        <truncated>0</truncated>
        <difficult>0</difficult>
        <bndbox>
            <xmin>144.5015044341216</xmin>
            <ymin>476.10412267736484</ymin>
            <xmax>235.7287287531683</xmax>
            <ymax>583.8712044380812</ymax>
        </bndbox>
    </object>    <object>
        <name>player</name>
        <pose>Unspecified</pose>
        <truncated>0</truncated>
        <difficult>0</difficult>
        <bndbox>
            <xmin>808.9322150735294</xmin>
            <ymin>620.5309627757352</ymin>
            <xmax>917.2191470875463</xmax>
            <ymax>720.0</ymax>
        </bndbox>
    </object>    <object>
        <name>player</name>
        <pose>Unspecified</pose>
        <truncated>0</truncated>
        <difficult>0</difficult>
        <bndbox>
            <xmin>904.8882352941183</xmin>
            <ymin>319.59202665441177</ymin>
            <xmax>991.4974154304056</xmax>
            <ymax>430.5823529411768</ymax>
        </bndbox>
    </object>    <object>
        <name>keeper</name>
        <pose>Unspecified</pose>
        <truncated>0</truncated>
        <difficult>0</difficult>
        <bndbox>
            <xmin>526.0102251838235</xmin>
            <ymin>272.8479434742647</ymin>
            <xmax>630.3979608872357</xmax>
            <ymax>366.1443572998048</ymax>
        </bndbox>
    </object>    <object>
        <name>player</name>
        <pose>Unspecified</pose>
        <truncated>0</truncated>
        <difficult>0</difficult>
        <bndbox>
            <xmin>396.53624770220654</xmin>
            <ymin>304.15866268382354</ymin>
            <xmax>475.8458365047684</xmax>
            <ymax>431.24705882352976</ymax>
        </bndbox>
    </object>    <object>
        <name>ref</name>
        <pose>Unspecified</pose>
        <truncated>0</truncated>
        <difficult>0</difficult>
        <bndbox>
            <xmin>5.657743566176471</xmin>
            <ymin>425.61735983455884</ymin>
            <xmax>49.390152067297095</xmax>
            <ymax>526.0824961942785</ymax>
        </bndbox>
    </object>    <object>
        <name>player</name>
        <pose>Unspecified</pose>
        <truncated>0</truncated>
        <difficult>0</difficult>
        <bndbox>
            <xmin>457.9411764705891</xmin>
            <ymin>302.6457950367647</ymin>
            <xmax>545.6650354721967</xmax>
            <ymax>438.435294117648</ymax>
        </bndbox>
    </object>    <object>
        <name>player</name>
        <pose>Unspecified</pose>
        <truncated>0</truncated>
        <difficult>0</difficult>
        <bndbox>
            <xmin>305.1856043198538</xmin>
            <ymin>389.4424402573536</ymin>
            <xmax>410.0470031738287</xmax>
            <ymax>507.01176291073085</ymax>
        </bndbox>
    </object>    <object>
        <name>player</name>
        <pose>Unspecified</pose>
        <truncated>0</truncated>
        <difficult>0</difficult>
        <bndbox>
            <xmin>270.9326171875</xmin>
            <ymin>259.1135684742647</ymin>
            <xmax>343.4823529411773</xmax>
            <ymax>370.4770450367658</ymax>
        </bndbox>
    </object>    <object>
        <name>player</name>
        <pose>Unspecified</pose>
        <truncated>0</truncated>
        <difficult>0</difficult>
        <bndbox>
            <xmin>233.60588235294222</xmin>
            <ymin>329.8597771139706</ymin>
            <xmax>316.83985496969785</xmax>
            <ymax>463.4470588235307</ymax>
        </bndbox>
    </object>    <object>
        <name>player</name>
        <pose>Unspecified</pose>
        <truncated>0</truncated>
        <difficult>0</difficult>
        <bndbox>
            <xmin>220.04727711397143</xmin>
            <ymin>270.39051011029414</ymin>
            <xmax>280.3815924251775</xmax>
            <ymax>381.71770450367706</ymax>
        </bndbox>
    </object>
</annotation>
